{"type": "FeatureCollection", "features": [{"type": "Feature", "properties": {"route_id": "09.05.dt-post-processing-raw-data", "source_file": "data\\RMI Datasets-20260831T060855Z-1-002\\RMI Datasets\\4G onair flow\\data\\09.05.dt-post-processing-raw-data.csv", "points": 2438, "avg_rsrp": -84.39}, "geometry": {"type": "LineString", "coordinates": [[139.40209999421617, 35.62620746926686], [139.4020999967152, 35.626210009944515], [139.40210041323638, 35.626209339331396], [139.40211190320923, 35.62616767304355], [139.4022072000003, 35.626174600000084], [139.40211036797788, 35.626162788444326], [139.40211113443453, 35.62616284695325], [139.40211169884827, 35.626162652784394], [139.40210830000032, 35.62614080000008], [139.40211190288449, 35.626162393667194], [139.40215472134568, 35.62616545702908], [139.40211259494222, 35.6261627664518], [139.40211344924393, 35.62616282855058], [139.40211381841357, 35.62616271276309], [139.4021678000003, 35.626124600000075], [139.40211415970418, 35.626162460600526], [139.40215269117533, 35.62616806954337], [139.4021148541153, 35.626162217055935], [139.40211526927476, 35.62616190564634], [139.4021335000003, 35.62617360000008], [139.4021159370484, 35.62616171791039], [139.40211633229384, 35.626161931105464], [139.40216483876324, 35.62614978808308], [139.4021171547159, 35.62616223024967], [139.40220120000032, 35.62617040000008], [139.40216875459507, 35.626144506611645], [139.4021181339691, 35.62616241174242], [139.40216823526976, 35.626148591073004], [139.4021191822076, 35.62616240632329], [139.40215842006828, 35.62613346856949], [139.4021200141717, 35.62616197057873], [139.40217117890796, 35.626126072963125], [139.40216453355438, 35.62612445592433], [139.40212057002594, 35.62616178867206], [139.40212079443785, 35.62616172940071], [139.40215846133594, 35.62612338508224], [139.40215650355654, 35.62612115088483], [139.40215438540642, 35.626126595166404], [139.40212150121187, 35.62616161366043], [139.4021216313095, 35.62616163477685], [139.40212222509368, 35.62616151396495], [139.40222050000028, 35.626131900000075], [139.40212275430954, 35.6261613530015], [139.40220880000032, 35.62615490000008], [139.40212381682318, 35.62616119356129], [139.40220170000032, 35.62619620000008], [139.4021243830449, 35.62616139880872], [139.40216320000027, 35.62614170000008], [139.40212510867764, 35.62616143243761], [139.40213724851358, 35.62619555053254], [139.40212580780678, 35.62616178620559], [139.40212611695546, 35.626162009941105], [139.40212640966138, 35.626161876746266], [139.40216069618202, 35.62618012225352], [139.4021617942792, 35.62617668930233], [139.40221950000029, 35.62612800000008], [139.402127900972, 35.62616163693971], [139.40219542674615, 35.62614409264109], [139.40216060000031, 35.62618690000008], [139.40219174979143, 35.62615265472292], [139.4021948910554, 35.62615472145768], [139.40219783031932, 35.62615174357842], [139.40219801913696, 35.626135441071334], [139.40219969966952, 35.62612983668137], [139.4021936947911, 35.626131860467154], [139.40212810431686, 35.62616179633613], [139.4021928000003, 35.62616850000008], [139.40219537995398, 35.62612144258746], [139.40219350423828, 35.626112527202004], [139.4021997396927, 35.62611612649848], [139.40220104204028, 35.62611100301594], [139.40220148016132, 35.62611734572068], [139.40220409718242, 35.62611791689236], [139.40220350944801, 35.62612011280309], [139.40212895582135, 35.62616178309137], [139.40220633515057, 35.626116817144364], [139.40220159884433, 35.62611414856265], [139.40212919192666, 35.626161791046044], [139.40212958361792, 35.626161702786796], [139.40212978429358, 35.62616164829624], [139.40220373620886, 35.62607897963059], [139.40219708615, 35.62608030081354], [139.40212997863117, 35.626161563395534], [139.40219129442048, 35.62608939689831], [139.40218896733984, 35.62608403969457], [139.40218774258403, 35.62608887738747], [139.40218399494077, 35.62608958284165], [139.4022382000003, 35.626155600000075], [139.40213113405153, 35.6261612893042], [139.40217887290729, 35.62609429123568], [139.4021746050388, 35.62609695331232], [139.40213156559477, 35.6261612442903], [139.40217699834358, 35.626099051235244], [139.40213191947038, 35.626161307052485], [139.40218059840805, 35.62608045558961], [139.4021805539627, 35.62608951222081], [139.40220750000032, 35.62621110000008], [139.4021323571258, 35.626161558960064], [139.40217095071446, 35.6261212583809], [139.4021714124312, 35.6261264585922], [139.40217385714627, 35.62612336080179], [139.40222180000032, 35.62616390000008], [139.40217007420162, 35.62612638231953], [139.40221900000031, 35.62612670000008], [139.4021331925655, 35.62616163640141], [139.40214143601168, 35.626126597738256], [139.40225280000033, 35.62615290000008], [139.40213388120966, 35.62616171969919], [139.40215625522004, 35.62611077566348], [139.40213463483292, 35.62616168507881], [139.40213490379975, 35.62616167586155], [139.40213515258793, 35.626161654189694], [139.4022445000003, 35.626140100000086], [139.40213560199183, 35.62616155570285], [139.4021673122313, 35.626101590156814], [139.402135982977, 35.62616146244181], [139.40213601276656, 35.62616145304243], [139.40213602561144, 35.62616144081361], [139.4021795369341, 35.626099868636594], [139.4021365897485, 35.626161367995124], [139.40217461437908, 35.62609979218482], [139.4021367474538, 35.626161346101384], [139.402136923476, 35.62616122730506], [139.4021764532334, 35.626102275769604], [139.40213707394057, 35.6261611189476], [139.40213709149498, 35.626161107334035], [139.40225280000033, 35.62612910000008], [139.40213749824, 35.62616097467033], [139.40219249577123, 35.626100590809], [139.40218855745354, 35.62609719352947], [139.40218708540138, 35.626097102899706], [139.40218582625192, 35.6260966591264], [139.40218206629243, 35.626097012449215], [139.4021722718621, 35.626103338412605], [139.4022224000003, 35.62618160000008], [139.40216626565385, 35.626116023724975], [139.40213896043144, 35.62616093673255], [139.4021615775126, 35.62611198084016], [139.4022231000003, 35.62614860000008], [139.4021548121357, 35.62611078941657], [139.40215418411154, 35.626103985259064], [139.40213932893403, 35.62616089013983], [139.40219880000032, 35.62613960000008], [139.40213955881208, 35.62616078777149], [139.4021396582741, 35.626160751491796], [139.4021494530045, 35.62609526350104], [139.4021521196031, 35.62609619252795], [139.4021486467025, 35.62609778578695], [139.40214928807418, 35.62609090977531], [139.40214726348182, 35.62609237147138], [139.40213981901013, 35.626160757553], [139.40215966842942, 35.62609399124556], [139.40215567767802, 35.626094598874246], [139.40216176378345, 35.62609380476597], [139.40216290525603, 35.62609077445258], [139.40214062178492, 35.62616039054713], [139.40216854516103, 35.62608528291405], [139.40216853757215, 35.626079365378786], [139.40216624193624, 35.62608090755907], [139.4021651288478, 35.62608025904887], [139.4021412709333, 35.626160422441366], [139.40214139434138, 35.62616018721412], [139.4021668877022, 35.62607860555064], [139.4021689748757, 35.62607429033409], [139.4021415738077, 35.62615985630856], [139.40217207761324, 35.62607453999564], [139.4021670554054, 35.626073351064015], [139.40217119501145, 35.62606507681968], [139.4021423498211, 35.62616006764891], [139.40214237462573, 35.62616005717227], [139.40218083862084, 35.626067977215094], [139.40218114302132, 35.626071964666416], [139.40217840605476, 35.62607213331279], [139.4021796284799, 35.62607038229948], [139.4021432577269, 35.62616010275512], [139.40218371820694, 35.626075641285624], [139.40218907059528, 35.62607782737218], [139.4021436743419, 35.626160213427795], [139.4021436945118, 35.6261602176354], [139.40225290000032, 35.62621060000008], [139.40214412368385, 35.62616044049112], [139.4021443373, 35.62616054751282], [139.4021444517436, 35.62616060006021], [139.40219727073648, 35.626094685499034], [139.40214458773374, 35.626160629334045], [139.40219525916828, 35.626099307661114], [139.40219467013614, 35.62610021237666], [139.40219655390538, 35.62609473789338], [139.40217960000032, 35.626161100000076], [139.40219303750328, 35.6260941667347], [139.40219407990196, 35.626095201813094], [139.4021909578385, 35.62610140278321], [139.4022154000003, 35.62615000000008], [139.40214548562165, 35.626160458609576], [139.40218215061014, 35.62611313396102], [139.40214570002885, 35.62616042468674], [139.4021746214375, 35.626120511066425], [139.40217503329967, 35.62611400643826], [139.40217418219115, 35.626111712018044], [139.40217268607176, 35.62610893432988], [139.40216096548963, 35.62611537840881], [139.40223900000032, 35.62610250000008], [139.40214647805593, 35.62616016215458], [139.40216439529038, 35.626115024047614], [139.4021613605607, 35.626110685073385], [139.4021467394014, 35.626159951625276], [139.40223510000033, 35.62612500000009], [139.40216237029054, 35.62611320440446], [139.40214702057924, 35.62615980829855], [139.40214701716454, 35.626159798820865], [139.40222800000032, 35.626152600000076], [139.40214741450305, 35.6261597644539], [139.40215226414185, 35.626143489121034], [139.4021484303608, 35.62614783694586], [139.40214667732468, 35.62614920083652], [139.40214655190442, 35.62615043946532], [139.4021471939246, 35.62615131130317], [139.4022157000003, 35.62614180000008], [139.40214750048878, 35.62615103342193], [139.40214752330186, 35.62615083865401], [139.40214771279247, 35.62614988169643], [139.4021485289747, 35.62614895021216], [139.40214900731516, 35.62614832760725], [139.40214903913306, 35.62614834867085], [139.40221930000033, 35.62610720000008], [139.4021509672219, 35.62614641369415], [139.40219362852108, 35.62611663034582], [139.40215182090193, 35.62614623885086], [139.4022221000003, 35.62613660000008], [139.40215357922418, 35.626145490264285], [139.40215427523364, 35.626144732385164], [139.40215448177116, 35.62614478467167], [139.40215518134306, 35.62614511053143], [139.402156058015, 35.6261450436939], [139.4021565101304, 35.62614478126189], [139.40217480000032, 35.626120900000075], [139.40215715689024, 35.62614377860089], [139.40215734056366, 35.62614348950136], [139.40222900000032, 35.62616770000008], [139.4021576780139, 35.6261433562248], [139.40215896620006, 35.62613988145302], [139.40215505255583, 35.62613952636221], [139.40215279752954, 35.62614157009589], [139.40215117173128, 35.626142843311555], [139.40222360000033, 35.62614550000008], [139.4021545268466, 35.626142930673225], [139.40215533740056, 35.62614183354216], [139.40215497236227, 35.626141672225685], [139.40226770000032, 35.626174500000076], [139.40215712775247, 35.62614072188879], [139.4021573754717, 35.62614055129211], [139.40215732804688, 35.626140393571525], [139.4022048000003, 35.62616100000008], [139.4021575465036, 35.626140564829974], [139.40215757761584, 35.626140609156586], [139.40215766640065, 35.626140695215824], [139.4021760000003, 35.62619280000008], [139.40215843905378, 35.62614109084626], [139.40216603812635, 35.62609999992579], [139.40216554423037, 35.6260945078903], [139.402159112546, 35.62614139285974], [139.40216598854408, 35.62608620591258], [139.40218880000032, 35.62615270000008], [139.40215937868362, 35.6261415258751], [139.40217553424597, 35.626081319670256], [139.4021624747631, 35.62613994257259], [139.4022021000003, 35.62611770000008], [139.40216520040963, 35.626138348628466], [139.40216546057687, 35.62613817290525], [139.40216559154135, 35.6261380823408], [139.40225770000032, 35.626197000000076], [139.40216618713544, 35.6261394437409], [139.40219310173384, 35.62609832842698], [139.40216644055042, 35.626139913219056], [139.4021987000003, 35.62618130000008], [139.4021961608331, 35.62609757441242], [139.40216630154396, 35.62614074552895], [139.40216624447223, 35.62614108599469], [139.40216636656518, 35.62614137998125], [139.4022050816644, 35.62612073191222], [139.40216701208863, 35.62614140431675], [139.40216740280806, 35.626141050754335], [139.4021676326926, 35.626140882237195], [139.40219179344115, 35.62612483500069], [139.40219607628336, 35.626104915961044], [139.40216843110088, 35.626140585056035], [139.40224340000032, 35.626131300000075], [139.40216929479206, 35.626140195891445], [139.4022985000003, 35.62610600000008], [139.40216963695963, 35.626139810975296], [139.40216982983506, 35.626139403402796], [139.4021698216234, 35.62613909091586], [139.4021771890049, 35.626110558106596], [139.40217026221436, 35.62613902562214], [139.40216534472938, 35.62611304183236], [139.40217073072284, 35.62613896375776], [139.40226150000032, 35.62615330000008], [139.4021711791278, 35.62613883758403], [139.40217168352802, 35.626088328949656], [139.40216877511864, 35.62609022845821], [139.40216600926493, 35.626086520410716], [139.40216685275473, 35.62608898987188], [139.40217181384898, 35.62613876687153], [139.4021718818011, 35.626138781933626], [139.40217189842767, 35.626138589738936], [139.40216698567636, 35.62607173378611], [139.40217210056045, 35.62613843327328], [139.40217218195377, 35.626138237102566], [139.40217221965858, 35.62613812472611], [139.40216536678193, 35.62607232120769], [139.4021646585136, 35.62607183161001], [139.40216848724515, 35.62606983721524], [139.40217094485664, 35.62605979063668], [139.40217722197545, 35.62605748387084], [139.4021752659716, 35.62605873927117], [139.40217331635085, 35.62606401140228], [139.40217375730066, 35.62606483026099], [139.40217403515447, 35.62606204251535], [139.40217300783132, 35.6261377754402], [139.40217717657052, 35.626068564672174], [139.40217860928115, 35.62606425447564], [139.40217786768812, 35.62606587171396], [139.40217342928227, 35.62613811866427], [139.4022264000003, 35.62617170000008], [139.40217188107886, 35.62607833895937], [139.4021658395399, 35.626085079894104], [139.4021647531093, 35.62608469855829], [139.40215911259332, 35.62609575756229], [139.40217375324175, 35.62613867930315], [139.4021738594308, 35.62613893346535], [139.40217746442767, 35.62608972994055], [139.40218360616436, 35.626084103561226], [139.40225560000033, 35.62617410000008], [139.40218681384385, 35.626092483203564], [139.4021890066944, 35.626085543334995], [139.40219099209338, 35.62608102546422], [139.40224710000032, 35.626168000000085], [139.40217459332473, 35.62613929067223], [139.40217478952272, 35.62613939106651], [139.40220115754633, 35.62607657258687], [139.40220614166947, 35.62606579195183], [139.40220838644413, 35.62607086771985], [139.40221150210456, 35.62605837643953], [139.40220963652467, 35.626051974772736], [139.40221352988922, 35.62602734318166], [139.40221424209983, 35.6260292303285], [139.40219589513976, 35.6260809066872], [139.40217703154812, 35.62614028257159], [139.40217749429505, 35.62612417710236], [139.40217787498662, 35.62614037369971], [139.40226320000028, 35.626113100000076], [139.40217855760346, 35.62614007034571], [139.40217751011332, 35.6260954664756], [139.40222860000029, 35.62619690000008], [139.40215519695911, 35.62611929123757], [139.40217890203573, 35.62614042539902], [139.40217920098513, 35.62614076422451], [139.4021793901794, 35.626141056532184], [139.40223900000032, 35.62610100000008], [139.40217913192444, 35.62614050254455], [139.4021788699324, 35.62613999766727], [139.40217869300895, 35.62613981307079], [139.40214324455724, 35.626119424895926], [139.4021789262186, 35.62613958222263], [139.40217926269716, 35.62613974388426], [139.40215434362304, 35.62611217205064], [139.4021622244901, 35.62610529759096], [139.40217952716029, 35.626140517084174], [139.40216735353022, 35.62612212694821], [139.4021797509104, 35.626141654016], [139.40217451303033, 35.62610861784589], [139.40218458766205, 35.62608823263242], [139.40219023079553, 35.62607782650524], [139.4021922364822, 35.626079654686684], [139.402195025295, 35.62606832170058], [139.40220098575014, 35.62605532575214], [139.40220342602763, 35.62604530769487], [139.4022168000003, 35.62617610000008], [139.4021805714723, 35.62614232001082], [139.40219436377518, 35.62607076193111], [139.40218073521902, 35.62614249868297], [139.4021829096456, 35.62610106695843], [139.40218535116358, 35.6261263868869], [139.4022733000003, 35.62613390000008], [139.40219447386806, 35.626128461921596], [139.4023605000003, 35.62617410000008], [139.40218205156552, 35.62614271188576], [139.40227350000032, 35.62618530000008], [139.4022094740154, 35.62612808701195], [139.4021939000003, 35.62615830000008], [139.4022421000003, 35.62619410000008], [139.40218528680916, 35.62611560718615], [139.402183454254, 35.626143548390566], [139.40218937786054, 35.62612054702763], [139.40218239859536, 35.626122982302896], [139.4022599000003, 35.62616730000008], [139.40219522054653, 35.62612908447101], [139.40218922878947, 35.626123834146846], [139.40219230007162, 35.62612386821862], [139.40219387545613, 35.62612628040226], [139.40218449716173, 35.626144002140144], [139.4022435000003, 35.62613180000008], [139.40218489690173, 35.626143939928795], [139.4022447000003, 35.62616000000008], [139.4022145510353, 35.626142486910645], [139.40218597456536, 35.62614395706639], [139.40218609591085, 35.626143940637505], [139.40223031542814, 35.62614252440041], [139.40223210953795, 35.626145973667256], [139.4021865463271, 35.626143846453836], [139.40218660467784, 35.62614384009387], [139.4022231000003, 35.62619610000008], [139.40218677069822, 35.6261439528761], [139.40218686220493, 35.62614395591566], [139.40223740000027, 35.62616190000008], [139.4021870619609, 35.62614399896982], [139.40221704859454, 35.626142261972745], [139.40221665054167, 35.626139997354365], [139.40218713118992, 35.62614379563049], [139.40218713898204, 35.626143636045825], [139.40221828363244, 35.62612969095892], [139.40218723476337, 35.62614344041603], [139.4021872730775, 35.62614339383488], [139.40221929650835, 35.62611590339843], [139.40223860000032, 35.62617160000008], [139.40221404000175, 35.626119395244544], [139.4021875802787, 35.62614337010486], [139.40218762146918, 35.626143342091765], [139.40218768085637, 35.62614351117126], [139.40218772857799, 35.626143601610565], [139.40220634190155, 35.6261060700327], [139.4022248000003, 35.626139800000075], [139.40218801778178, 35.62614350738099], [139.40219663325013, 35.62610350238617], [139.40221450000033, 35.626173300000076], [139.40219202791758, 35.62609911397129], [139.40218848196093, 35.62609681193838], [139.40218834609232, 35.62614362499998], [139.40218978859883, 35.62610033149956], [139.40219163810474, 35.62609785670407], [139.40219144598152, 35.6260920244052], [139.4021780000003, 35.62617860000008], [139.4021938654793, 35.62614376738145], [139.4021863688752, 35.62609689615901], [139.4021938654793, 35.62614376738145], [139.4022000000003, 35.62620090000008], [139.40220523632834, 35.626082971134295], [139.4021878430854, 35.62605637316256], [139.4021785638558, 35.626030569062536], [139.40220129574342, 35.626035692880286], [139.40214148408552, 35.625990865965115], [139.40211558004094, 35.625952133398364], [139.4019903021865, 35.62591573739896], [139.4018797149581, 35.62586630485245], [139.40172109873225, 35.625790678142], [139.40162083124306, 35.62573931483397], [139.4014922028004, 35.6256737786799], [139.40137888024694, 35.625615862619675], [139.40128894671943, 35.62556863003023], [139.401188371994, 35.62552138444033], [139.40113436837385, 35.62550142614486], [139.4011259073727, 35.625490241873365], [139.4010644000003, 35.625497800000076], [139.40112310315604, 35.625490101616904], [139.401122029055, 35.62548640038334], [139.40111899054355, 35.6254807869775], [139.4011226174947, 35.62547505752699], [139.40112212731563, 35.62547467002099], [139.40112316877034, 35.62547630733777], [139.4011227329092, 35.62547535184889], [139.40112497475295, 35.62547225190713], [139.4010887000003, 35.62552500000008], [139.40112306166478, 35.62547268848615], [139.40112121376268, 35.62546834990548], [139.4010929096272, 35.62545149645296], [139.40107661980386, 35.625453365419176], [139.40102159589216, 35.62541215279607], [139.40096804875057, 35.6253820069367], [139.40091814123323, 35.625359207490554], [139.40085654723873, 35.62532617367003], [139.40080801141787, 35.625302225911675], [139.40072931225072, 35.62525616234945], [139.40063242609259, 35.62520299970221], [139.40057573384672, 35.62517258774951], [139.40045630203122, 35.62511381822485], [139.4002812184957, 35.62501567167453], [139.40017333876517, 35.62494824507242], [139.400076261769, 35.62488180608236], [139.39997974072125, 35.624821068729254], [139.3998905403619, 35.624776076371425], [139.39974748636436, 35.62471216118131], [139.39966588017364, 35.62468193154659], [139.39957158805413, 35.62465027945182], [139.39953191139483, 35.624636148420784], [139.39953441656513, 35.624639395312926], [139.39953891618387, 35.62464506112439], [139.3995368732236, 35.624644880454554], [139.3994645000003, 35.62474090000008], [139.39953605775537, 35.62464922741327], [139.39953126245615, 35.624651984338975], [139.3993813000003, 35.62458130000009], [139.39952404283142, 35.6246528666025], [139.39949346111362, 35.62463635079575], [139.39944508892296, 35.62462632926086], [139.39942961839625, 35.62462284011866], [139.39941519535526, 35.624610380812804], [139.3993669442306, 35.62460667500419], [139.39909080000032, 35.62454280000008], [139.39932191608335, 35.62460106474648], [139.3992444710958, 35.624586295455096], [139.39919917793213, 35.624563843401624], [139.39916238647427, 35.624508117557184], [139.39915824757963, 35.62446447109593], [139.39917496084513, 35.62441425010547], [139.39917759234442, 35.624306025498306], [139.39918037118983, 35.62424279939141], [139.39918415021887, 35.624178570037685], [139.39918851537348, 35.62411790216083], [139.39918409241199, 35.624048081320566], [139.3991879729868, 35.62397796470525], [139.39917954107275, 35.62388730488839], [139.3991467270209, 35.62369226124162], [139.39913154059917, 35.623539691948345], [139.39911551486898, 35.623425144208994], [139.39908969272423, 35.62324449569272], [139.3990590695113, 35.623133854573325], [139.39904475880562, 35.623100492401214], [139.39904479834829, 35.62309853291424], [139.39904391590605, 35.62308842428731], [139.3990324815374, 35.6230499740473], [139.3990247755591, 35.622993491590485], [139.39901407363948, 35.622945459762555], [139.399019128943, 35.62292612043248], [139.39901786104159, 35.62292434576135], [139.39902312418917, 35.622922030538085], [139.39906027184148, 35.62290551596601], [139.39913516921987, 35.62289067673731], [139.39921568613343, 35.622878525771654], [139.39927627390787, 35.622870250611456], [139.3993879666258, 35.62285383304687], [139.39952033829564, 35.62283007416962], [139.39961454191416, 35.62281330351644], [139.3997041791762, 35.62286030666671], [139.3997091465214, 35.622892237820615], [139.39970372762048, 35.62295787681646], [139.399688281689, 35.62304062789772], [139.39967961112367, 35.6231364431222], [139.399668498581, 35.623259832563015], [139.39966321613522, 35.62333893642002], [139.39964687260513, 35.62342661787905], [139.39962438361172, 35.62349257708253], [139.39960382353883, 35.62357517229056], [139.3995691404571, 35.623674369365396], [139.39953924805312, 35.62374582902016], [139.3995362565224, 35.62384596648707], [139.3996027007614, 35.623935070630544], [139.3996404989159, 35.62395492224425], [139.3997061679677, 35.62398885831027], [139.3997739311268, 35.624012148393554], [139.39987684661057, 35.62406906294813], [139.39993073004143, 35.6240992867785], [139.40001362869944, 35.624141485679985], [139.40008049989467, 35.62417109401331], [139.4001033924935, 35.62420138428226], [139.40009730571595, 35.6242516101427], [139.40011607286385, 35.6242052660817], [139.40013195210713, 35.624202299061054], [139.4000771336383, 35.62425079632641], [139.39998663149274, 35.624300078147705], [139.39993955396815, 35.62433251486754], [139.39984535854865, 35.62449949901138], [139.39980538712652, 35.62455802610343], [139.3997830896871, 35.62462295150837], [139.3997528461488, 35.624657731447066], [139.3998169000003, 35.62454410000008], [139.39974537819592, 35.624674238716445], [139.39972921867346, 35.62468137466034], [139.3997624000003, 35.62456150000008], [139.39962779001743, 35.62466366644054], [139.3995056761098, 35.624623138329525], [139.3993400646778, 35.624594068894275], [139.39921164601168, 35.62456156643629], [139.39916146445574, 35.62449357352081], [139.39899180000032, 35.62457640000008], [139.39917736682895, 35.624400321745334], [139.39917744337995, 35.62430268025561], [139.39918282140388, 35.624162379564126], [139.39918465346312, 35.62406704790897], [139.3991810988371, 35.623980950933586], [139.39917623729528, 35.623862761783165], [139.39913816719354, 35.6236962715401], [139.3991241965366, 35.623532299366495], [139.39910411890398, 35.6233678327541], [139.39905630112273, 35.62321069695274], [139.3990161595182, 35.623064609144556], [139.3989941877489, 35.62296752858504], [139.39895285128193, 35.622880562841736], [139.39892008424198, 35.62277124005113], [139.39889221128053, 35.62268995202025], [139.39885174426394, 35.62259430575018], [139.39879728096372, 35.62245543991853], [139.39875302987573, 35.6223497406825], [139.39870455095416, 35.6222484364144], [139.3986597635564, 35.6221383693184], [139.39858927593298, 35.62195966751253], [139.39853390634374, 35.621849467614226], [139.39848656913026, 35.62174363475248], [139.3984528944412, 35.62163412814998], [139.3983857206072, 35.62147874540673], [139.39831992242958, 35.62131867164961], [139.3982931557751, 35.62123473823759], [139.398286614758, 35.62116191374532], [139.39831701798542, 35.621087641493695], [139.3983807693028, 35.6210592688649], [139.3984588486018, 35.6210323620242], [139.39852182181764, 35.621011258052164], [139.39861009000913, 35.6209845335364], [139.39868743281434, 35.620957879078524], [139.3987713693062, 35.620934409887894], [139.39894810841182, 35.620893594190846], [139.3990402960227, 35.62086455377788], [139.39912970065222, 35.62084140200767], [139.3992777482425, 35.620806657473125], [139.39942028200664, 35.62080450312588], [139.3995840376875, 35.62084659809256], [139.39967036380074, 35.620903435618125], [139.39967036380074, 35.620903435618125], [139.39976935393148, 35.620997727130685], [139.3998538016698, 35.62111895887898], [139.3999385823077, 35.621258249110824], [139.40005326948653, 35.62140268263526], [139.40018925644964, 35.62151004165488], [139.40036186150078, 35.62157144456668], [139.4005017903919, 35.62158421276353], [139.40060881614366, 35.62157917661633], [139.40065982695165, 35.6215732913192], [139.40069290714098, 35.62156144925279], [139.4006887511596, 35.62155632685033], [139.40068793209912, 35.62155452399083], [139.40068273907315, 35.62155721728178], [139.4006769066789, 35.621554439355464], [139.4006790186325, 35.621556455100944], [139.40075830000032, 35.621438800000085], [139.40068376617046, 35.621558329223284], [139.40068382776596, 35.62155838038518], [139.40068398726527, 35.621558335577255], [139.4006841935807, 35.621558075699], [139.40071572293272, 35.62155289054922], [139.40072607828915, 35.621555431263864], [139.40082140594538, 35.621546550578174], [139.40091130636597, 35.621542661726664], [139.40100816893715, 35.62155741007981], [139.4010321702946, 35.62162225829922], [139.40101728098165, 35.621701298496205], [139.40102423897864, 35.62177210882404], [139.40108986642434, 35.62187388538567], [139.4012044678688, 35.6219594564445], [139.40125386493165, 35.62203674557148], [139.40133485264013, 35.62208678879184], [139.40134002552844, 35.62210390136406], [139.40138567739703, 35.62213704239522], [139.40144113896991, 35.62215877842578], [139.40152640635807, 35.622150073001876], [139.40160420013902, 35.62210895421964], [139.40167254549755, 35.622043391613694], [139.40168566533595, 35.621988389622274], [139.40168035585467, 35.621932667274194], [139.40166275514613, 35.62189018365186], [139.40163180870417, 35.6218317521904], [139.4015863905005, 35.62173563412086], [139.40155984356596, 35.621692997585434], [139.40152830822996, 35.62164590527254], [139.4015097422318, 35.62161420150244], [139.4014730297319, 35.62155988444563], [139.4014405952257, 35.621498786376776], [139.401355533983, 35.62148129298402], [139.4013012190235, 35.62154135425028], [139.40128719890123, 35.62161527185138], [139.4013368456002, 35.621710376637395], [139.40140442347214, 35.62173389592027], [139.4014824061343, 35.62174618114825], [139.40154575917063, 35.6217833088255], [139.40155794102728, 35.62181058763189], [139.4015805100874, 35.62189712785821], [139.40161885986743, 35.621946701545895], [139.4016287335372, 35.6220067090282], [139.4016512189451, 35.622059911408826], [139.4016289133117, 35.6221325382068], [139.4014880027198, 35.62217979005344], [139.40147820000033, 35.62223860000008], [139.40143367562504, 35.62226132823972], [139.40148496529937, 35.622324143598156], [139.4015230975309, 35.62238120385393], [139.40155842497438, 35.62245494800115], [139.40162884007665, 35.62251503102276], [139.4016950333888, 35.622562616524384], [139.40173718720965, 35.62260695081396], [139.40178990944767, 35.62264935869165], [139.40186458093262, 35.62266365328349], [139.4019277380954, 35.62262674495577], [139.40174700000028, 35.62256740000008], [139.401939862754, 35.622582044646116], [139.40196278996865, 35.622543642076955], [139.40198577438014, 35.62251596169555], [139.401996278722, 35.62245544543839], [139.40195547094083, 35.62240129239054], [139.40186561440726, 35.62236566067074], [139.40179830883756, 35.622382705074614], [139.401771893863, 35.62238811111208], [139.40178379105558, 35.622389345771786], [139.40179917849744, 35.62234081960932], [139.4018046560791, 35.62234905976131], [139.4017955413656, 35.62235337399071], [139.40182679734698, 35.62238458219478], [139.40188742606645, 35.62241042981827], [139.40192952910698, 35.62245440364438], [139.4019265435884, 35.622508398886154], [139.40192008560385, 35.62256155223323], [139.4018892586498, 35.62262019040343], [139.40183848481217, 35.62265064680403], [139.4017989330249, 35.62264554592381], [139.40176486163787, 35.622646723771695], [139.40171466350026, 35.622584845052714], [139.40162756406585, 35.62253821441232], [139.40157004480463, 35.62247104598041], [139.4015491514572, 35.62243144317735], [139.401509087511, 35.62234978954544], [139.4014491235911, 35.62228521045644], [139.4014215469592, 35.62226179198141], [139.40137532394493, 35.62219017855898], [139.40135741600682, 35.62216019218063], [139.4012784837933, 35.62205658932879], [139.40117798487174, 35.621932576318486], [139.4011239783712, 35.62187237451888], [139.4010413292699, 35.62175902367367], [139.40103324054797, 35.62170511753284], [139.40103767558358, 35.621654202443494], [139.40104717456362, 35.621573709233886], [139.40103635222238, 35.62154001497532], [139.40103187822913, 35.62154123319832], [139.40103567801205, 35.6215389838732], [139.40101133155758, 35.621520027894626], [139.40096719550203, 35.621496652732155], [139.40092145499838, 35.621496492324276], [139.40088344442177, 35.6215083450313], [139.40084179395868, 35.62154995859753], [139.4008330667862, 35.621623891881974], [139.40085214484296, 35.62167491373511], [139.4008776050372, 35.62179352166491], [139.40090505942072, 35.62185677124964], [139.40091708460122, 35.62191067136945], [139.40093715809027, 35.62197068475097], [139.4009638263245, 35.62202524476463], [139.40098531371757, 35.622087272550694], [139.40101496948566, 35.62215137704331], [139.4011213345252, 35.62224837013714], [139.4011112049607, 35.622346926210454], [139.40114930055705, 35.62240796014028], [139.40124189054885, 35.62252885515174], [139.40132261074416, 35.622595175168485], [139.4013357216397, 35.62272868032383], [139.40131728595725, 35.62286372114794], [139.40129066901193, 35.62298962848001], [139.4012184607174, 35.62309544989822], [139.40119477543007, 35.62313082542402], [139.40118652246233, 35.623141813911985], [139.40113080000032, 35.623196300000075], [139.40118154952793, 35.62314116616632], [139.40114713570404, 35.62316994610695], [139.40110216787076, 35.62323879805947], [139.40105106967724, 35.62326728299855], [139.40098957839908, 35.623287889433996], [139.40094104047148, 35.623291845521514], [139.40086394023638, 35.623218404206476], [139.40074766311065, 35.62315904481101], [139.40061775728975, 35.62309351145615], [139.4005483224695, 35.623045455967045], [139.40044141817555, 35.62299158169668], [139.40038359679684, 35.62296740148739], [139.4003520952781, 35.622947118817635], [139.40029237769224, 35.62291999843675], [139.40021738796125, 35.62287591246861], [139.40010277997882, 35.62283392592102], [139.3999905362047, 35.62280283981673], [139.39985819862773, 35.62278235120244], [139.39979272002313, 35.62277626112735], [139.39972621848383, 35.62278175090538], [139.3996820893108, 35.62287177343694], [139.3996749533896, 35.62295931326567], [139.39967494385982, 35.62307178990411], [139.39966646270614, 35.623189418662456], [139.39966222241088, 35.623305085214234], [139.39964785565175, 35.6233594665596], [139.39963214659412, 35.623468384244156], [139.3996044371413, 35.6235429363273], [139.39958904331965, 35.62359984830008], [139.39957167182487, 35.62369935784668], [139.39956219643042, 35.62379054446183], [139.3996002189934, 35.62388224197795], [139.39969208709618, 35.62393406113241], [139.39975350266036, 35.623951188295244], [139.39985173669055, 35.62398117869021], [139.3999415658268, 35.62401576530454], [139.40003358490307, 35.62408904428505], [139.40011218337742, 35.62414640897818], [139.40010977369823, 35.62419436626478], [139.40012732729312, 35.624222797471106], [139.40009861436937, 35.62425490443773], [139.4000735926205, 35.62430684186518], [139.400021295444, 35.62438324863752], [139.39995940509604, 35.62447958048898], [139.39986438489535, 35.624561254346], [139.39983578379338, 35.6245955288218], [139.39980044287026, 35.62461985485056], [139.39977384670863, 35.62465942958923], [139.3998462000003, 35.62460190000008], [139.39974210936043, 35.62469628757756], [139.39974088680816, 35.62470528207339], [139.3997518303217, 35.62474527347592], [139.3998761000003, 35.62465290000008], [139.39986874850834, 35.62483971184533], [139.39998885056005, 35.62490285861881], [139.4001057351715, 35.62497679725465], [139.4002397800292, 35.62503919112041], [139.40037538616042, 35.62511654986434], [139.40051366914895, 35.6252009506748], [139.40059997342888, 35.62524905971591], [139.40071261477235, 35.62531636020011], [139.40085431878578, 35.62538805089639], [139.40098236395073, 35.62546147750046], [139.40114112262867, 35.62553753104509], [139.40123694400873, 35.62558781363292], [139.4013304845487, 35.62564371798671], [139.4014309264782, 35.625693613903834], [139.40152076122106, 35.62574907628926], [139.40162575398205, 35.6258016656881], [139.40171773679376, 35.62584656158902], [139.4018062272347, 35.62588947106744], [139.4019511914809, 35.62596969657453], [139.40205799353842, 35.62603726480127], [139.4020925718724, 35.62609621208185], [139.40211079925857, 35.62614762005305], [139.40213440694737, 35.626197105869274], [139.40216039884123, 35.62619369201898], [139.40220123152272, 35.6261993687489], [139.4023052000003, 35.62633150000008], [139.40219606629768, 35.626202803489065], [139.40217153870202, 35.626199293178054], [139.40217003575935, 35.62621029223871], [139.40222330000032, 35.626259800000085], [139.4021586256922, 35.626230321172315], [139.40215270974375, 35.62623300734288], [139.4021491142968, 35.62623121333874], [139.40225740000028, 35.62609520000008], [139.40215005240657, 35.62622507445824], [139.4021536870839, 35.626222857712], [139.40215608548905, 35.62622130172047], [139.40218290000033, 35.62615720000008], [139.40215404867757, 35.626222632951084], [139.40215535677066, 35.62621760654944], [139.40215430918516, 35.62621439994861], [139.4022272000003, 35.62613770000007], [139.4021579711459, 35.62621115452061], [139.40214988108005, 35.6262183728681], [139.40223160000028, 35.62615780000007], [139.4021482217036, 35.62622286995215], [139.4021575343832, 35.626214320096366], [139.40215110861797, 35.62622760516542], [139.4021457115817, 35.62623317406396], [139.4021584987271, 35.62621380033624], [139.40215882823563, 35.62621281161014], [139.40214823385676, 35.62623269724592], [139.4021451997842, 35.62623292579999], [139.40222800000032, 35.62614950000008], [139.40214559765462, 35.62622684275066], [139.40215945743387, 35.62621138286094], [139.4022163000003, 35.62615410000008], [139.4021430288819, 35.62622105528313], [139.4021436219834, 35.62621384235886], [139.4021601513561, 35.626210272538955], [139.40216044407617, 35.62620926793027], [139.4021606676267, 35.62620849604475], [139.40216075799944, 35.62620823705118], [139.40214606213345, 35.62620237570937], [139.402161146725, 35.62620834568168], [139.40225280000033, 35.626157500000076], [139.40216160724438, 35.62620795967966], [139.40216169743312, 35.626207882745426], [139.40216171404464, 35.62620783838165], [139.4021623558894, 35.62620775057364], [139.40216283144557, 35.626207649364375], [139.4021629395866, 35.62620757920535], [139.4022027000003, 35.62619240000008], [139.40216329514678, 35.626207307361994], [139.40216338186735, 35.62620720559853], [139.40216338254396, 35.62620717344941], [139.40216378188015, 35.62620686906097], [139.40216406677553, 35.62620663985475], [139.40216413931105, 35.62620658417802], [139.40226100000032, 35.62619560000008], [139.40216443406257, 35.6262064837432], [139.4021644787083, 35.626206453028026], [139.40216448607526, 35.626206405512235], [139.40216465971952, 35.62620606132854], [139.40216477712823, 35.62620580639988], [139.40216477573435, 35.6262057344421], [139.40223190000032, 35.62621680000008], [139.40216530843844, 35.626205827243815], [139.40216542258872, 35.62620584829029], [139.40216545511245, 35.62620582437059], [139.40216582407754, 35.62620545047724], [139.4021660932999, 35.62620516222525], [139.40216614676245, 35.62620508732672], [139.40221720000028, 35.62613240000008], [139.40216630717472, 35.62620473812794], [139.40216634760478, 35.626204644795905], [139.40216640786156, 35.62620452724883], [139.40215286911044, 35.626185339781564], [139.40216726201527, 35.62620393037318], [139.40215313318066, 35.626181626364385], [139.402167657519, 35.62620334258835], [139.40215373391462, 35.62618324381281], [139.40215360552048, 35.6261857908561], [139.40216858805945, 35.626202139451536], [139.4021600913841, 35.626182007431424], [139.40215906287693, 35.62618491954156], [139.4021597174571, 35.62617975842741], [139.4022426000003, 35.62623450000009], [139.4021696719377, 35.62620141985559], [139.40216989469945, 35.626201386321554], [139.40217011767513, 35.62620130484705], [139.40215449869055, 35.62618109746607], [139.40217054354065, 35.62620127665936], [139.40217094824254, 35.62620122810689], [139.402171268522, 35.62620114308575], [139.40221950000029, 35.62611160000008], [139.40215164031613, 35.62617486608789], [139.40215113797913, 35.62617381134272], [139.40223430000032, 35.62616920000008], [139.4021720960476, 35.62619965486252], [139.40217215286904, 35.62619961441696], [139.4021721748952, 35.626199609559734], [139.402172589439, 35.62619944326384], [139.40217290416098, 35.62619931783012], [139.40217299579155, 35.62619929141536], [139.40224000000032, 35.62615840000008], [139.40217351652888, 35.62619888997238], [139.40217364556287, 35.626198798718946], [139.4021736935192, 35.6261987768439], [139.40217380168403, 35.626198710368946], [139.4021738879502, 35.62619865828387], [139.40217391445228, 35.6261986498013], [139.40226130000028, 35.62619560000008], [139.4021742106656, 35.626198643137556], [139.40217428573683, 35.626198649540065], [139.40217431329117, 35.626198659782894], [139.40217472679552, 35.62619853168302], [139.40217504976158, 35.626198450284704], [139.4022497000003, 35.62619350000008], [139.40217567148122, 35.626198378895445], [139.40217582517295, 35.62619836621508], [139.40217587762544, 35.626198368541026], [139.4022234000003, 35.62612780000008], [139.40217621914348, 35.626197782084326], [139.40217631919506, 35.62619764391312], [139.402176360946, 35.62619761303269], [139.40217650313008, 35.62619746453973], [139.40217661177587, 35.62619735257218], [139.4021766533373, 35.626197323870414], [139.4022365000003, 35.626203000000075], [139.40217705528508, 35.62619734531242], [139.402177162376, 35.626197353084166], [139.40217719671833, 35.626197362725776], [139.40217749996, 35.62619711712654], [139.4021775805731, 35.62619706090415], [139.40217760666738, 35.62619705437105], [139.40217772083594, 35.62619691664942], [139.40217780335618, 35.62619681544003], [139.40217780099266, 35.626196784239525], [139.4022077000003, 35.62622080000008], [139.40217799346863, 35.62619699605643], [139.40217803596184, 35.626197056581255], [139.40217803574623, 35.6261970683284], [139.40217832445802, 35.62619680716962], [139.40217853713065, 35.62619661873504], [139.4021785840526, 35.62619657072449], [139.40217875651223, 35.6261959233779], [139.40213943564498, 35.62618062678498], [139.40217889045616, 35.626195269971504], [139.4021792747017, 35.62619484183379], [139.4021434517649, 35.626176690789016], [139.4022699000003, 35.62613420000008], [139.40213465142259, 35.626179669976956], [139.40217994123822, 35.62619409554247], [139.40217998239132, 35.62619393367522], [139.4021221619747, 35.626197122089124], [139.40211733704052, 35.626198538447746], [139.40211941124926, 35.62619657323613], [139.4021172142651, 35.62620250604956], [139.40211823401933, 35.62620301980677], [139.40211758925355, 35.626207382667225], [139.4021217184633, 35.626204569730454], [139.40212080840132, 35.626211102444515], [139.4021212331576, 35.62621217149183], [139.4021943000003, 35.62611380000008], [139.40218064265983, 35.62619334782094], [139.4021180345523, 35.62621235469231], [139.40218068772484, 35.626192978113465], [139.40211780953564, 35.62621058647666], [139.4022368000003, 35.626117300000075], [139.4021809209896, 35.626192527027264], [139.40218102604, 35.626192321392665], [139.40211362606618, 35.62620567541217], [139.40218111257786, 35.626192139841336], [139.40218111571045, 35.62619212730527], [139.40211261387418, 35.6261999745137], [139.40218124385675, 35.62619192506446], [139.40218126071196, 35.62619189012001], [139.4021804839771, 35.62619170847219], [139.40217941829977, 35.626189946858254], [139.40217901762418, 35.62618899491796], [139.40211611341059, 35.626192366784046], [139.40211145414997, 35.62619831633794], [139.40210809353178, 35.62619927940922], [139.4021109746037, 35.62619760451813], [139.4021115000168, 35.626197023023096], [139.40211187238492, 35.62619578734985], [139.40223370000032, 35.62615250000008], [139.40216862434795, 35.626197095210735], [139.40216275500367, 35.62619948215125], [139.4021588407865, 35.626197772432995], [139.40215346081345, 35.62619561503311], [139.40214952901005, 35.626192838059715], [139.4021640000003, 35.62610510000008], [139.40214659923896, 35.62618896596429], [139.40210223518585, 35.62617398070902], [139.40224930000028, 35.62616120000008], [139.4021463584172, 35.62618757478338], [139.40225480000032, 35.62616030000008], [139.40214776175978, 35.626187135144555], [139.40214807933808, 35.62618701695285], [139.40214965000678, 35.62618693422322], [139.40215100225856, 35.62618688735751], [139.40222650000032, 35.62605190000007], [139.4021295749065, 35.62617132287056], [139.4021528259879, 35.626182426242416], [139.40215298686903, 35.62618194843865], [139.40215355520004, 35.62618124368792], [139.4021539761995, 35.62618078086293], [139.40215408209565, 35.62618067141551], [139.40219830000032, 35.62620230000008], [139.40215456916548, 35.62618093452265], [139.4021546791384, 35.626181013508834], [139.40215635564164, 35.62617989270172], [139.40215760999902, 35.62617906327113], [139.40215791292044, 35.626178865855], [139.40215796621203, 35.6261788307288], [139.40215873668825, 35.6261779312227], [139.40215930236724, 35.62617726211438], [139.4021594363999, 35.626177102314344], [139.4022710000003, 35.626144000000075], [139.40216178797894, 35.62617626206654], [139.4021623852361, 35.626176041776105], [139.40216252502404, 35.62617598284522], [139.4021630256555, 35.6261759371282], [139.40216338671007, 35.626175905589214], [139.4021634621244, 35.626175913052045], [139.4021638790813, 35.62617524195917], [139.4021641843879, 35.6261747517752], [139.40216424704187, 35.62617464650809], [139.4022593000003, 35.62614740000008], [139.40216502165484, 35.62617439134082], [139.4021651943101, 35.6261743438398], [139.4021651866728, 35.626174382977894], [139.40212044628413, 35.62620109721453], [139.4021154291238, 35.62620779124785], [139.40211521091692, 35.62620808394419], [139.40211098908745, 35.62621653223067], [139.40216584487155, 35.62617405199665], [139.40211524373942, 35.62621891068491], [139.40211490529248, 35.62621879007923], [139.4021144674292, 35.62622032942783], [139.40211400011546, 35.62621879965271], [139.40210300556373, 35.626208025109385], [139.40226910000032, 35.62616760000008], [139.40216819743065, 35.62617487347324], [139.40209917508878, 35.62619753220506], [139.40209146034655, 35.6261863231274], [139.40216839559864, 35.6261747673388], [139.40209255142088, 35.62617884257955], [139.40209323872165, 35.626174669867446], [139.40209125133225, 35.62617297019758], [139.4020905414775, 35.626170375996644], [139.40209079221773, 35.62616796382878], [139.40208969275272, 35.62617078671213], [139.40222130000032, 35.62612750000008], [139.4021604741946, 35.62617266119275], [139.40215713503054, 35.62617131321933], [139.4021531990038, 35.626170494082196], [139.40214827450825, 35.62616886062564], [139.4021456567844, 35.626168635682504], [139.40214292266526, 35.62616733821396], [139.40214211121247, 35.62616813085224], [139.40213875598727, 35.626167977786245], [139.40213749650454, 35.626167053286565], [139.40220650000032, 35.626115500000076], [139.40213845511175, 35.62616535289126], [139.40213876529862, 35.62616496651109], [139.4021388249913, 35.626164848375986], [139.40214066421024, 35.626164684655805], [139.4021420379527, 35.62616453519678], [139.4021423661653, 35.62616447894728], [139.40222560000032, 35.62624000000008], [139.40214374085858, 35.626165726129265], [139.40214395663364, 35.62616592092719], [139.40209808008441, 35.626134496141766], [139.40214413615317, 35.626166026860965], [139.40210377045338, 35.62613421019332], [139.40210110877993, 35.626131141409175], [139.4021003750568, 35.626131888779724], [139.40214665064283, 35.62616659218951], [139.40209888257235, 35.6261315176759], [139.4022546000003, 35.62614880000008], [139.4021484939254, 35.626166736660466], [139.40214935469345, 35.626166799194316], [139.40210540367497, 35.62613687939365], [139.40215006287778, 35.626166846725724], [139.40215010899118, 35.626166844993946], [139.40215071565606, 35.62616668440247], [139.4021511718341, 35.62616656687379], [139.40215129865274, 35.62616653936238], [139.4022440000003, 35.62612450000008], [139.4021522153848, 35.626166246934304], [139.40215250895554, 35.62616615789773], [139.40215332680435, 35.626165892587004], [139.40215403546262, 35.62616568925419], [139.40215413359627, 35.62616568552951], [139.40215481502395, 35.62616599811284], [139.40215517107464, 35.626166144485396], [139.40215547876562, 35.62616630033092], [139.40222420000032, 35.626144700000076], [139.40215603252315, 35.626166184417485], [139.4021562120087, 35.62616610731464], [139.40213788483243, 35.62614903089523], [139.40215741393084, 35.626165775617416], [139.4021583422726, 35.62616594962683], [139.40215902181708, 35.6261660674331], [139.40215917521633, 35.6261660813092], [139.4022366000003, 35.62614920000008], [139.4021604144164, 35.62616593429401], [139.4021607253457, 35.62616588291687], [139.40216079353988, 35.62616587163772], [139.4021619852733, 35.62616665830311], [139.40216285594175, 35.62616724264652], [139.40216304749035, 35.62616737256797], [139.4022296000003, 35.62611450000008], [139.40216348492257, 35.62616701482438], [139.4021635613064, 35.62616694260771], [139.40216448938764, 35.62616689852206], [139.40216515985173, 35.62616686420526], [139.40216530803, 35.62616685463983], [139.40216532163495, 35.62616685939953], [139.40216554927014, 35.62616675760578], [139.4021630708553, 35.62616842659499], [139.40216344519786, 35.62616599508438], [139.40213631023624, 35.6261607171367], [139.4021625730585, 35.626166498684704], [139.40216279219558, 35.62616843591796], [139.40216055933595, 35.626169062683715], [139.40213468522074, 35.62616974588234], [139.4021583671076, 35.62617203200348], [139.40215640152505, 35.62617304483698], [139.40214805688422, 35.62617789203062], [139.40212578237242, 35.62618025267843], [139.40214574647132, 35.62617849048035], [139.40214198488005, 35.62618345329665], [139.402138879337, 35.62618505682853], [139.40212242187218, 35.626183128503065], [139.40213878717793, 35.62618299698293], [139.4021398038909, 35.626181217184104], [139.40214001189807, 35.626180489242856], [139.4022429000003, 35.62624000000008], [139.40214085590455, 35.62618104676568], [139.40214106574507, 35.62618102657478], [139.40214109755433, 35.62618092147735], [139.4021416078478, 35.62618094472558], [139.40214199826522, 35.626180956483594], [139.40214208302703, 35.6261809467244], [139.40212687979619, 35.62616618034941], [139.40214294923055, 35.62618124196653], [139.40214359174487, 35.62618148353735], [139.40214376261974, 35.62618149030376], [139.40213433080007, 35.62616340247691], [139.4021442429693, 35.62618157839721], [139.40214477585738, 35.62618165047756], [139.40214544484166, 35.62618188721513], [139.4021455417727, 35.62618192396329], [139.40214612479144, 35.626182544365584], [139.40214670675695, 35.626183043480324], [139.4022123000003, 35.62622700000008], [139.40214586579847, 35.6261851668811], [139.40214740369083, 35.626183665438305], [139.4022795000003, 35.626237100000075], [139.4021480436022, 35.62618390882249], [139.40214804797054, 35.62618391963514], [139.40214853886897, 35.62618371977174], [139.4021489993448, 35.62618351864281], [139.40214939007123, 35.62618347329809], [139.4021487243886, 35.6261845527846], [139.40214500780044, 35.62618502873412], [139.40213471245016, 35.626184103121844], [139.4021409803859, 35.62618242138743], [139.40213909980451, 35.62618152522168], [139.40218920000032, 35.62616280000009], [139.402137731077, 35.62617954879728], [139.40213767255992, 35.6261784171588], [139.4021376235093, 35.62617789854339], [139.40212522044075, 35.62617023795501], [139.4021384665224, 35.62617648820461], [139.40213866815887, 35.62617609466084], [139.4021956000003, 35.626099100000076], [139.4021390979946, 35.62617443113334], [139.40213940832356, 35.62617327761931], [139.40213950282134, 35.62617290592236], [139.4021398545038, 35.62617202644067], [139.4021401235133, 35.626171364130684], [139.40214021620102, 35.626171136651166], [139.40211533523245, 35.62616352480797], [139.402140566494, 35.62616940161336], [139.40211024777298, 35.62615734703719], [139.40221690000033, 35.62613390000008], [139.40214137638708, 35.62616817244368], [139.40214200559717, 35.62616755246591], [139.40214208442382, 35.62616747672363], [139.40210208138527, 35.62614834072918], [139.40214153461326, 35.626165219415725], [139.40214150961603, 35.626164789054194], [139.40214164683042, 35.62616324817965], [139.40214174235157, 35.62616213404817], [139.40213200000028, 35.62609460000008], [139.40214142972857, 35.62616001475235], [139.40209166766837, 35.626148355568795], [139.40214130093108, 35.626159473485316], [139.40209162726143, 35.62614795476253], [139.40214146008074, 35.62615820939998], [139.4021651000003, 35.62609900000008], [139.40214166161104, 35.626156769703], [139.40214178784822, 35.62615594368549], [139.40214179641228, 35.6261556943141], [139.40214227279728, 35.62615518180378], [139.40209950494258, 35.62614556505378], [139.40214462412146, 35.62615955361661], [139.4022221000003, 35.62607380000008], [139.40213847366016, 35.6261574579694], [139.40213893951616, 35.626156291798395], [139.4022441000003, 35.62617740000008], [139.4021110296289, 35.626140963525664], [139.40214221191763, 35.626155236721054], [139.40214196225062, 35.62615404902794], [139.4021431650211, 35.62615383528581], [139.40214228088763, 35.62615206248071], [139.4021425434496, 35.62614647194649], [139.40221030000032, 35.626164200000076], [139.40211735684585, 35.62613133606677], [139.40214061098055, 35.62614525658613], [139.40214031312462, 35.62614564999185], [139.40214145354898, 35.626145532041726], [139.402141584129, 35.626145450004444], [139.40230330000028, 35.62619730000008], [139.40214268613292, 35.626146129676776], [139.4021529605403, 35.62614753514002], [139.4021519001942, 35.626151902317496], [139.40215101605753, 35.62615234792745], [139.40215000943815, 35.62614961398621], [139.40214999635796, 35.62614617487952], [139.40215088558554, 35.626145058557164], [139.40215222348402, 35.62614327209782], [139.402152554898, 35.626142645178035], [139.4022533000003, 35.626127700000076], [139.402153214055, 35.62614243698836], [139.40215337027064, 35.62614238572945], [139.40215339476575, 35.62614236977374], [139.40215428557502, 35.62614235168412], [139.4021549668812, 35.626142329792515], [139.40215509442336, 35.62614233808944], [139.4022461000003, 35.62613720000008], [139.4021565791948, 35.626142269365715], [139.4021569176668, 35.62614221637189], [139.40215700243579, 35.62614212437309], [139.4021573524354, 35.62614225371643], [139.4021576115382, 35.626142320370704], [139.402157671261, 35.62614226827626], [139.4022204000003, 35.62618130000008], [139.40215804425247, 35.62614252904843], [139.4021580833316, 35.62614256675285], [139.40215810276695, 35.626142582934825], [139.40215843610136, 35.6261426980812], [139.40215871644415, 35.626142720923525], [139.4021587899169, 35.62614269164383], [139.40225430000032, 35.62616790000008], [139.4021592232709, 35.6261413607675], [139.40215933184973, 35.6261409879578], [139.40215936306788, 35.626140876384575], [139.40215976405864, 35.62614100117364], [139.40216004564112, 35.626141093875255], [139.40216012881683, 35.626141076213976], [139.4022991000003, 35.62623240000008], [139.40216088602017, 35.62614189231254], [139.40216111378953, 35.62614208859559], [139.40216115321502, 35.62614211330169], [139.4022272000003, 35.626129500000076], [139.40216202191715, 35.626141863763635], [139.40216220024053, 35.62614179220669], [139.40216221294583, 35.62614178419014], [139.4022432000003, 35.62614360000008], [139.40216330334334, 35.62614190003295], [139.40216355787658, 35.62614188746397], [139.40216352124156, 35.626141831896284], [139.40226440000032, 35.62614590000008], [139.40216489165144, 35.62614200733505], [139.40216518095625, 35.62614205466317], [139.40216514408377, 35.62614205974326], [139.40216579141187, 35.62614300932063], [139.402166247114, 35.62614374062964], [139.40210726316005, 35.62614487400083], [139.4021665159283, 35.62614384787626], [139.4021664510847, 35.62614386418721], [139.40209844346336, 35.62615307692635], [139.4021022714499, 35.62615454588216], [139.40209846485905, 35.626159589424915], [139.40216685157347, 35.62614286922412], [139.40209539543426, 35.62616642467869], [139.40225430000032, 35.626140500000076], [139.40216750349438, 35.62614287298235], [139.40209467190448, 35.62616403259787], [139.40216808224926, 35.626142875235004], [139.40228930000032, 35.626165300000075], [139.40216846241745, 35.62614301958225], [139.4020901488351, 35.626167130793576], [139.40209012265692, 35.62616784417056], [139.40216960098863, 35.626143253871675], [139.40217002226498, 35.626143332742814], [139.4020923292782, 35.62617178960599], [139.4020917363806, 35.62617336264507], [139.40208957288732, 35.62617928803548], [139.40228590000032, 35.62620630000008], [139.4021705296713, 35.62614367432627], [139.4020929494022, 35.62618115074493], [139.4020921194424, 35.62618307287616], [139.40209399675865, 35.626179347868494], [139.4022101000003, 35.62622040000008], [139.40217096473498, 35.62614455364527], [139.40217107729742, 35.626144894112166], [139.4020999318221, 35.62617178563234], [139.40209783519737, 35.626173445593984], [139.4021000212371, 35.62617270072439], [139.40210542628407, 35.6261706235204], [139.40217185110333, 35.62614518179708], [139.40217196165125, 35.62614519080798], [139.40210087697437, 35.6261799418056], [139.40210125379286, 35.62617861811586], [139.40210143870726, 35.62617909297942], [139.40210256107812, 35.626179018621926], [139.40210225849526, 35.626182859114806], [139.40217243373897, 35.62614568715394], [139.40217242348297, 35.62614571804188], [139.40210403462223, 35.62618504747613], [139.40210204804166, 35.62618800948272], [139.40217311727307, 35.62614519404813], [139.40210675052072, 35.62618895985081], [139.40210435693513, 35.62619227686316], [139.4021735922889, 35.62614504571686], [139.4021737902186, 35.6261449855086], [139.4021103991539, 35.62618719534101], [139.4021161704182, 35.62618516949446], [139.40211427388562, 35.626191044371375], [139.4021743961324, 35.62614549936325], [139.40217458963878, 35.62614580009121], [139.40217468777033, 35.626145954067795], [139.40211755545468, 35.62620224087688], [139.4021747441581, 35.62614614716127], [139.4022186000003, 35.62610840000008], [139.40212002807374, 35.62619730271075], [139.40212050440812, 35.62619650719865], [139.40212206017503, 35.626196383471026], [139.40217532772346, 35.626145442588594], [139.4022153000003, 35.62609470000009], [139.4021239322151, 35.6262010537021], [139.40212518998007, 35.62620031744083], [139.40212164727475, 35.62620583798295], [139.40212100210732, 35.626209853567104], [139.40211947240343, 35.6262062393765], [139.40217554875125, 35.62614525517198], [139.40217553545216, 35.62614526697572], [139.4021225158782, 35.626204033038505], [139.40211914479755, 35.626206870939804], [139.4021758634263, 35.62614565449706], [139.4021170566717, 35.626211274037146], [139.40217584872582, 35.6261457678925], [139.40211823820326, 35.626210905292616], [139.40211787200647, 35.62620888007238], [139.4021198926174, 35.62620593857375], [139.4021766267749, 35.62614633021134], [139.40211341637462, 35.62620279911111], [139.40222800000032, 35.626175700000076], [139.40217698811134, 35.62614674326666], [139.40217716257575, 35.626146929752], [139.40217724140646, 35.626147036377574], [139.4022485000003, 35.626178100000075], [139.4021229968951, 35.62620427189636], [139.40211881149833, 35.626207623359434], [139.40217820681, 35.626147860889546], [139.40212015316146, 35.62620869493443], [139.40211669557706, 35.626209455605164], [139.40223570000032, 35.626188400000075], [139.40217829957598, 35.62614817908244], [139.40211329386435, 35.62620933626985], [139.40211529180846, 35.62620722559632], [139.4022406000003, 35.62612170000008], [139.40212262787367, 35.62620262734424], [139.40212443472615, 35.626204454627526], [139.40212563036349, 35.6262088824372], [139.40217851690747, 35.62614840998789], [139.40212937596837, 35.62621466062024], [139.40213252467606, 35.62621366942178], [139.4021351250182, 35.62621386025131], [139.40213514638558, 35.62621406200625], [139.4021792252985, 35.62614881666994], [139.4021397021776, 35.626213221385896], [139.40214165577055, 35.62621018356944], [139.40214361907698, 35.626211442322976], [139.40214276753971, 35.62620418265544], [139.4021429718846, 35.62620047617199], [139.40214294056227, 35.6261974596391], [139.4021467819468, 35.62620008267138], [139.40217989046283, 35.62614905756566], [139.4022710000003, 35.62609500000008], [139.40214804527838, 35.626196707511944], [139.40218087640855, 35.62614822098981], [139.4021419674526, 35.626188084911114], [139.40214143332418, 35.62618695950438], [139.4022454000003, 35.62619360000008], [139.40218141878984, 35.626148535414934], [139.4021390671895, 35.626183483033664], [139.40214287670923, 35.62618116328602], [139.40218179318535, 35.6261489539074], [139.40224940000027, 35.62622970000008], [139.40217448942656, 35.626166431813814], [139.40219609787368, 35.62616033622224], [139.40224220785248, 35.62612064940566], [139.40226310648222, 35.6261141828863], [139.4022778990675, 35.62611185717601], [139.40226556752515, 35.62615345359806], [139.4022952472711, 35.626162526085544], [139.40236912760008, 35.626146769608624], [139.40245785263528, 35.62622609628305], [139.4025829845569, 35.62629785789825], [139.4027269204171, 35.62639401282044], [139.40291195573292, 35.62650096520518], [139.40309314107864, 35.62660452854211], [139.40327761542784, 35.62671382063214], [139.4034424000023, 35.62681603204259], [139.40352457875537, 35.626905889118675], [139.40358102571474, 35.62697576258707], [139.40361358968428, 35.6270657282614], [139.40356805878372, 35.62713141021547], [139.40346987172984, 35.6271369765718], [139.40335768236517, 35.627099098354606], [139.40323847550283, 35.627057897905736], [139.40309371323966, 35.62701318256878], [139.40293759704883, 35.626962657400554], [139.40277519100513, 35.6269140004711], [139.402595151848, 35.626846541733414], [139.40239744531613, 35.62679101376442], [139.40218809350097, 35.626733934838484], [139.4019853698256, 35.626663100879405], [139.40175983114455, 35.62660693094172], [139.40156728471416, 35.626545927026385], [139.4013773558792, 35.626505232093564], [139.40120209176152, 35.62645469751098], [139.40107299952507, 35.62641393739414], [139.4010327043688, 35.626372103773605], [139.40104672540056, 35.626316589772856], [139.40109926232003, 35.62624875525848], [139.401158673012, 35.62615174726859], [139.40123220901035, 35.62605598295137], [139.4013250319691, 35.625952759721216], [139.40135355283118, 35.625910428740625], [139.40140090831852, 35.625842322692364], [139.40142306460493, 35.625812999849614], [139.4014417752498, 35.625779708545984], [139.40147364740324, 35.62575898798655], [139.40155517387555, 35.62578317799987], [139.40164629334063, 35.62582427176557], [139.40173267114446, 35.62587259678947], [139.4018753000003, 35.625818100000075], [139.40176082359088, 35.62588533500401], [139.40175903223877, 35.62588530727153], [139.4017597424926, 35.6258869521983], [139.40176102323767, 35.62589023111571], [139.40176299481806, 35.62589120452177], [139.40176484836425, 35.62589205960353], [139.40176574920707, 35.625891392037275], [139.40176559353424, 35.62589130552699], [139.4019289000003, 35.62575350000008], [139.40176610252806, 35.62589078549263], [139.4017661239367, 35.625890759503854], [139.4017660633079, 35.62589072245039], [139.40176613630385, 35.62589073887612], [139.4017667489694, 35.62589038018573], [139.40176725732388, 35.62588936384588], [139.40182152691085, 35.62591881032918], [139.40187976489858, 35.625961804766256], [139.40189354686075, 35.625985487438314], [139.4018721969794, 35.626054249401], [139.40181568288605, 35.62611127821265], [139.4017435067574, 35.62618747923283], [139.401682014769, 35.62626002074083], [139.40160980233173, 35.62633549202927], [139.40158587257767, 35.62637943435457], [139.40153885789744, 35.626455464518834], [139.4015147331125, 35.626499313189385], [139.4014647000003, 35.62659150000008], [139.4014847268629, 35.626527701574865], [139.4014444898935, 35.626538549182506], [139.4013653297945, 35.62652859554798], [139.4012688391674, 35.626495723133964], [139.40116808397954, 35.62647613493498], [139.4010613005636, 35.62643863384654], [139.4009585900805, 35.626406167027746], [139.40094706641275, 35.62640447869463], [139.4008199649771, 35.626374436965726], [139.40069379778583, 35.626338794372636], [139.40056738668287, 35.62630340163508], [139.40043606847547, 35.62627488366402], [139.40031744284678, 35.62624151815974], [139.40022275659877, 35.62621882652254], [139.40006671580971, 35.62617310084775], [139.39999027045445, 35.62614639201119], [139.39992441978455, 35.626133761848635], [139.3996001000003, 35.62623760000008], [139.3998274000003, 35.62614520000008], [139.39982660000032, 35.62612680000008], [139.3998356000003, 35.62613460000008], [139.3997918000003, 35.626112400000075], [139.39982090000032, 35.626119100000075], [139.39984240000032, 35.626072300000075], [139.39982190000032, 35.62611890000008], [139.39988960391995, 35.62610523816562], [139.3999170000003, 35.62619060000008], [139.3998037000003, 35.626119700000075], [139.39986179116707, 35.626120810104496], [139.39985489475782, 35.62612831950139], [139.39989792737018, 35.62612845888519], [139.39989785531156, 35.626128497166526], [139.39989778146384, 35.62612850342428], [139.39989763684065, 35.62612844346741], [139.39989758419023, 35.62612845792338], [139.39989753028422, 35.62612840904082], [139.3998552351909, 35.62613211104934], [139.39983830000028, 35.62612860000009], [139.3998641365551, 35.62611961680772], [139.39982520000032, 35.626090600000076], [139.3998870301757, 35.62609832242937], [139.3998831368238, 35.62609485581194], [139.39988278392445, 35.62609519153528], [139.39987739737307, 35.626095732948016], [139.3998753962487, 35.626098085963584], [139.39983330000032, 35.62614720000008], [139.3998944862433, 35.62612882492743], [139.3998947651741, 35.626129078550015], [139.39990416494513, 35.62615087293199], [139.3998941495905, 35.626129362690826], [139.39989404657817, 35.62612930754178], [139.3999211665151, 35.62613705389639], [139.39989392967462, 35.62612939020728], [139.3998939000003, 35.626116100000075], [139.399893880514, 35.62612936911494], [139.39994835655074, 35.62614095956841], [139.39982240000032, 35.62616930000008], [139.39985900000028, 35.626174400000075], [139.3998359000003, 35.626187800000075], [139.3998159000003, 35.62611660000008], [139.3998890299485, 35.62610913713689], [139.39987970000033, 35.62618020000008], [139.3999200265749, 35.62607882356966], [139.3998915638226, 35.62612794343394], [139.39989147932897, 35.62612785171778], [139.3999425692019, 35.62607688880217], [139.39994905717856, 35.626076868700004], [139.3999351138416, 35.62608065994578], [139.39989141691552, 35.62612815146899], [139.39991976364186, 35.62608613625761], [139.39993091494696, 35.626090543875875], [139.39979320000032, 35.626150800000076], [139.39995069347364, 35.62611979345008], [139.39995389815198, 35.626120115937006], [139.39995922837065, 35.626126159610195], [139.39995763427206, 35.626122466399394], [139.39995532120517, 35.62612316723497], [139.3999584521243, 35.62612690425039], [139.3999581036993, 35.62612999296822], [139.39995387021804, 35.62612861065523], [139.39984970000032, 35.626143400000075], [139.39981070000033, 35.626141600000075], [139.39984730000032, 35.62616970000008], [139.3999066000003, 35.62618270000008], [139.3998906246942, 35.62612902892234], [139.39988600000032, 35.62614420000008], [139.3998907267162, 35.62612912002715], [139.3998518000003, 35.626147100000075], [139.3999069000003, 35.626083900000076], [139.39980777723324, 35.626099606510806], [139.3997150103703, 35.62609189031681], [139.39967524129355, 35.62608030050642], [139.39963907971764, 35.62607040188236], [139.39959549127673, 35.62604595919371], [139.3995623417174, 35.62601084258499], [139.39952579968312, 35.626000370743384], [139.3995276331324, 35.62592908041796], [139.3995409438899, 35.62588541702863], [139.39955592788246, 35.62584469869437], [139.39959830150474, 35.62577164218998], [139.3996188119213, 35.62570477059082], [139.39964636603437, 35.625612083525596], [139.39966292876883, 35.625568459822404], [139.39970957203445, 35.625533515513375], [139.39975881059624, 35.625538798375224], [139.39980610812384, 35.62554825657575], [139.39986877181659, 35.625573657178904], [139.3999343392985, 35.625596895134514], [139.39999840193735, 35.625622192298145], [139.40005708021232, 35.62564888584307], [139.4001217496641, 35.62567742016442], [139.40022088781603, 35.62573566490103], [139.40032722592719, 35.62578049617983], [139.4003943656972, 35.62581083007853], [139.40047149169092, 35.62584236801809], [139.4005728189108, 35.6258891787172], [139.40061536037433, 35.62590722681236], [139.40064416849103, 35.62592303112328], [139.40068977516992, 35.62591652424321], [139.40072078596472, 35.62590524438776], [139.40078624321654, 35.625855414248484], [139.40081791493125, 35.625818472534355], [139.40083467211932, 35.6257905464334], [139.40089152702092, 35.625724163189034], [139.40094081516236, 35.625645331445504], [139.4009585429, 35.625609590070376], [139.40096018752496, 35.62560810326292], [139.40096360535253, 35.62558986713113], [139.40098227182332, 35.6255704434087], [139.4010554000003, 35.62551450000008], [139.40100664844653, 35.62554238930402], [139.4010165758299, 35.62552714306879], [139.40102055006565, 35.62552485462071], [139.40098910000032, 35.62547670000008], [139.4010111535255, 35.62552343005872], [139.401017060842, 35.62552574269206], [139.40101087151083, 35.6254917612677], [139.4009959048249, 35.62545804333689], [139.40096887272463, 35.62542171174206], [139.400928861067, 35.62538856689103], [139.4008320378137, 35.62532681772646], [139.40075944820757, 35.62528651551904], [139.40069960356362, 35.62525608233894], [139.40061137502641, 35.625220712407646], [139.400553780904, 35.62517946678497], [139.4004210070276, 35.62509997066781], [139.40035561988836, 35.62506366131704], [139.40029553333025, 35.62502949248213], [139.40021504430396, 35.6249876222474], [139.40015323252413, 35.624954940767786], [139.40007089663646, 35.62491976838352], [139.4000209421242, 35.624891952713284], [139.39995529124823, 35.624878366465886], [139.39987555001537, 35.624915171738444], [139.39982865266444, 35.624968697325286], [139.3998098058612, 35.625014551564355], [139.39979087955368, 35.625088375227364], [139.3997605446256, 35.625203457959245], [139.39974282682175, 35.62526450692031], [139.39970811874497, 35.62538116900789], [139.39967954721575, 35.625483513079544], [139.39970431386004, 35.62552656009553], [139.39975904170652, 35.62555544711707], [139.3998559800456, 35.62560048924878], [139.39991957793416, 35.625616865431724], [139.39998215743327, 35.625639108414425], [139.40011105959215, 35.625698326101904], [139.40018510677007, 35.62572943532305], [139.40028077595923, 35.62576348101421], [139.40035891863786, 35.625792470807475], [139.4004387208126, 35.62582368505895], [139.40055543392202, 35.62587208130763], [139.40062427003994, 35.62591043836408], [139.40062511136878, 35.6259225276753], [139.40063810672066, 35.625969811495885], [139.40062824561443, 35.626004305534195], [139.4006048458832, 35.62603602280927], [139.40056779291984, 35.6260737868654], [139.40053297541766, 35.62611225334426], [139.40050064626777, 35.62615827534177], [139.40048246237575, 35.62617590057376], [139.40048062732566, 35.626189207042565], [139.4004949312471, 35.62620790294047], [139.4004929747278, 35.62620419580269], [139.40050317250066, 35.626204538656], [139.4004865916366, 35.626237195100565], [139.40048503933332, 35.62624366334856], [139.40048491744477, 35.62624579420217], [139.4004840644583, 35.62624502723085], [139.400500003916, 35.62626640411576], [139.40055677062688, 35.626314845388535], [139.40059406149484, 35.62633110083137], [139.40066553836203, 35.62633998393171], [139.4007243398472, 35.62635251900214], [139.40076903143833, 35.62637691772507], [139.4008372614677, 35.62639287210524], [139.40091068677756, 35.62641392496073], [139.40104033079234, 35.626459297713865], [139.4010900128875, 35.626470006924315], [139.40121445411603, 35.62648950666376], [139.40133456337873, 35.626528512332115], [139.40142712524542, 35.62655564908308], [139.40151481212555, 35.62658274506369], [139.4016469013581, 35.626607780775636], [139.4017244186996, 35.62662339454482], [139.4017870744203, 35.62664479073889], [139.40187048003256, 35.62667172739287], [139.4018935136634, 35.62675328598904], [139.40185398314438, 35.62683819418278], [139.40181173165072, 35.62695186810768], [139.40179471356862, 35.62701923569749], [139.4017480130104, 35.62709858335864], [139.40170685107518, 35.6271287480167], [139.40160032628418, 35.627154087473116], [139.40155997484635, 35.627135820735], [139.40146990474943, 35.62711028816976], [139.40140078074637, 35.62709282358698], [139.40126887555036, 35.62705510387811], [139.40117381475395, 35.62701597944372], [139.4011002418409, 35.6269936606433], [139.40101983878634, 35.626964439433074], [139.4008884965647, 35.62692297098696], [139.4007952171452, 35.626894054004104], [139.4006462806152, 35.626852732671196], [139.4005496762462, 35.62682688250512], [139.40043588831387, 35.62680347763899], [139.40032241546209, 35.62677198409944], [139.40024314627257, 35.62675721762651], [139.400151391422, 35.62673334704757], [139.4000443229797, 35.62670401757749], [139.39993552426856, 35.626678473525416], [139.39975900474576, 35.6266319910561], [139.39961313348854, 35.62659251798753], [139.39943164682356, 35.626543929431364], [139.39939221240041, 35.626514366576636], [139.39937087775502, 35.626476184450276], [139.39938192896017, 35.626436924687354], [139.39939559056702, 35.626396223819256], [139.39941805114378, 35.62631938282113], [139.3994197806559, 35.62626504801359], [139.3994406958293, 35.62620619278082], [139.39947432906212, 35.626117582008696], [139.39947050478193, 35.626090953532966], [139.3995064496494, 35.6260628227364], [139.39959950110585, 35.62606228594849], [139.39966082879508, 35.62607735940912], [139.39971909927112, 35.62609257106133], [139.39980702788233, 35.626122237733604], [139.39987270008353, 35.626143329218635], [139.39998011233914, 35.6261721678366], [139.40004411181744, 35.62619230130978], [139.40014701000308, 35.62621485369554], [139.40023182984592, 35.626220125152436], [139.40034110441212, 35.62624573364046], [139.4004536605465, 35.62627079188334], [139.4005660820997, 35.62629986193325], [139.4006399301679, 35.62632399408016], [139.40071972395694, 35.626346311595704], [139.4007986176642, 35.626370467276764], [139.40087560292338, 35.62639298429107], [139.4009878777629, 35.62642448062838], [139.40111865216588, 35.62645564292167], [139.40120459437205, 35.62647732501524], [139.40132337675098, 35.62651223008159], [139.40140166417478, 35.62653371419517], [139.40153590046486, 35.62656992005138], [139.40162120112845, 35.62659850319931], [139.40180282908324, 35.62665026116586], [139.4018936116673, 35.62667782556369], [139.40203594370803, 35.62672232482344], [139.40215355611053, 35.62676215051366], [139.40227473301502, 35.62678783236985], [139.40244766938275, 35.62684135361889], [139.40267253051687, 35.626910872972736], [139.40287061156837, 35.62698316456572], [139.40297957084147, 35.62702826997285], [139.403077283173, 35.62708848990182], [139.40326703497936, 35.62713812616181], [139.4033379909016, 35.62715811152972], [139.40341120987642, 35.62718265682957], [139.40348911660809, 35.627198115354574], [139.4035178862309, 35.62721597577655], [139.40354237450939, 35.62725783122818], [139.40352715135552, 35.62731409167312], [139.4035210236879, 35.6273713170041], [139.40351486931672, 35.62741682389704], [139.40350725229385, 35.627455387606936], [139.40350784527678, 35.62745742402157], [139.40350641101378, 35.627460288637856], [139.40350198582405, 35.62748283888984], [139.40348922308277, 35.62756556218479], [139.40347755803847, 35.62758838614136], [139.4034582824795, 35.62759546759828], [139.4034487530412, 35.62761380000465], [139.4029593000003, 35.62772050000008], [139.40342528895152, 35.62762244126369], [139.4033408011543, 35.62761778000685], [139.40325632649368, 35.62758924380864], [139.4031735752517, 35.627570948715324], [139.403010610922, 35.627539940657954], [139.40293744262755, 35.62752264455001], [139.4027861990334, 35.6274819122827], [139.40267249206286, 35.62744780911589], [139.40249834306005, 35.62739347403994], [139.40235313991292, 35.627351927103916], [139.4022604738602, 35.627328613699525], [139.4021402810221, 35.62729841511254], [139.40203115484005, 35.627271482954704], [139.4019742999429, 35.627254091174265], [139.40192711213038, 35.627242527944915], [139.4020381000003, 35.62696890000008], [139.40192255016137, 35.627235309958124], [139.4019186985339, 35.62723705868172], [139.40191486445488, 35.62723606637968], [139.40191492905103, 35.627236258984105], [139.40200680000032, 35.626958900000076], [139.4019224840729, 35.62722509056882], [139.40192312675973, 35.627224433329324], [139.40192616370518, 35.627221096373034], [139.40192347029355, 35.627229249637004], [139.40189644267193, 35.62722253854637], [139.40184115394845, 35.62720587623629], [139.4018023426793, 35.627196763127884], [139.40173930955237, 35.627151935973586], [139.40173282031034, 35.62712860011576], [139.40174410257956, 35.627064331632916], [139.4017597117488, 35.62702452240931], [139.40181423111923, 35.62693929533953], [139.40183510977508, 35.62689036984302], [139.40186085364704, 35.62684857468118], [139.4017725000003, 35.62675300000008], [139.40190093026203, 35.626759946114554], [139.40190681132927, 35.626739780804364], [139.40190778955818, 35.626714876917646], [139.40189718728845, 35.62667743231731], [139.40187681971446, 35.626656551830564], [139.4018248312611, 35.6266319754405], [139.4017796067552, 35.626612184968586], [139.40173409503365, 35.62660483070787], [139.4016805418571, 35.62658835077701], [139.40163148199022, 35.626578323063164], [139.40156440953106, 35.62654936869688], [139.4015469269532, 35.62652782031566], [139.40155459455752, 35.626463581328714], [139.40159549881767, 35.62641098836782], [139.40162640430088, 35.62637826027216], [139.40166622018194, 35.62634144798214], [139.40169935611803, 35.62630048941178], [139.40173806234017, 35.62623344267405], [139.4017896551916, 35.6261570544135], [139.40182627635446, 35.62611489829519], [139.40184823594424, 35.626089057165764], [139.40185215679514, 35.62607964904687], [139.40210970000032, 35.62608490000008], [139.40186430327893, 35.62608047979981], [139.40186195232437, 35.62608034298544], [139.40186407965695, 35.62607894358316], [139.40186568432833, 35.62607595149577], [139.40186920175222, 35.62607309843343], [139.4018675963377, 35.62607562307129], [139.40186042237727, 35.6260775017959], [139.40186483155577, 35.62607865882532], [139.4018704313971, 35.626064841495705], [139.40190764045116, 35.62602141622962], [139.40193702785623, 35.62598823441867], [139.40196380515223, 35.625959031363166], [139.40200549918686, 35.625907565204955], [139.40205024173548, 35.62585229029268], [139.4020861566683, 35.62580420743771], [139.4021297246535, 35.62574954388023], [139.40217665790215, 35.62569540605186], [139.40222937984757, 35.62563192253668], [139.40228923732639, 35.62557927663963], [139.40234084565918, 35.625510950200166], [139.4023920766238, 35.62544407135164], [139.40248983277613, 35.625323459944696], [139.4025372481358, 35.62525775960106], [139.4025718673013, 35.62518024466672], [139.40260813047857, 35.625092948871334], [139.40264391618084, 35.62502110076494], [139.40264193198058, 35.62494967470997], [139.40263627509253, 35.62488046986222], [139.40263330037965, 35.62480804656238], [139.40260284585895, 35.62475363029763], [139.40255355700185, 35.62464647200439], [139.40252621517146, 35.624604908815726], [139.40248363737945, 35.62454963559096], [139.4024388185161, 35.62448902496216], [139.40239554236206, 35.624426663681206], [139.40235654774673, 35.624361019633646], [139.40230947040527, 35.624295783531466], [139.4022476355772, 35.62420111558128], [139.40219848200115, 35.62413587291008], [139.4021428968463, 35.62406185562362], [139.40207797734192, 35.623974146321046], [139.40203935396124, 35.62388494130206], [139.40207249095968, 35.62382840044581], [139.40220524989033, 35.6237439402857], [139.40231715779757, 35.62368324772401], [139.40235470700725, 35.623660853511495], [139.40246883395105, 35.6236089569914], [139.40259156673798, 35.623568781239854], [139.40268499481598, 35.623535622372636], [139.40278332028308, 35.62349078850263], [139.40289665396648, 35.62343976497466], [139.40298653422312, 35.62340469786823], [139.40307802317372, 35.62337543497984], [139.40316912325557, 35.62333798871911], [139.40325346013364, 35.62330925964178], [139.40333608849744, 35.62328048688614], [139.403418139092, 35.62325056473182], [139.4034990914418, 35.623222586579246], [139.40357852940116, 35.62319741195153], [139.4037008906906, 35.62314690783453], [139.40379832976143, 35.62310536794414], [139.40388046026732, 35.62309407951624], [139.40396273684604, 35.623087056734896], [139.40410834636992, 35.6230756856704], [139.40419680159224, 35.623089247471086], [139.4042917868268, 35.623114006338945], [139.40437136045108, 35.623143896760425], [139.40445437394018, 35.623177572500495], [139.40452354149429, 35.62322162382017], [139.40460512659956, 35.623263202975714], [139.404687079285, 35.623308011085996], [139.40476419986197, 35.62335124038581], [139.40485827045669, 35.62338636502878], [139.40494274266092, 35.6234274623361], [139.40506806763455, 35.62347895367357], [139.4051041061702, 35.62349660083813], [139.40512207764993, 35.623519630777075], [139.40512233705687, 35.62354196888152], [139.4051114447928, 35.623570076152355], [139.40508638825025, 35.623591724553044], [139.40505981707375, 35.62361736177442], [139.40499074041392, 35.62369986051735], [139.40495175494556, 35.62375783488581], [139.40492114007625, 35.62382034637499], [139.40486571003777, 35.62389675967521], [139.4048301872934, 35.62394451261586], [139.40480306303897, 35.624026158133844], [139.40479328394176, 35.62408433466663], [139.40478864385167, 35.62416713342325], [139.40477567698554, 35.62413910686005], [139.40476615524202, 35.62425170114721], [139.40479006565357, 35.62435494265554], [139.4047882157868, 35.62441874942337], [139.40479316639022, 35.62448374398987], [139.40479351223814, 35.624550616952725], [139.40478800948372, 35.62460293264867], [139.4047877260468, 35.62464593024973], [139.40476899786773, 35.62467475304115], [139.4047606855395, 35.624689630658054], [139.4047497542204, 35.62470339090136], [139.40465328176526, 35.624720896446846], [139.40460179875248, 35.62471724118533], [139.40454720175163, 35.624721344569735], [139.40446663313452, 35.62472573541943], [139.40440256498545, 35.62473398464852], [139.404354690445, 35.62474434094826], [139.40431088838548, 35.62475077266562], [139.4042819403076, 35.62474538479486], [139.40426421841138, 35.62474998523509], [139.40426542695803, 35.62476791984317], [139.40426123292917, 35.62478466511799], [139.4042585989663, 35.624805660958415], [139.40425105140582, 35.62482784817048], [139.40423555675108, 35.62486724909038], [139.40421793148002, 35.62489600250718], [139.40419659214058, 35.624927026481025], [139.4041715647681, 35.62495972639294], [139.40414632937876, 35.62498848165375], [139.40410999473653, 35.62502669882464], [139.4040730551484, 35.62506487761831], [139.4040480777324, 35.62509301865289], [139.404025307979, 35.625119652840304], [139.4040016925238, 35.62514456442884], [139.40397701043756, 35.62516795893276], [139.40394762928142, 35.625188641076505], [139.40389062915764, 35.625225200240344], [139.40386592154024, 35.62523132526783], [139.4038555432257, 35.625236244047755], [139.40386105276426, 35.625244403582805], [139.4038025360804, 35.62529642802767], [139.4037988469912, 35.62531900194688], [139.40380689931604, 35.62534367735833], [139.4038381373993, 35.62535836805836], [139.4038673052325, 35.625373129977476], [139.4038832030358, 35.625402944726595], [139.40393577421247, 35.62541707702375], [139.40407494728018, 35.62543513539294], [139.40414021188994, 35.6254595723833], [139.40426919743976, 35.62547774487147], [139.40431876062527, 35.62547537568582], [139.40440396773843, 35.625415920968166], [139.4043950000003, 35.62547920000008], [139.40445323993384, 35.62536577763301], [139.4044964077413, 35.62529839137177], [139.4045337851534, 35.62525091016178], [139.40457842249828, 35.62519810325226], [139.40465683848694, 35.625117789020635], [139.40472718564206, 35.62499945163067], [139.404769967595, 35.62494992884901], [139.40481219477496, 35.62491327444698], [139.40486855025142, 35.624895790700386], [139.4049099273481, 35.624889770626964], [139.40493460000027, 35.62419920000008], [139.40498702264205, 35.62494036469633], [139.40503566229899, 35.62496494558969], [139.40508676328685, 35.62499844633472], [139.40514473521097, 35.62503117725051], [139.40522403196223, 35.62507853173443], [139.4053118407107, 35.6251490649415], [139.40532452380367, 35.62517242003297], [139.40529524990987, 35.62521464433889], [139.4052541427022, 35.625260782222206], [139.4052222925083, 35.625305221074896], [139.4051822148521, 35.62534687876202], [139.40512246000904, 35.6253894047693], [139.40509152645055, 35.625433833703426], [139.40504982306103, 35.62546631676931], [139.40500920000028, 35.62556320000009], [139.4049893485158, 35.625527183786275], [139.40495444299862, 35.625565042955216], [139.40491755699426, 35.62558864444825], [139.40483964972069, 35.62557130954086], [139.40471498428468, 35.62555095004662], [139.4046166475891, 35.62554406682882], [139.40453628742867, 35.625534875335134], [139.4044507927616, 35.625517663576005], [139.40433970158014, 35.62549099379024], [139.40426012608694, 35.62547089584753], [139.4041289828511, 35.625443523541314], [139.4040474282035, 35.62542492422802], [139.40397408399608, 35.62541346165879], [139.40384901684385, 35.62537469390434], [139.4037664943277, 35.62535590335974], [139.403632393792, 35.62530048425857], [139.40351455144128, 35.62527377211095], [139.403436074712, 35.62525533551742], [139.40336403141825, 35.625174257428434], [139.40337526027926, 35.62514157690051], [139.40339945666196, 35.62509968794477], [139.40343057456442, 35.625058206788445], [139.40346361867933, 35.62501479053344], [139.40346563986765, 35.62499536747898], [139.40352046364552, 35.62491346576981], [139.40348648619974, 35.624833061653135], [139.40348430465653, 35.624801949080684], [139.4034850410893, 35.62476710799824], [139.40348247415776, 35.6247428832409], [139.40348893728128, 35.62472787660763], [139.4034700493506, 35.624698023058215], [139.40344498403093, 35.624662346191215], [139.40341747327125, 35.62462805022974], [139.40338578874588, 35.62457011291743], [139.4033636465525, 35.6245348788367], [139.40339208746636, 35.62448456930579], [139.40340720978372, 35.62444952314847], [139.40344498169344, 35.62440377389941], [139.40347892745058, 35.624351005096266], [139.40352478714763, 35.62429896863531], [139.40356086598092, 35.62425018602976], [139.40359452743937, 35.62420511803926], [139.40362804990937, 35.62419688597971], [139.4036852237686, 35.62421014932961], [139.40378022851704, 35.62427160358342], [139.40383075274661, 35.62429155343337], [139.40392010373142, 35.6243105987773], [139.4039805074618, 35.62431409823242], [139.40404300783499, 35.62432302791864], [139.40415588419953, 35.62432740565705], [139.40429133930692, 35.62432745990052], [139.40437579858883, 35.62433220840107], [139.4044789602329, 35.62432697967549], [139.40458251250595, 35.62431210629496], [139.40465858159195, 35.62430872642006], [139.4047331233408, 35.624307370667246], [139.4047567510088, 35.62431001865476], [139.40478731438014, 35.62427979661966], [139.4048075464942, 35.624222264871754], [139.404807505879, 35.62417717899617], [139.404799746707, 35.62414075970183], [139.40480124519715, 35.624099994782405], [139.40478299564384, 35.62407569692652], [139.40475848297982, 35.62405560174826], [139.40106005407705, 35.621820257636834], [139.40471119898024, 35.62403190272836], [139.40464968354806, 35.62403676705555], [139.4046080265475, 35.62402200605459], [139.40663348843978, 35.627602012769245], [139.40454413281807, 35.62399062449301], [139.40445908862114, 35.62394404313537], [139.40435769118218, 35.62390545142425], [139.40433077995837, 35.62389090346405], [139.4042918495262, 35.62385963693574], [139.4042815258266, 35.62382250136924], [139.40434947281068, 35.62376837276372], [139.40437970694032, 35.623705986441514], [139.4044125519495, 35.62365951057254], [139.4044620098603, 35.62361754057183], [139.40451033425308, 35.62358651290407], [139.40456139455938, 35.623581143976246], [139.4046136920463, 35.623585816772945], [139.40462590000033, 35.623533800000075], [139.40475824628848, 35.62365742761665], [139.404847969539, 35.623709447273555], [139.40490253616744, 35.62372811059672], [139.40493097396094, 35.62375209831268], [139.40494074742367, 35.623775494593254], [139.40491890000033, 35.62380960000008], [139.40492815093396, 35.623819418709445], [139.40490338394855, 35.623864637028255], [139.4048634340946, 35.62391695022661], [139.40482087899022, 35.623975893138635], [139.4047990896315, 35.624040265949745], [139.4047829330977, 35.624096822116584], [139.4047820027325, 35.624143935218406], [139.40478580400804, 35.62421433963854], [139.40478517832761, 35.624284137942986], [139.40478447010045, 35.62435654751165], [139.40478487266748, 35.624432498339004], [139.40478460054658, 35.62450375734493], [139.40478946396118, 35.62460618346892], [139.4047871347059, 35.62466135852491], [139.40477504758613, 35.62470181168213], [139.40473251787185, 35.624711763672195], [139.40471660193418, 35.624723688452505], [139.40464571565985, 35.624730482108376], [139.4045857078504, 35.6247340374929], [139.40451569458952, 35.62473443411845], [139.40443647980504, 35.62474181295237], [139.40432656689512, 35.62473996329139], [139.4042735007831, 35.62472006411188], [139.40424977989016, 35.62470873315415], [139.40423137735377, 35.62468166449382], [139.4042088942252, 35.62465748237589], [139.40415390616525, 35.62464669457415], [139.40411421310804, 35.62463764941709], [139.4040440044593, 35.6246290361976], [139.4040326161356, 35.62463167350462], [139.4040320201728, 35.62463258014449], [139.4040477387293, 35.624636160399255], [139.40407111005626, 35.62463532901879], [139.40411388113444, 35.62464161668855], [139.40414065039988, 35.6246366352804], [139.40420192087097, 35.624643247257886], [139.40423057274566, 35.62463817579071], [139.40424754145815, 35.62463797326968], [139.40425862016878, 35.624639476044834], [139.4043050000003, 35.62475690000009], [139.40422453131498, 35.62466876997285], [139.40421549070754, 35.624687905269404], [139.40421152236914, 35.624731315760414], [139.40419029793867, 35.62474440745668], [139.40416916933023, 35.62475645579002], [139.4041337873585, 35.62476484221629], [139.404074886322, 35.62475458514292], [139.40399614723546, 35.6247554346671], [139.4039276733709, 35.624756812078196], [139.40381522292748, 35.62474650972625], [139.40370509372957, 35.62475257630092], [139.4035765362097, 35.62474505272596], [139.4035081714153, 35.62473071307555], [139.40345851392803, 35.62470299946641], [139.4034307305288, 35.62467996629289], [139.40337160596277, 35.62457832797683], [139.4033711437649, 35.62452072639606], [139.40338901828173, 35.62448163387887], [139.40342975057945, 35.62441961438171], [139.4034718038495, 35.62436118435973], [139.4035174476536, 35.624299878059425], [139.40356746330468, 35.624235620587285], [139.403609879973, 35.624179567442155], [139.40367801376166, 35.624084637796024], [139.40373508473354, 35.62401123868788], [139.4037855594569, 35.623937968618534], [139.40382938111708, 35.62386286309513], [139.4038778928532, 35.623792368519815], [139.40392933792364, 35.623718120074585], [139.4039835934296, 35.62364619799512], [139.4040392787501, 35.62357657661556], [139.40409096160275, 35.62350584378011], [139.4041381748599, 35.623436264859926], [139.40418542805534, 35.623368451091835], [139.4042310703579, 35.62330765243017], [139.40427567383094, 35.62324157768285], [139.4043186209549, 35.62319890760033], [139.40431281587857, 35.62319249817596], [139.40431915951118, 35.623184933269954], [139.40423220000028, 35.62320030000008], [139.40433315165885, 35.623160733548225], [139.40433255622588, 35.62314433526223], [139.40432080491192, 35.62310841950351], [139.40426239768865, 35.62307545052254], [139.40422947150714, 35.623069324127826], [139.40418349857907, 35.6230494320333], [139.40410871937598, 35.623047035491595], [139.40404867484338, 35.623044162683996], [139.40398840449618, 35.62304228963266], [139.40391965973407, 35.62304156648805], [139.40384738394206, 35.62304404499023], [139.40382064007187, 35.62305374376766], [139.4037895202619, 35.623034859068], [139.40376722814923, 35.62301471785025], [139.40374375096528, 35.622997336980255], [139.4037116695107, 35.62297570950327], [139.40367559717015, 35.62295054653765], [139.40364176780105, 35.622923198696974], [139.40360516605992, 35.62289825263186], [139.4035567652131, 35.62286120142693], [139.4035169893224, 35.62281961168372], [139.4034878387497, 35.622795310882765], [139.40345278083518, 35.62276749171243], [139.40341809746778, 35.622731628166584], [139.40337876213977, 35.62270134291312], [139.4033398392512, 35.62266220390165], [139.4032966039112, 35.622624072692545], [139.40325363579976, 35.622590256790566], [139.40321047555102, 35.62256085398939], [139.40317652488727, 35.62254651011449], [139.4031653942715, 35.62253715887262], [139.403139036265, 35.622514473046714], [139.40308382967262, 35.62247315696088], [139.40303508448153, 35.62243440956642], [139.40300104000275, 35.62239601926017], [139.40294718720727, 35.622380100292716], [139.40291703152513, 35.62237604711599], [139.40288570619728, 35.622377141279706], [139.4028347933159, 35.622389258898586], [139.40278466931218, 35.62242007214532], [139.40272852472816, 35.62243530590578], [139.40268577637568, 35.622467206220314], [139.4026272657721, 35.62249817589457], [139.40253923090995, 35.6225408919772], [139.40246492441045, 35.622576044246365], [139.4024221199945, 35.62260600297373], [139.40235902071305, 35.62266583491947], [139.4023162963212, 35.622706292264354], [139.40227265893108, 35.62274443445864], [139.40223058680277, 35.622789862553375], [139.40219264147314, 35.62283589565784], [139.40215990251914, 35.622889672478976], [139.40214984903858, 35.622918685214565], [139.4021878567952, 35.622935412059356], [139.40223509577922, 35.622970708991396], [139.40226545499854, 35.622991048665675], [139.40232145221754, 35.62301143672797], [139.40239272153073, 35.62305040898935], [139.40243022736738, 35.62306176213449], [139.40247147707836, 35.62306681698442], [139.40251689648915, 35.623070266214334], [139.40256582757215, 35.623072883740754], [139.40262037883542, 35.623054431975795], [139.40267868557677, 35.62304415562352], [139.40274322352465, 35.62304325449728], [139.40280927702804, 35.62303647948073], [139.40287847804518, 35.62302684133249], [139.40295359541724, 35.62301760377012], [139.40303255875858, 35.62301094893603], [139.40310197837528, 35.62300611209376], [139.40314179085348, 35.62300685472341], [139.4031799869487, 35.62299487273022], [139.4032100103317, 35.622967495817385], [139.40325658233732, 35.622947113104566], [139.40330727400186, 35.62290615506843], [139.40334256329126, 35.6228700256557], [139.40337461029725, 35.622839788685106], [139.40341399742033, 35.62281631848448], [139.40342172478282, 35.62280426258496], [139.40341693573427, 35.622745100734555], [139.40339338454405, 35.622722901695965], [139.4033668396654, 35.62269942269415], [139.40332002639425, 35.62266226703534], [139.40330042013218, 35.622646261626386], [139.40326382288558, 35.6226201896924], [139.40321107616418, 35.62259028849862], [139.40316620393878, 35.622561436518986], [139.40313530403287, 35.62255878831012], [139.40310887024864, 35.62256569062342], [139.40308145986992, 35.62259771799168], [139.4030736165109, 35.622620814283046], [139.40306178044602, 35.62267024034585], [139.4030375355919, 35.62271150217462], [139.40301112794103, 35.62272275746635], [139.4029771558575, 35.622724936869794], [139.402941286121, 35.62273499462946], [139.40289962247195, 35.6227423439015], [139.4028590121395, 35.62275300759083], [139.40280570968937, 35.6227656116958], [139.40271254216086, 35.62277809116403], [139.40266211735718, 35.6227819526225], [139.402598213761, 35.622789932648836], [139.40249549695025, 35.62279899033171], [139.4024373688251, 35.622777369127384], [139.40239450875237, 35.62275511650542], [139.40235381584242, 35.62272049951891], [139.40235162968125, 35.62271635728877], [139.40232874192338, 35.62268727744852], [139.40236185842684, 35.62262766731229], [139.40242449106844, 35.62257427900985], [139.4024773242553, 35.622560752143805], [139.4025484135501, 35.62252448165331], [139.40260053491164, 35.62250400060723], [139.40266186623853, 35.622456059197994], [139.4027132495552, 35.62244034094529], [139.4027790788715, 35.62241253936894], [139.40282969492876, 35.62239548026223], [139.40286244067326, 35.622386784953186], [139.40293296806973, 35.62241436273789], [139.4029895551466, 35.62245740230084], [139.4030284877155, 35.62248596942411], [139.40312251173063, 35.622558262615726], [139.40319377766335, 35.62261269894741], [139.40330040884584, 35.62268994634491], [139.40336134806063, 35.622737263844776], [139.4034215811601, 35.62276776871793], [139.40347823060782, 35.622802390520214], [139.40354069529616, 35.62284165290722], [139.40358994487627, 35.62286474612574], [139.4036410000003, 35.62293050000008], [139.40370807568289, 35.6229516213985], [139.40370932438398, 35.6229452115317], [139.4037059615713, 35.622946698503014], [139.4036860000003, 35.623060200000076], [139.4037705596, 35.62297815614258], [139.40377876496044, 35.62299494637546], [139.40378154879866, 35.62299586479271], [139.4037814101617, 35.62300615008444], [139.4037764255623, 35.62303161634808], [139.40376409141405, 35.62304490183844], [139.4037077509093, 35.623072695695114], [139.40363221739483, 35.62310456097957], [139.40354972042596, 35.62313656197785], [139.4034922919491, 35.623157837069606], [139.4034230978558, 35.62318764128372], [139.40335497085994, 35.62321148520618], [139.40327811307168, 35.62324267624686], [139.40320601136474, 35.623275712087604], [139.40312225745342, 35.623304974435], [139.40299446198446, 35.62335381830498], [139.40290781131287, 35.62338423578268], [139.4028185482051, 35.62341547411734], [139.40295884666634, 35.62336729548384], [139.3999125822965, 35.626133522097696], [139.4026007355594, 35.62352244099672], [139.40250865707543, 35.62356678538283], [139.40236479352043, 35.62364304167079], [139.4022829695556, 35.62369615285712], [139.40219006902836, 35.623757459877915], [139.40211081647766, 35.62380550003031], [139.40206861205607, 35.62382671522465], [139.40201304236854, 35.62385482935359], [139.4019651468399, 35.62383653355468], [139.4018720394061, 35.62377874368016], [139.4018456991412, 35.6237556829204], [139.40180641765275, 35.62372717935617], [139.4017622904963, 35.62368953467882], [139.40168728205427, 35.623653352810805], [139.4016296143812, 35.62362465971693], [139.40155680172325, 35.62359191155768], [139.4015021644297, 35.623555764625465], [139.40145393731058, 35.62354142131875], [139.40141293775295, 35.62351726452043], [139.40136430439594, 35.623495292148526], [139.4015172000003, 35.62355830000008], [139.40128270130364, 35.62345415775895], [139.401232735099, 35.62341489162485], [139.4011745966522, 35.62338745802672], [139.40111067336463, 35.623356273832414], [139.40098948071812, 35.62329825960521], [139.4009454278007, 35.623274007949675], [139.40087051466105, 35.62323848783586], [139.40079857751832, 35.62320269056632], [139.40073070109423, 35.62316682149932], [139.40063530155635, 35.62312399784486], [139.40054391051055, 35.62306751572097], [139.40045624772398, 35.62302268129793], [139.40039220981694, 35.62299435537582], [139.40033508672263, 35.6229719835769], [139.40019784124652, 35.62289811819616], [139.40011863287458, 35.62286859462015], [139.4000055561411, 35.62283878860732], [139.3998696464129, 35.62281673922843], [139.39977555424196, 35.62280911502159], [139.3995342855439, 35.62281084124296], [139.39938037771537, 35.62282736988676], [139.39929697203564, 35.622845751023995], [139.39922715508627, 35.62286135888327], [139.39915813313462, 35.622879836644145], [139.39915254692244, 35.62287555536428], [139.3991567251485, 35.622880820425465], [139.3991571234641, 35.62288320711351], [139.3991517229714, 35.62288575332189], [139.3991513576972, 35.62288918646471], [139.39915716912085, 35.62288898749763], [139.39915690197898, 35.622891556273565], [139.3991606495983, 35.62289379960509], [139.39916010744142, 35.622894598960166], [139.39915236644754, 35.6228865022563], [139.3988673000003, 35.62293140000008], [139.3991518016718, 35.62288661449758], [139.3991519729028, 35.62290585745537], [139.39909711213454, 35.622903924256626], [139.3990313615809, 35.62290215696046], [139.3989606440186, 35.62285222401881], [139.3989269152948, 35.62277790744828], [139.3989084323813, 35.622719479369756], [139.39886314637675, 35.622621036167864], [139.39881594574726, 35.622512940860304], [139.39876745360434, 35.6223907541433], [139.3987388661834, 35.62230995566389], [139.39869941878948, 35.62222329960592], [139.39862392075065, 35.62208111822208], [139.39858116808446, 35.62198126208601]]}}, {"type": "Feature", "properties": {"route_id": "09.05.dt-post-processing-raw-data", "source_file": "data\\RMI Datasets-20260831T060855Z-1-002\\RMI Datasets\\Data by Sukayat\\RF - Data Requirements\\data\\DT Agent\\09.05.dt-post-processing-raw-data.csv", "points": 2438, "avg_rsrp": -84.39}, "geometry": {"type": "LineString", "coordinates": [[139.40209999421617, 35.62620746926686], [139.4020999967152, 35.626210009944515], [139.40210041323638, 35.626209339331396], [139.40211190320923, 35.62616767304355], [139.4022072000003, 35.626174600000084], [139.40211036797788, 35.626162788444326], [139.40211113443453, 35.62616284695325], [139.40211169884827, 35.626162652784394], [139.40210830000032, 35.62614080000008], [139.40211190288449, 35.626162393667194], [139.40215472134568, 35.62616545702908], [139.40211259494222, 35.6261627664518], [139.40211344924393, 35.62616282855058], [139.40211381841357, 35.62616271276309], [139.4021678000003, 35.626124600000075], [139.40211415970418, 35.626162460600526], [139.40215269117533, 35.62616806954337], [139.4021148541153, 35.626162217055935], [139.40211526927476, 35.62616190564634], [139.4021335000003, 35.62617360000008], [139.4021159370484, 35.62616171791039], [139.40211633229384, 35.626161931105464], [139.40216483876324, 35.62614978808308], [139.4021171547159, 35.62616223024967], [139.40220120000032, 35.62617040000008], [139.40216875459507, 35.626144506611645], [139.4021181339691, 35.62616241174242], [139.40216823526976, 35.626148591073004], [139.4021191822076, 35.62616240632329], [139.40215842006828, 35.62613346856949], [139.4021200141717, 35.62616197057873], [139.40217117890796, 35.626126072963125], [139.40216453355438, 35.62612445592433], [139.40212057002594, 35.62616178867206], [139.40212079443785, 35.62616172940071], [139.40215846133594, 35.62612338508224], [139.40215650355654, 35.62612115088483], [139.40215438540642, 35.626126595166404], [139.40212150121187, 35.62616161366043], [139.4021216313095, 35.62616163477685], [139.40212222509368, 35.62616151396495], [139.40222050000028, 35.626131900000075], [139.40212275430954, 35.6261613530015], [139.40220880000032, 35.62615490000008], [139.40212381682318, 35.62616119356129], [139.40220170000032, 35.62619620000008], [139.4021243830449, 35.62616139880872], [139.40216320000027, 35.62614170000008], [139.40212510867764, 35.62616143243761], [139.40213724851358, 35.62619555053254], [139.40212580780678, 35.62616178620559], [139.40212611695546, 35.626162009941105], [139.40212640966138, 35.626161876746266], [139.40216069618202, 35.62618012225352], [139.4021617942792, 35.62617668930233], [139.40221950000029, 35.62612800000008], [139.402127900972, 35.62616163693971], [139.40219542674615, 35.62614409264109], [139.40216060000031, 35.62618690000008], [139.40219174979143, 35.62615265472292], [139.4021948910554, 35.62615472145768], [139.40219783031932, 35.62615174357842], [139.40219801913696, 35.626135441071334], [139.40219969966952, 35.62612983668137], [139.4021936947911, 35.626131860467154], [139.40212810431686, 35.62616179633613], [139.4021928000003, 35.62616850000008], [139.40219537995398, 35.62612144258746], [139.40219350423828, 35.626112527202004], [139.4021997396927, 35.62611612649848], [139.40220104204028, 35.62611100301594], [139.40220148016132, 35.62611734572068], [139.40220409718242, 35.62611791689236], [139.40220350944801, 35.62612011280309], [139.40212895582135, 35.62616178309137], [139.40220633515057, 35.626116817144364], [139.40220159884433, 35.62611414856265], [139.40212919192666, 35.626161791046044], [139.40212958361792, 35.626161702786796], [139.40212978429358, 35.62616164829624], [139.40220373620886, 35.62607897963059], [139.40219708615, 35.62608030081354], [139.40212997863117, 35.626161563395534], [139.40219129442048, 35.62608939689831], [139.40218896733984, 35.62608403969457], [139.40218774258403, 35.62608887738747], [139.40218399494077, 35.62608958284165], [139.4022382000003, 35.626155600000075], [139.40213113405153, 35.6261612893042], [139.40217887290729, 35.62609429123568], [139.4021746050388, 35.62609695331232], [139.40213156559477, 35.6261612442903], [139.40217699834358, 35.626099051235244], [139.40213191947038, 35.626161307052485], [139.40218059840805, 35.62608045558961], [139.4021805539627, 35.62608951222081], [139.40220750000032, 35.62621110000008], [139.4021323571258, 35.626161558960064], [139.40217095071446, 35.6261212583809], [139.4021714124312, 35.6261264585922], [139.40217385714627, 35.62612336080179], [139.40222180000032, 35.62616390000008], [139.40217007420162, 35.62612638231953], [139.40221900000031, 35.62612670000008], [139.4021331925655, 35.62616163640141], [139.40214143601168, 35.626126597738256], [139.40225280000033, 35.62615290000008], [139.40213388120966, 35.62616171969919], [139.40215625522004, 35.62611077566348], [139.40213463483292, 35.62616168507881], [139.40213490379975, 35.62616167586155], [139.40213515258793, 35.626161654189694], [139.4022445000003, 35.626140100000086], [139.40213560199183, 35.62616155570285], [139.4021673122313, 35.626101590156814], [139.402135982977, 35.62616146244181], [139.40213601276656, 35.62616145304243], [139.40213602561144, 35.62616144081361], [139.4021795369341, 35.626099868636594], [139.4021365897485, 35.626161367995124], [139.40217461437908, 35.62609979218482], [139.4021367474538, 35.626161346101384], [139.402136923476, 35.62616122730506], [139.4021764532334, 35.626102275769604], [139.40213707394057, 35.6261611189476], [139.40213709149498, 35.626161107334035], [139.40225280000033, 35.62612910000008], [139.40213749824, 35.62616097467033], [139.40219249577123, 35.626100590809], [139.40218855745354, 35.62609719352947], [139.40218708540138, 35.626097102899706], [139.40218582625192, 35.6260966591264], [139.40218206629243, 35.626097012449215], [139.4021722718621, 35.626103338412605], [139.4022224000003, 35.62618160000008], [139.40216626565385, 35.626116023724975], [139.40213896043144, 35.62616093673255], [139.4021615775126, 35.62611198084016], [139.4022231000003, 35.62614860000008], [139.4021548121357, 35.62611078941657], [139.40215418411154, 35.626103985259064], [139.40213932893403, 35.62616089013983], [139.40219880000032, 35.62613960000008], [139.40213955881208, 35.62616078777149], [139.4021396582741, 35.626160751491796], [139.4021494530045, 35.62609526350104], [139.4021521196031, 35.62609619252795], [139.4021486467025, 35.62609778578695], [139.40214928807418, 35.62609090977531], [139.40214726348182, 35.62609237147138], [139.40213981901013, 35.626160757553], [139.40215966842942, 35.62609399124556], [139.40215567767802, 35.626094598874246], [139.40216176378345, 35.62609380476597], [139.40216290525603, 35.62609077445258], [139.40214062178492, 35.62616039054713], [139.40216854516103, 35.62608528291405], [139.40216853757215, 35.626079365378786], [139.40216624193624, 35.62608090755907], [139.4021651288478, 35.62608025904887], [139.4021412709333, 35.626160422441366], [139.40214139434138, 35.62616018721412], [139.4021668877022, 35.62607860555064], [139.4021689748757, 35.62607429033409], [139.4021415738077, 35.62615985630856], [139.40217207761324, 35.62607453999564], [139.4021670554054, 35.626073351064015], [139.40217119501145, 35.62606507681968], [139.4021423498211, 35.62616006764891], [139.40214237462573, 35.62616005717227], [139.40218083862084, 35.626067977215094], [139.40218114302132, 35.626071964666416], [139.40217840605476, 35.62607213331279], [139.4021796284799, 35.62607038229948], [139.4021432577269, 35.62616010275512], [139.40218371820694, 35.626075641285624], [139.40218907059528, 35.62607782737218], [139.4021436743419, 35.626160213427795], [139.4021436945118, 35.6261602176354], [139.40225290000032, 35.62621060000008], [139.40214412368385, 35.62616044049112], [139.4021443373, 35.62616054751282], [139.4021444517436, 35.62616060006021], [139.40219727073648, 35.626094685499034], [139.40214458773374, 35.626160629334045], [139.40219525916828, 35.626099307661114], [139.40219467013614, 35.62610021237666], [139.40219655390538, 35.62609473789338], [139.40217960000032, 35.626161100000076], [139.40219303750328, 35.6260941667347], [139.40219407990196, 35.626095201813094], [139.4021909578385, 35.62610140278321], [139.4022154000003, 35.62615000000008], [139.40214548562165, 35.626160458609576], [139.40218215061014, 35.62611313396102], [139.40214570002885, 35.62616042468674], [139.4021746214375, 35.626120511066425], [139.40217503329967, 35.62611400643826], [139.40217418219115, 35.626111712018044], [139.40217268607176, 35.62610893432988], [139.40216096548963, 35.62611537840881], [139.40223900000032, 35.62610250000008], [139.40214647805593, 35.62616016215458], [139.40216439529038, 35.626115024047614], [139.4021613605607, 35.626110685073385], [139.4021467394014, 35.626159951625276], [139.40223510000033, 35.62612500000009], [139.40216237029054, 35.62611320440446], [139.40214702057924, 35.62615980829855], [139.40214701716454, 35.626159798820865], [139.40222800000032, 35.626152600000076], [139.40214741450305, 35.6261597644539], [139.40215226414185, 35.626143489121034], [139.4021484303608, 35.62614783694586], [139.40214667732468, 35.62614920083652], [139.40214655190442, 35.62615043946532], [139.4021471939246, 35.62615131130317], [139.4022157000003, 35.62614180000008], [139.40214750048878, 35.62615103342193], [139.40214752330186, 35.62615083865401], [139.40214771279247, 35.62614988169643], [139.4021485289747, 35.62614895021216], [139.40214900731516, 35.62614832760725], [139.40214903913306, 35.62614834867085], [139.40221930000033, 35.62610720000008], [139.4021509672219, 35.62614641369415], [139.40219362852108, 35.62611663034582], [139.40215182090193, 35.62614623885086], [139.4022221000003, 35.62613660000008], [139.40215357922418, 35.626145490264285], [139.40215427523364, 35.626144732385164], [139.40215448177116, 35.62614478467167], [139.40215518134306, 35.62614511053143], [139.402156058015, 35.6261450436939], [139.4021565101304, 35.62614478126189], [139.40217480000032, 35.626120900000075], [139.40215715689024, 35.62614377860089], [139.40215734056366, 35.62614348950136], [139.40222900000032, 35.62616770000008], [139.4021576780139, 35.6261433562248], [139.40215896620006, 35.62613988145302], [139.40215505255583, 35.62613952636221], [139.40215279752954, 35.62614157009589], [139.40215117173128, 35.626142843311555], [139.40222360000033, 35.62614550000008], [139.4021545268466, 35.626142930673225], [139.40215533740056, 35.62614183354216], [139.40215497236227, 35.626141672225685], [139.40226770000032, 35.626174500000076], [139.40215712775247, 35.62614072188879], [139.4021573754717, 35.62614055129211], [139.40215732804688, 35.626140393571525], [139.4022048000003, 35.62616100000008], [139.4021575465036, 35.626140564829974], [139.40215757761584, 35.626140609156586], [139.40215766640065, 35.626140695215824], [139.4021760000003, 35.62619280000008], [139.40215843905378, 35.62614109084626], [139.40216603812635, 35.62609999992579], [139.40216554423037, 35.6260945078903], [139.402159112546, 35.62614139285974], [139.40216598854408, 35.62608620591258], [139.40218880000032, 35.62615270000008], [139.40215937868362, 35.6261415258751], [139.40217553424597, 35.626081319670256], [139.4021624747631, 35.62613994257259], [139.4022021000003, 35.62611770000008], [139.40216520040963, 35.626138348628466], [139.40216546057687, 35.62613817290525], [139.40216559154135, 35.6261380823408], [139.40225770000032, 35.626197000000076], [139.40216618713544, 35.6261394437409], [139.40219310173384, 35.62609832842698], [139.40216644055042, 35.626139913219056], [139.4021987000003, 35.62618130000008], [139.4021961608331, 35.62609757441242], [139.40216630154396, 35.62614074552895], [139.40216624447223, 35.62614108599469], [139.40216636656518, 35.62614137998125], [139.4022050816644, 35.62612073191222], [139.40216701208863, 35.62614140431675], [139.40216740280806, 35.626141050754335], [139.4021676326926, 35.626140882237195], [139.40219179344115, 35.62612483500069], [139.40219607628336, 35.626104915961044], [139.40216843110088, 35.626140585056035], [139.40224340000032, 35.626131300000075], [139.40216929479206, 35.626140195891445], [139.4022985000003, 35.62610600000008], [139.40216963695963, 35.626139810975296], [139.40216982983506, 35.626139403402796], [139.4021698216234, 35.62613909091586], [139.4021771890049, 35.626110558106596], [139.40217026221436, 35.62613902562214], [139.40216534472938, 35.62611304183236], [139.40217073072284, 35.62613896375776], [139.40226150000032, 35.62615330000008], [139.4021711791278, 35.62613883758403], [139.40217168352802, 35.626088328949656], [139.40216877511864, 35.62609022845821], [139.40216600926493, 35.626086520410716], [139.40216685275473, 35.62608898987188], [139.40217181384898, 35.62613876687153], [139.4021718818011, 35.626138781933626], [139.40217189842767, 35.626138589738936], [139.40216698567636, 35.62607173378611], [139.40217210056045, 35.62613843327328], [139.40217218195377, 35.626138237102566], [139.40217221965858, 35.62613812472611], [139.40216536678193, 35.62607232120769], [139.4021646585136, 35.62607183161001], [139.40216848724515, 35.62606983721524], [139.40217094485664, 35.62605979063668], [139.40217722197545, 35.62605748387084], [139.4021752659716, 35.62605873927117], [139.40217331635085, 35.62606401140228], [139.40217375730066, 35.62606483026099], [139.40217403515447, 35.62606204251535], [139.40217300783132, 35.6261377754402], [139.40217717657052, 35.626068564672174], [139.40217860928115, 35.62606425447564], [139.40217786768812, 35.62606587171396], [139.40217342928227, 35.62613811866427], [139.4022264000003, 35.62617170000008], [139.40217188107886, 35.62607833895937], [139.4021658395399, 35.626085079894104], [139.4021647531093, 35.62608469855829], [139.40215911259332, 35.62609575756229], [139.40217375324175, 35.62613867930315], [139.4021738594308, 35.62613893346535], [139.40217746442767, 35.62608972994055], [139.40218360616436, 35.626084103561226], [139.40225560000033, 35.62617410000008], [139.40218681384385, 35.626092483203564], [139.4021890066944, 35.626085543334995], [139.40219099209338, 35.62608102546422], [139.40224710000032, 35.626168000000085], [139.40217459332473, 35.62613929067223], [139.40217478952272, 35.62613939106651], [139.40220115754633, 35.62607657258687], [139.40220614166947, 35.62606579195183], [139.40220838644413, 35.62607086771985], [139.40221150210456, 35.62605837643953], [139.40220963652467, 35.626051974772736], [139.40221352988922, 35.62602734318166], [139.40221424209983, 35.6260292303285], [139.40219589513976, 35.6260809066872], [139.40217703154812, 35.62614028257159], [139.40217749429505, 35.62612417710236], [139.40217787498662, 35.62614037369971], [139.40226320000028, 35.626113100000076], [139.40217855760346, 35.62614007034571], [139.40217751011332, 35.6260954664756], [139.40222860000029, 35.62619690000008], [139.40215519695911, 35.62611929123757], [139.40217890203573, 35.62614042539902], [139.40217920098513, 35.62614076422451], [139.4021793901794, 35.626141056532184], [139.40223900000032, 35.62610100000008], [139.40217913192444, 35.62614050254455], [139.4021788699324, 35.62613999766727], [139.40217869300895, 35.62613981307079], [139.40214324455724, 35.626119424895926], [139.4021789262186, 35.62613958222263], [139.40217926269716, 35.62613974388426], [139.40215434362304, 35.62611217205064], [139.4021622244901, 35.62610529759096], [139.40217952716029, 35.626140517084174], [139.40216735353022, 35.62612212694821], [139.4021797509104, 35.626141654016], [139.40217451303033, 35.62610861784589], [139.40218458766205, 35.62608823263242], [139.40219023079553, 35.62607782650524], [139.4021922364822, 35.626079654686684], [139.402195025295, 35.62606832170058], [139.40220098575014, 35.62605532575214], [139.40220342602763, 35.62604530769487], [139.4022168000003, 35.62617610000008], [139.4021805714723, 35.62614232001082], [139.40219436377518, 35.62607076193111], [139.40218073521902, 35.62614249868297], [139.4021829096456, 35.62610106695843], [139.40218535116358, 35.6261263868869], [139.4022733000003, 35.62613390000008], [139.40219447386806, 35.626128461921596], [139.4023605000003, 35.62617410000008], [139.40218205156552, 35.62614271188576], [139.40227350000032, 35.62618530000008], [139.4022094740154, 35.62612808701195], [139.4021939000003, 35.62615830000008], [139.4022421000003, 35.62619410000008], [139.40218528680916, 35.62611560718615], [139.402183454254, 35.626143548390566], [139.40218937786054, 35.62612054702763], [139.40218239859536, 35.626122982302896], [139.4022599000003, 35.62616730000008], [139.40219522054653, 35.62612908447101], [139.40218922878947, 35.626123834146846], [139.40219230007162, 35.62612386821862], [139.40219387545613, 35.62612628040226], [139.40218449716173, 35.626144002140144], [139.4022435000003, 35.62613180000008], [139.40218489690173, 35.626143939928795], [139.4022447000003, 35.62616000000008], [139.4022145510353, 35.626142486910645], [139.40218597456536, 35.62614395706639], [139.40218609591085, 35.626143940637505], [139.40223031542814, 35.62614252440041], [139.40223210953795, 35.626145973667256], [139.4021865463271, 35.626143846453836], [139.40218660467784, 35.62614384009387], [139.4022231000003, 35.62619610000008], [139.40218677069822, 35.6261439528761], [139.40218686220493, 35.62614395591566], [139.40223740000027, 35.62616190000008], [139.4021870619609, 35.62614399896982], [139.40221704859454, 35.626142261972745], [139.40221665054167, 35.626139997354365], [139.40218713118992, 35.62614379563049], [139.40218713898204, 35.626143636045825], [139.40221828363244, 35.62612969095892], [139.40218723476337, 35.62614344041603], [139.4021872730775, 35.62614339383488], [139.40221929650835, 35.62611590339843], [139.40223860000032, 35.62617160000008], [139.40221404000175, 35.626119395244544], [139.4021875802787, 35.62614337010486], [139.40218762146918, 35.626143342091765], [139.40218768085637, 35.62614351117126], [139.40218772857799, 35.626143601610565], [139.40220634190155, 35.6261060700327], [139.4022248000003, 35.626139800000075], [139.40218801778178, 35.62614350738099], [139.40219663325013, 35.62610350238617], [139.40221450000033, 35.626173300000076], [139.40219202791758, 35.62609911397129], [139.40218848196093, 35.62609681193838], [139.40218834609232, 35.62614362499998], [139.40218978859883, 35.62610033149956], [139.40219163810474, 35.62609785670407], [139.40219144598152, 35.6260920244052], [139.4021780000003, 35.62617860000008], [139.4021938654793, 35.62614376738145], [139.4021863688752, 35.62609689615901], [139.4021938654793, 35.62614376738145], [139.4022000000003, 35.62620090000008], [139.40220523632834, 35.626082971134295], [139.4021878430854, 35.62605637316256], [139.4021785638558, 35.626030569062536], [139.40220129574342, 35.626035692880286], [139.40214148408552, 35.625990865965115], [139.40211558004094, 35.625952133398364], [139.4019903021865, 35.62591573739896], [139.4018797149581, 35.62586630485245], [139.40172109873225, 35.625790678142], [139.40162083124306, 35.62573931483397], [139.4014922028004, 35.6256737786799], [139.40137888024694, 35.625615862619675], [139.40128894671943, 35.62556863003023], [139.401188371994, 35.62552138444033], [139.40113436837385, 35.62550142614486], [139.4011259073727, 35.625490241873365], [139.4010644000003, 35.625497800000076], [139.40112310315604, 35.625490101616904], [139.401122029055, 35.62548640038334], [139.40111899054355, 35.6254807869775], [139.4011226174947, 35.62547505752699], [139.40112212731563, 35.62547467002099], [139.40112316877034, 35.62547630733777], [139.4011227329092, 35.62547535184889], [139.40112497475295, 35.62547225190713], [139.4010887000003, 35.62552500000008], [139.40112306166478, 35.62547268848615], [139.40112121376268, 35.62546834990548], [139.4010929096272, 35.62545149645296], [139.40107661980386, 35.625453365419176], [139.40102159589216, 35.62541215279607], [139.40096804875057, 35.6253820069367], [139.40091814123323, 35.625359207490554], [139.40085654723873, 35.62532617367003], [139.40080801141787, 35.625302225911675], [139.40072931225072, 35.62525616234945], [139.40063242609259, 35.62520299970221], [139.40057573384672, 35.62517258774951], [139.40045630203122, 35.62511381822485], [139.4002812184957, 35.62501567167453], [139.40017333876517, 35.62494824507242], [139.400076261769, 35.62488180608236], [139.39997974072125, 35.624821068729254], [139.3998905403619, 35.624776076371425], [139.39974748636436, 35.62471216118131], [139.39966588017364, 35.62468193154659], [139.39957158805413, 35.62465027945182], [139.39953191139483, 35.624636148420784], [139.39953441656513, 35.624639395312926], [139.39953891618387, 35.62464506112439], [139.3995368732236, 35.624644880454554], [139.3994645000003, 35.62474090000008], [139.39953605775537, 35.62464922741327], [139.39953126245615, 35.624651984338975], [139.3993813000003, 35.62458130000009], [139.39952404283142, 35.6246528666025], [139.39949346111362, 35.62463635079575], [139.39944508892296, 35.62462632926086], [139.39942961839625, 35.62462284011866], [139.39941519535526, 35.624610380812804], [139.3993669442306, 35.62460667500419], [139.39909080000032, 35.62454280000008], [139.39932191608335, 35.62460106474648], [139.3992444710958, 35.624586295455096], [139.39919917793213, 35.624563843401624], [139.39916238647427, 35.624508117557184], [139.39915824757963, 35.62446447109593], [139.39917496084513, 35.62441425010547], [139.39917759234442, 35.624306025498306], [139.39918037118983, 35.62424279939141], [139.39918415021887, 35.624178570037685], [139.39918851537348, 35.62411790216083], [139.39918409241199, 35.624048081320566], [139.3991879729868, 35.62397796470525], [139.39917954107275, 35.62388730488839], [139.3991467270209, 35.62369226124162], [139.39913154059917, 35.623539691948345], [139.39911551486898, 35.623425144208994], [139.39908969272423, 35.62324449569272], [139.3990590695113, 35.623133854573325], [139.39904475880562, 35.623100492401214], [139.39904479834829, 35.62309853291424], [139.39904391590605, 35.62308842428731], [139.3990324815374, 35.6230499740473], [139.3990247755591, 35.622993491590485], [139.39901407363948, 35.622945459762555], [139.399019128943, 35.62292612043248], [139.39901786104159, 35.62292434576135], [139.39902312418917, 35.622922030538085], [139.39906027184148, 35.62290551596601], [139.39913516921987, 35.62289067673731], [139.39921568613343, 35.622878525771654], [139.39927627390787, 35.622870250611456], [139.3993879666258, 35.62285383304687], [139.39952033829564, 35.62283007416962], [139.39961454191416, 35.62281330351644], [139.3997041791762, 35.62286030666671], [139.3997091465214, 35.622892237820615], [139.39970372762048, 35.62295787681646], [139.399688281689, 35.62304062789772], [139.39967961112367, 35.6231364431222], [139.399668498581, 35.623259832563015], [139.39966321613522, 35.62333893642002], [139.39964687260513, 35.62342661787905], [139.39962438361172, 35.62349257708253], [139.39960382353883, 35.62357517229056], [139.3995691404571, 35.623674369365396], [139.39953924805312, 35.62374582902016], [139.3995362565224, 35.62384596648707], [139.3996027007614, 35.623935070630544], [139.3996404989159, 35.62395492224425], [139.3997061679677, 35.62398885831027], [139.3997739311268, 35.624012148393554], [139.39987684661057, 35.62406906294813], [139.39993073004143, 35.6240992867785], [139.40001362869944, 35.624141485679985], [139.40008049989467, 35.62417109401331], [139.4001033924935, 35.62420138428226], [139.40009730571595, 35.6242516101427], [139.40011607286385, 35.6242052660817], [139.40013195210713, 35.624202299061054], [139.4000771336383, 35.62425079632641], [139.39998663149274, 35.624300078147705], [139.39993955396815, 35.62433251486754], [139.39984535854865, 35.62449949901138], [139.39980538712652, 35.62455802610343], [139.3997830896871, 35.62462295150837], [139.3997528461488, 35.624657731447066], [139.3998169000003, 35.62454410000008], [139.39974537819592, 35.624674238716445], [139.39972921867346, 35.62468137466034], [139.3997624000003, 35.62456150000008], [139.39962779001743, 35.62466366644054], [139.3995056761098, 35.624623138329525], [139.3993400646778, 35.624594068894275], [139.39921164601168, 35.62456156643629], [139.39916146445574, 35.62449357352081], [139.39899180000032, 35.62457640000008], [139.39917736682895, 35.624400321745334], [139.39917744337995, 35.62430268025561], [139.39918282140388, 35.624162379564126], [139.39918465346312, 35.62406704790897], [139.3991810988371, 35.623980950933586], [139.39917623729528, 35.623862761783165], [139.39913816719354, 35.6236962715401], [139.3991241965366, 35.623532299366495], [139.39910411890398, 35.6233678327541], [139.39905630112273, 35.62321069695274], [139.3990161595182, 35.623064609144556], [139.3989941877489, 35.62296752858504], [139.39895285128193, 35.622880562841736], [139.39892008424198, 35.62277124005113], [139.39889221128053, 35.62268995202025], [139.39885174426394, 35.62259430575018], [139.39879728096372, 35.62245543991853], [139.39875302987573, 35.6223497406825], [139.39870455095416, 35.6222484364144], [139.3986597635564, 35.6221383693184], [139.39858927593298, 35.62195966751253], [139.39853390634374, 35.621849467614226], [139.39848656913026, 35.62174363475248], [139.3984528944412, 35.62163412814998], [139.3983857206072, 35.62147874540673], [139.39831992242958, 35.62131867164961], [139.3982931557751, 35.62123473823759], [139.398286614758, 35.62116191374532], [139.39831701798542, 35.621087641493695], [139.3983807693028, 35.6210592688649], [139.3984588486018, 35.6210323620242], [139.39852182181764, 35.621011258052164], [139.39861009000913, 35.6209845335364], [139.39868743281434, 35.620957879078524], [139.3987713693062, 35.620934409887894], [139.39894810841182, 35.620893594190846], [139.3990402960227, 35.62086455377788], [139.39912970065222, 35.62084140200767], [139.3992777482425, 35.620806657473125], [139.39942028200664, 35.62080450312588], [139.3995840376875, 35.62084659809256], [139.39967036380074, 35.620903435618125], [139.39967036380074, 35.620903435618125], [139.39976935393148, 35.620997727130685], [139.3998538016698, 35.62111895887898], [139.3999385823077, 35.621258249110824], [139.40005326948653, 35.62140268263526], [139.40018925644964, 35.62151004165488], [139.40036186150078, 35.62157144456668], [139.4005017903919, 35.62158421276353], [139.40060881614366, 35.62157917661633], [139.40065982695165, 35.6215732913192], [139.40069290714098, 35.62156144925279], [139.4006887511596, 35.62155632685033], [139.40068793209912, 35.62155452399083], [139.40068273907315, 35.62155721728178], [139.4006769066789, 35.621554439355464], [139.4006790186325, 35.621556455100944], [139.40075830000032, 35.621438800000085], [139.40068376617046, 35.621558329223284], [139.40068382776596, 35.62155838038518], [139.40068398726527, 35.621558335577255], [139.4006841935807, 35.621558075699], [139.40071572293272, 35.62155289054922], [139.40072607828915, 35.621555431263864], [139.40082140594538, 35.621546550578174], [139.40091130636597, 35.621542661726664], [139.40100816893715, 35.62155741007981], [139.4010321702946, 35.62162225829922], [139.40101728098165, 35.621701298496205], [139.40102423897864, 35.62177210882404], [139.40108986642434, 35.62187388538567], [139.4012044678688, 35.6219594564445], [139.40125386493165, 35.62203674557148], [139.40133485264013, 35.62208678879184], [139.40134002552844, 35.62210390136406], [139.40138567739703, 35.62213704239522], [139.40144113896991, 35.62215877842578], [139.40152640635807, 35.622150073001876], [139.40160420013902, 35.62210895421964], [139.40167254549755, 35.622043391613694], [139.40168566533595, 35.621988389622274], [139.40168035585467, 35.621932667274194], [139.40166275514613, 35.62189018365186], [139.40163180870417, 35.6218317521904], [139.4015863905005, 35.62173563412086], [139.40155984356596, 35.621692997585434], [139.40152830822996, 35.62164590527254], [139.4015097422318, 35.62161420150244], [139.4014730297319, 35.62155988444563], [139.4014405952257, 35.621498786376776], [139.401355533983, 35.62148129298402], [139.4013012190235, 35.62154135425028], [139.40128719890123, 35.62161527185138], [139.4013368456002, 35.621710376637395], [139.40140442347214, 35.62173389592027], [139.4014824061343, 35.62174618114825], [139.40154575917063, 35.6217833088255], [139.40155794102728, 35.62181058763189], [139.4015805100874, 35.62189712785821], [139.40161885986743, 35.621946701545895], [139.4016287335372, 35.6220067090282], [139.4016512189451, 35.622059911408826], [139.4016289133117, 35.6221325382068], [139.4014880027198, 35.62217979005344], [139.40147820000033, 35.62223860000008], [139.40143367562504, 35.62226132823972], [139.40148496529937, 35.622324143598156], [139.4015230975309, 35.62238120385393], [139.40155842497438, 35.62245494800115], [139.40162884007665, 35.62251503102276], [139.4016950333888, 35.622562616524384], [139.40173718720965, 35.62260695081396], [139.40178990944767, 35.62264935869165], [139.40186458093262, 35.62266365328349], [139.4019277380954, 35.62262674495577], [139.40174700000028, 35.62256740000008], [139.401939862754, 35.622582044646116], [139.40196278996865, 35.622543642076955], [139.40198577438014, 35.62251596169555], [139.401996278722, 35.62245544543839], [139.40195547094083, 35.62240129239054], [139.40186561440726, 35.62236566067074], [139.40179830883756, 35.622382705074614], [139.401771893863, 35.62238811111208], [139.40178379105558, 35.622389345771786], [139.40179917849744, 35.62234081960932], [139.4018046560791, 35.62234905976131], [139.4017955413656, 35.62235337399071], [139.40182679734698, 35.62238458219478], [139.40188742606645, 35.62241042981827], [139.40192952910698, 35.62245440364438], [139.4019265435884, 35.622508398886154], [139.40192008560385, 35.62256155223323], [139.4018892586498, 35.62262019040343], [139.40183848481217, 35.62265064680403], [139.4017989330249, 35.62264554592381], [139.40176486163787, 35.622646723771695], [139.40171466350026, 35.622584845052714], [139.40162756406585, 35.62253821441232], [139.40157004480463, 35.62247104598041], [139.4015491514572, 35.62243144317735], [139.401509087511, 35.62234978954544], [139.4014491235911, 35.62228521045644], [139.4014215469592, 35.62226179198141], [139.40137532394493, 35.62219017855898], [139.40135741600682, 35.62216019218063], [139.4012784837933, 35.62205658932879], [139.40117798487174, 35.621932576318486], [139.4011239783712, 35.62187237451888], [139.4010413292699, 35.62175902367367], [139.40103324054797, 35.62170511753284], [139.40103767558358, 35.621654202443494], [139.40104717456362, 35.621573709233886], [139.40103635222238, 35.62154001497532], [139.40103187822913, 35.62154123319832], [139.40103567801205, 35.6215389838732], [139.40101133155758, 35.621520027894626], [139.40096719550203, 35.621496652732155], [139.40092145499838, 35.621496492324276], [139.40088344442177, 35.6215083450313], [139.40084179395868, 35.62154995859753], [139.4008330667862, 35.621623891881974], [139.40085214484296, 35.62167491373511], [139.4008776050372, 35.62179352166491], [139.40090505942072, 35.62185677124964], [139.40091708460122, 35.62191067136945], [139.40093715809027, 35.62197068475097], [139.4009638263245, 35.62202524476463], [139.40098531371757, 35.622087272550694], [139.40101496948566, 35.62215137704331], [139.4011213345252, 35.62224837013714], [139.4011112049607, 35.622346926210454], [139.40114930055705, 35.62240796014028], [139.40124189054885, 35.62252885515174], [139.40132261074416, 35.622595175168485], [139.4013357216397, 35.62272868032383], [139.40131728595725, 35.62286372114794], [139.40129066901193, 35.62298962848001], [139.4012184607174, 35.62309544989822], [139.40119477543007, 35.62313082542402], [139.40118652246233, 35.623141813911985], [139.40113080000032, 35.623196300000075], [139.40118154952793, 35.62314116616632], [139.40114713570404, 35.62316994610695], [139.40110216787076, 35.62323879805947], [139.40105106967724, 35.62326728299855], [139.40098957839908, 35.623287889433996], [139.40094104047148, 35.623291845521514], [139.40086394023638, 35.623218404206476], [139.40074766311065, 35.62315904481101], [139.40061775728975, 35.62309351145615], [139.4005483224695, 35.623045455967045], [139.40044141817555, 35.62299158169668], [139.40038359679684, 35.62296740148739], [139.4003520952781, 35.622947118817635], [139.40029237769224, 35.62291999843675], [139.40021738796125, 35.62287591246861], [139.40010277997882, 35.62283392592102], [139.3999905362047, 35.62280283981673], [139.39985819862773, 35.62278235120244], [139.39979272002313, 35.62277626112735], [139.39972621848383, 35.62278175090538], [139.3996820893108, 35.62287177343694], [139.3996749533896, 35.62295931326567], [139.39967494385982, 35.62307178990411], [139.39966646270614, 35.623189418662456], [139.39966222241088, 35.623305085214234], [139.39964785565175, 35.6233594665596], [139.39963214659412, 35.623468384244156], [139.3996044371413, 35.6235429363273], [139.39958904331965, 35.62359984830008], [139.39957167182487, 35.62369935784668], [139.39956219643042, 35.62379054446183], [139.3996002189934, 35.62388224197795], [139.39969208709618, 35.62393406113241], [139.39975350266036, 35.623951188295244], [139.39985173669055, 35.62398117869021], [139.3999415658268, 35.62401576530454], [139.40003358490307, 35.62408904428505], [139.40011218337742, 35.62414640897818], [139.40010977369823, 35.62419436626478], [139.40012732729312, 35.624222797471106], [139.40009861436937, 35.62425490443773], [139.4000735926205, 35.62430684186518], [139.400021295444, 35.62438324863752], [139.39995940509604, 35.62447958048898], [139.39986438489535, 35.624561254346], [139.39983578379338, 35.6245955288218], [139.39980044287026, 35.62461985485056], [139.39977384670863, 35.62465942958923], [139.3998462000003, 35.62460190000008], [139.39974210936043, 35.62469628757756], [139.39974088680816, 35.62470528207339], [139.3997518303217, 35.62474527347592], [139.3998761000003, 35.62465290000008], [139.39986874850834, 35.62483971184533], [139.39998885056005, 35.62490285861881], [139.4001057351715, 35.62497679725465], [139.4002397800292, 35.62503919112041], [139.40037538616042, 35.62511654986434], [139.40051366914895, 35.6252009506748], [139.40059997342888, 35.62524905971591], [139.40071261477235, 35.62531636020011], [139.40085431878578, 35.62538805089639], [139.40098236395073, 35.62546147750046], [139.40114112262867, 35.62553753104509], [139.40123694400873, 35.62558781363292], [139.4013304845487, 35.62564371798671], [139.4014309264782, 35.625693613903834], [139.40152076122106, 35.62574907628926], [139.40162575398205, 35.6258016656881], [139.40171773679376, 35.62584656158902], [139.4018062272347, 35.62588947106744], [139.4019511914809, 35.62596969657453], [139.40205799353842, 35.62603726480127], [139.4020925718724, 35.62609621208185], [139.40211079925857, 35.62614762005305], [139.40213440694737, 35.626197105869274], [139.40216039884123, 35.62619369201898], [139.40220123152272, 35.6261993687489], [139.4023052000003, 35.62633150000008], [139.40219606629768, 35.626202803489065], [139.40217153870202, 35.626199293178054], [139.40217003575935, 35.62621029223871], [139.40222330000032, 35.626259800000085], [139.4021586256922, 35.626230321172315], [139.40215270974375, 35.62623300734288], [139.4021491142968, 35.62623121333874], [139.40225740000028, 35.62609520000008], [139.40215005240657, 35.62622507445824], [139.4021536870839, 35.626222857712], [139.40215608548905, 35.62622130172047], [139.40218290000033, 35.62615720000008], [139.40215404867757, 35.626222632951084], [139.40215535677066, 35.62621760654944], [139.40215430918516, 35.62621439994861], [139.4022272000003, 35.62613770000007], [139.4021579711459, 35.62621115452061], [139.40214988108005, 35.6262183728681], [139.40223160000028, 35.62615780000007], [139.4021482217036, 35.62622286995215], [139.4021575343832, 35.626214320096366], [139.40215110861797, 35.62622760516542], [139.4021457115817, 35.62623317406396], [139.4021584987271, 35.62621380033624], [139.40215882823563, 35.62621281161014], [139.40214823385676, 35.62623269724592], [139.4021451997842, 35.62623292579999], [139.40222800000032, 35.62614950000008], [139.40214559765462, 35.62622684275066], [139.40215945743387, 35.62621138286094], [139.4022163000003, 35.62615410000008], [139.4021430288819, 35.62622105528313], [139.4021436219834, 35.62621384235886], [139.4021601513561, 35.626210272538955], [139.40216044407617, 35.62620926793027], [139.4021606676267, 35.62620849604475], [139.40216075799944, 35.62620823705118], [139.40214606213345, 35.62620237570937], [139.402161146725, 35.62620834568168], [139.40225280000033, 35.626157500000076], [139.40216160724438, 35.62620795967966], [139.40216169743312, 35.626207882745426], [139.40216171404464, 35.62620783838165], [139.4021623558894, 35.62620775057364], [139.40216283144557, 35.626207649364375], [139.4021629395866, 35.62620757920535], [139.4022027000003, 35.62619240000008], [139.40216329514678, 35.626207307361994], [139.40216338186735, 35.62620720559853], [139.40216338254396, 35.62620717344941], [139.40216378188015, 35.62620686906097], [139.40216406677553, 35.62620663985475], [139.40216413931105, 35.62620658417802], [139.40226100000032, 35.62619560000008], [139.40216443406257, 35.6262064837432], [139.4021644787083, 35.626206453028026], [139.40216448607526, 35.626206405512235], [139.40216465971952, 35.62620606132854], [139.40216477712823, 35.62620580639988], [139.40216477573435, 35.6262057344421], [139.40223190000032, 35.62621680000008], [139.40216530843844, 35.626205827243815], [139.40216542258872, 35.62620584829029], [139.40216545511245, 35.62620582437059], [139.40216582407754, 35.62620545047724], [139.4021660932999, 35.62620516222525], [139.40216614676245, 35.62620508732672], [139.40221720000028, 35.62613240000008], [139.40216630717472, 35.62620473812794], [139.40216634760478, 35.626204644795905], [139.40216640786156, 35.62620452724883], [139.40215286911044, 35.626185339781564], [139.40216726201527, 35.62620393037318], [139.40215313318066, 35.626181626364385], [139.402167657519, 35.62620334258835], [139.40215373391462, 35.62618324381281], [139.40215360552048, 35.6261857908561], [139.40216858805945, 35.626202139451536], [139.4021600913841, 35.626182007431424], [139.40215906287693, 35.62618491954156], [139.4021597174571, 35.62617975842741], [139.4022426000003, 35.62623450000009], [139.4021696719377, 35.62620141985559], [139.40216989469945, 35.626201386321554], [139.40217011767513, 35.62620130484705], [139.40215449869055, 35.62618109746607], [139.40217054354065, 35.62620127665936], [139.40217094824254, 35.62620122810689], [139.402171268522, 35.62620114308575], [139.40221950000029, 35.62611160000008], [139.40215164031613, 35.62617486608789], [139.40215113797913, 35.62617381134272], [139.40223430000032, 35.62616920000008], [139.4021720960476, 35.62619965486252], [139.40217215286904, 35.62619961441696], [139.4021721748952, 35.626199609559734], [139.402172589439, 35.62619944326384], [139.40217290416098, 35.62619931783012], [139.40217299579155, 35.62619929141536], [139.40224000000032, 35.62615840000008], [139.40217351652888, 35.62619888997238], [139.40217364556287, 35.626198798718946], [139.4021736935192, 35.6261987768439], [139.40217380168403, 35.626198710368946], [139.4021738879502, 35.62619865828387], [139.40217391445228, 35.6261986498013], [139.40226130000028, 35.62619560000008], [139.4021742106656, 35.626198643137556], [139.40217428573683, 35.626198649540065], [139.40217431329117, 35.626198659782894], [139.40217472679552, 35.62619853168302], [139.40217504976158, 35.626198450284704], [139.4022497000003, 35.62619350000008], [139.40217567148122, 35.626198378895445], [139.40217582517295, 35.62619836621508], [139.40217587762544, 35.626198368541026], [139.4022234000003, 35.62612780000008], [139.40217621914348, 35.626197782084326], [139.40217631919506, 35.62619764391312], [139.402176360946, 35.62619761303269], [139.40217650313008, 35.62619746453973], [139.40217661177587, 35.62619735257218], [139.4021766533373, 35.626197323870414], [139.4022365000003, 35.626203000000075], [139.40217705528508, 35.62619734531242], [139.402177162376, 35.626197353084166], [139.40217719671833, 35.626197362725776], [139.40217749996, 35.62619711712654], [139.4021775805731, 35.62619706090415], [139.40217760666738, 35.62619705437105], [139.40217772083594, 35.62619691664942], [139.40217780335618, 35.62619681544003], [139.40217780099266, 35.626196784239525], [139.4022077000003, 35.62622080000008], [139.40217799346863, 35.62619699605643], [139.40217803596184, 35.626197056581255], [139.40217803574623, 35.6261970683284], [139.40217832445802, 35.62619680716962], [139.40217853713065, 35.62619661873504], [139.4021785840526, 35.62619657072449], [139.40217875651223, 35.6261959233779], [139.40213943564498, 35.62618062678498], [139.40217889045616, 35.626195269971504], [139.4021792747017, 35.62619484183379], [139.4021434517649, 35.626176690789016], [139.4022699000003, 35.62613420000008], [139.40213465142259, 35.626179669976956], [139.40217994123822, 35.62619409554247], [139.40217998239132, 35.62619393367522], [139.4021221619747, 35.626197122089124], [139.40211733704052, 35.626198538447746], [139.40211941124926, 35.62619657323613], [139.4021172142651, 35.62620250604956], [139.40211823401933, 35.62620301980677], [139.40211758925355, 35.626207382667225], [139.4021217184633, 35.626204569730454], [139.40212080840132, 35.626211102444515], [139.4021212331576, 35.62621217149183], [139.4021943000003, 35.62611380000008], [139.40218064265983, 35.62619334782094], [139.4021180345523, 35.62621235469231], [139.40218068772484, 35.626192978113465], [139.40211780953564, 35.62621058647666], [139.4022368000003, 35.626117300000075], [139.4021809209896, 35.626192527027264], [139.40218102604, 35.626192321392665], [139.40211362606618, 35.62620567541217], [139.40218111257786, 35.626192139841336], [139.40218111571045, 35.62619212730527], [139.40211261387418, 35.6261999745137], [139.40218124385675, 35.62619192506446], [139.40218126071196, 35.62619189012001], [139.4021804839771, 35.62619170847219], [139.40217941829977, 35.626189946858254], [139.40217901762418, 35.62618899491796], [139.40211611341059, 35.626192366784046], [139.40211145414997, 35.62619831633794], [139.40210809353178, 35.62619927940922], [139.4021109746037, 35.62619760451813], [139.4021115000168, 35.626197023023096], [139.40211187238492, 35.62619578734985], [139.40223370000032, 35.62615250000008], [139.40216862434795, 35.626197095210735], [139.40216275500367, 35.62619948215125], [139.4021588407865, 35.626197772432995], [139.40215346081345, 35.62619561503311], [139.40214952901005, 35.626192838059715], [139.4021640000003, 35.62610510000008], [139.40214659923896, 35.62618896596429], [139.40210223518585, 35.62617398070902], [139.40224930000028, 35.62616120000008], [139.4021463584172, 35.62618757478338], [139.40225480000032, 35.62616030000008], [139.40214776175978, 35.626187135144555], [139.40214807933808, 35.62618701695285], [139.40214965000678, 35.62618693422322], [139.40215100225856, 35.62618688735751], [139.40222650000032, 35.62605190000007], [139.4021295749065, 35.62617132287056], [139.4021528259879, 35.626182426242416], [139.40215298686903, 35.62618194843865], [139.40215355520004, 35.62618124368792], [139.4021539761995, 35.62618078086293], [139.40215408209565, 35.62618067141551], [139.40219830000032, 35.62620230000008], [139.40215456916548, 35.62618093452265], [139.4021546791384, 35.626181013508834], [139.40215635564164, 35.62617989270172], [139.40215760999902, 35.62617906327113], [139.40215791292044, 35.626178865855], [139.40215796621203, 35.6261788307288], [139.40215873668825, 35.6261779312227], [139.40215930236724, 35.62617726211438], [139.4021594363999, 35.626177102314344], [139.4022710000003, 35.626144000000075], [139.40216178797894, 35.62617626206654], [139.4021623852361, 35.626176041776105], [139.40216252502404, 35.62617598284522], [139.4021630256555, 35.6261759371282], [139.40216338671007, 35.626175905589214], [139.4021634621244, 35.626175913052045], [139.4021638790813, 35.62617524195917], [139.4021641843879, 35.6261747517752], [139.40216424704187, 35.62617464650809], [139.4022593000003, 35.62614740000008], [139.40216502165484, 35.62617439134082], [139.4021651943101, 35.6261743438398], [139.4021651866728, 35.626174382977894], [139.40212044628413, 35.62620109721453], [139.4021154291238, 35.62620779124785], [139.40211521091692, 35.62620808394419], [139.40211098908745, 35.62621653223067], [139.40216584487155, 35.62617405199665], [139.40211524373942, 35.62621891068491], [139.40211490529248, 35.62621879007923], [139.4021144674292, 35.62622032942783], [139.40211400011546, 35.62621879965271], [139.40210300556373, 35.626208025109385], [139.40226910000032, 35.62616760000008], [139.40216819743065, 35.62617487347324], [139.40209917508878, 35.62619753220506], [139.40209146034655, 35.6261863231274], [139.40216839559864, 35.6261747673388], [139.40209255142088, 35.62617884257955], [139.40209323872165, 35.626174669867446], [139.40209125133225, 35.62617297019758], [139.4020905414775, 35.626170375996644], [139.40209079221773, 35.62616796382878], [139.40208969275272, 35.62617078671213], [139.40222130000032, 35.62612750000008], [139.4021604741946, 35.62617266119275], [139.40215713503054, 35.62617131321933], [139.4021531990038, 35.626170494082196], [139.40214827450825, 35.62616886062564], [139.4021456567844, 35.626168635682504], [139.40214292266526, 35.62616733821396], [139.40214211121247, 35.62616813085224], [139.40213875598727, 35.626167977786245], [139.40213749650454, 35.626167053286565], [139.40220650000032, 35.626115500000076], [139.40213845511175, 35.62616535289126], [139.40213876529862, 35.62616496651109], [139.4021388249913, 35.626164848375986], [139.40214066421024, 35.626164684655805], [139.4021420379527, 35.62616453519678], [139.4021423661653, 35.62616447894728], [139.40222560000032, 35.62624000000008], [139.40214374085858, 35.626165726129265], [139.40214395663364, 35.62616592092719], [139.40209808008441, 35.626134496141766], [139.40214413615317, 35.626166026860965], [139.40210377045338, 35.62613421019332], [139.40210110877993, 35.626131141409175], [139.4021003750568, 35.626131888779724], [139.40214665064283, 35.62616659218951], [139.40209888257235, 35.6261315176759], [139.4022546000003, 35.62614880000008], [139.4021484939254, 35.626166736660466], [139.40214935469345, 35.626166799194316], [139.40210540367497, 35.62613687939365], [139.40215006287778, 35.626166846725724], [139.40215010899118, 35.626166844993946], [139.40215071565606, 35.62616668440247], [139.4021511718341, 35.62616656687379], [139.40215129865274, 35.62616653936238], [139.4022440000003, 35.62612450000008], [139.4021522153848, 35.626166246934304], [139.40215250895554, 35.62616615789773], [139.40215332680435, 35.626165892587004], [139.40215403546262, 35.62616568925419], [139.40215413359627, 35.62616568552951], [139.40215481502395, 35.62616599811284], [139.40215517107464, 35.626166144485396], [139.40215547876562, 35.62616630033092], [139.40222420000032, 35.626144700000076], [139.40215603252315, 35.626166184417485], [139.4021562120087, 35.62616610731464], [139.40213788483243, 35.62614903089523], [139.40215741393084, 35.626165775617416], [139.4021583422726, 35.62616594962683], [139.40215902181708, 35.6261660674331], [139.40215917521633, 35.6261660813092], [139.4022366000003, 35.62614920000008], [139.4021604144164, 35.62616593429401], [139.4021607253457, 35.62616588291687], [139.40216079353988, 35.62616587163772], [139.4021619852733, 35.62616665830311], [139.40216285594175, 35.62616724264652], [139.40216304749035, 35.62616737256797], [139.4022296000003, 35.62611450000008], [139.40216348492257, 35.62616701482438], [139.4021635613064, 35.62616694260771], [139.40216448938764, 35.62616689852206], [139.40216515985173, 35.62616686420526], [139.40216530803, 35.62616685463983], [139.40216532163495, 35.62616685939953], [139.40216554927014, 35.62616675760578], [139.4021630708553, 35.62616842659499], [139.40216344519786, 35.62616599508438], [139.40213631023624, 35.6261607171367], [139.4021625730585, 35.626166498684704], [139.40216279219558, 35.62616843591796], [139.40216055933595, 35.626169062683715], [139.40213468522074, 35.62616974588234], [139.4021583671076, 35.62617203200348], [139.40215640152505, 35.62617304483698], [139.40214805688422, 35.62617789203062], [139.40212578237242, 35.62618025267843], [139.40214574647132, 35.62617849048035], [139.40214198488005, 35.62618345329665], [139.402138879337, 35.62618505682853], [139.40212242187218, 35.626183128503065], [139.40213878717793, 35.62618299698293], [139.4021398038909, 35.626181217184104], [139.40214001189807, 35.626180489242856], [139.4022429000003, 35.62624000000008], [139.40214085590455, 35.62618104676568], [139.40214106574507, 35.62618102657478], [139.40214109755433, 35.62618092147735], [139.4021416078478, 35.62618094472558], [139.40214199826522, 35.626180956483594], [139.40214208302703, 35.6261809467244], [139.40212687979619, 35.62616618034941], [139.40214294923055, 35.62618124196653], [139.40214359174487, 35.62618148353735], [139.40214376261974, 35.62618149030376], [139.40213433080007, 35.62616340247691], [139.4021442429693, 35.62618157839721], [139.40214477585738, 35.62618165047756], [139.40214544484166, 35.62618188721513], [139.4021455417727, 35.62618192396329], [139.40214612479144, 35.626182544365584], [139.40214670675695, 35.626183043480324], [139.4022123000003, 35.62622700000008], [139.40214586579847, 35.6261851668811], [139.40214740369083, 35.626183665438305], [139.4022795000003, 35.626237100000075], [139.4021480436022, 35.62618390882249], [139.40214804797054, 35.62618391963514], [139.40214853886897, 35.62618371977174], [139.4021489993448, 35.62618351864281], [139.40214939007123, 35.62618347329809], [139.4021487243886, 35.6261845527846], [139.40214500780044, 35.62618502873412], [139.40213471245016, 35.626184103121844], [139.4021409803859, 35.62618242138743], [139.40213909980451, 35.62618152522168], [139.40218920000032, 35.62616280000009], [139.402137731077, 35.62617954879728], [139.40213767255992, 35.6261784171588], [139.4021376235093, 35.62617789854339], [139.40212522044075, 35.62617023795501], [139.4021384665224, 35.62617648820461], [139.40213866815887, 35.62617609466084], [139.4021956000003, 35.626099100000076], [139.4021390979946, 35.62617443113334], [139.40213940832356, 35.62617327761931], [139.40213950282134, 35.62617290592236], [139.4021398545038, 35.62617202644067], [139.4021401235133, 35.626171364130684], [139.40214021620102, 35.626171136651166], [139.40211533523245, 35.62616352480797], [139.402140566494, 35.62616940161336], [139.40211024777298, 35.62615734703719], [139.40221690000033, 35.62613390000008], [139.40214137638708, 35.62616817244368], [139.40214200559717, 35.62616755246591], [139.40214208442382, 35.62616747672363], [139.40210208138527, 35.62614834072918], [139.40214153461326, 35.626165219415725], [139.40214150961603, 35.626164789054194], [139.40214164683042, 35.62616324817965], [139.40214174235157, 35.62616213404817], [139.40213200000028, 35.62609460000008], [139.40214142972857, 35.62616001475235], [139.40209166766837, 35.626148355568795], [139.40214130093108, 35.626159473485316], [139.40209162726143, 35.62614795476253], [139.40214146008074, 35.62615820939998], [139.4021651000003, 35.62609900000008], [139.40214166161104, 35.626156769703], [139.40214178784822, 35.62615594368549], [139.40214179641228, 35.6261556943141], [139.40214227279728, 35.62615518180378], [139.40209950494258, 35.62614556505378], [139.40214462412146, 35.62615955361661], [139.4022221000003, 35.62607380000008], [139.40213847366016, 35.6261574579694], [139.40213893951616, 35.626156291798395], [139.4022441000003, 35.62617740000008], [139.4021110296289, 35.626140963525664], [139.40214221191763, 35.626155236721054], [139.40214196225062, 35.62615404902794], [139.4021431650211, 35.62615383528581], [139.40214228088763, 35.62615206248071], [139.4021425434496, 35.62614647194649], [139.40221030000032, 35.626164200000076], [139.40211735684585, 35.62613133606677], [139.40214061098055, 35.62614525658613], [139.40214031312462, 35.62614564999185], [139.40214145354898, 35.626145532041726], [139.402141584129, 35.626145450004444], [139.40230330000028, 35.62619730000008], [139.40214268613292, 35.626146129676776], [139.4021529605403, 35.62614753514002], [139.4021519001942, 35.626151902317496], [139.40215101605753, 35.62615234792745], [139.40215000943815, 35.62614961398621], [139.40214999635796, 35.62614617487952], [139.40215088558554, 35.626145058557164], [139.40215222348402, 35.62614327209782], [139.402152554898, 35.626142645178035], [139.4022533000003, 35.626127700000076], [139.402153214055, 35.62614243698836], [139.40215337027064, 35.62614238572945], [139.40215339476575, 35.62614236977374], [139.40215428557502, 35.62614235168412], [139.4021549668812, 35.626142329792515], [139.40215509442336, 35.62614233808944], [139.4022461000003, 35.62613720000008], [139.4021565791948, 35.626142269365715], [139.4021569176668, 35.62614221637189], [139.40215700243579, 35.62614212437309], [139.4021573524354, 35.62614225371643], [139.4021576115382, 35.626142320370704], [139.402157671261, 35.62614226827626], [139.4022204000003, 35.62618130000008], [139.40215804425247, 35.62614252904843], [139.4021580833316, 35.62614256675285], [139.40215810276695, 35.626142582934825], [139.40215843610136, 35.6261426980812], [139.40215871644415, 35.626142720923525], [139.4021587899169, 35.62614269164383], [139.40225430000032, 35.62616790000008], [139.4021592232709, 35.6261413607675], [139.40215933184973, 35.6261409879578], [139.40215936306788, 35.626140876384575], [139.40215976405864, 35.62614100117364], [139.40216004564112, 35.626141093875255], [139.40216012881683, 35.626141076213976], [139.4022991000003, 35.62623240000008], [139.40216088602017, 35.62614189231254], [139.40216111378953, 35.62614208859559], [139.40216115321502, 35.62614211330169], [139.4022272000003, 35.626129500000076], [139.40216202191715, 35.626141863763635], [139.40216220024053, 35.62614179220669], [139.40216221294583, 35.62614178419014], [139.4022432000003, 35.62614360000008], [139.40216330334334, 35.62614190003295], [139.40216355787658, 35.62614188746397], [139.40216352124156, 35.626141831896284], [139.40226440000032, 35.62614590000008], [139.40216489165144, 35.62614200733505], [139.40216518095625, 35.62614205466317], [139.40216514408377, 35.62614205974326], [139.40216579141187, 35.62614300932063], [139.402166247114, 35.62614374062964], [139.40210726316005, 35.62614487400083], [139.4021665159283, 35.62614384787626], [139.4021664510847, 35.62614386418721], [139.40209844346336, 35.62615307692635], [139.4021022714499, 35.62615454588216], [139.40209846485905, 35.626159589424915], [139.40216685157347, 35.62614286922412], [139.40209539543426, 35.62616642467869], [139.40225430000032, 35.626140500000076], [139.40216750349438, 35.62614287298235], [139.40209467190448, 35.62616403259787], [139.40216808224926, 35.626142875235004], [139.40228930000032, 35.626165300000075], [139.40216846241745, 35.62614301958225], [139.4020901488351, 35.626167130793576], [139.40209012265692, 35.62616784417056], [139.40216960098863, 35.626143253871675], [139.40217002226498, 35.626143332742814], [139.4020923292782, 35.62617178960599], [139.4020917363806, 35.62617336264507], [139.40208957288732, 35.62617928803548], [139.40228590000032, 35.62620630000008], [139.4021705296713, 35.62614367432627], [139.4020929494022, 35.62618115074493], [139.4020921194424, 35.62618307287616], [139.40209399675865, 35.626179347868494], [139.4022101000003, 35.62622040000008], [139.40217096473498, 35.62614455364527], [139.40217107729742, 35.626144894112166], [139.4020999318221, 35.62617178563234], [139.40209783519737, 35.626173445593984], [139.4021000212371, 35.62617270072439], [139.40210542628407, 35.6261706235204], [139.40217185110333, 35.62614518179708], [139.40217196165125, 35.62614519080798], [139.40210087697437, 35.6261799418056], [139.40210125379286, 35.62617861811586], [139.40210143870726, 35.62617909297942], [139.40210256107812, 35.626179018621926], [139.40210225849526, 35.626182859114806], [139.40217243373897, 35.62614568715394], [139.40217242348297, 35.62614571804188], [139.40210403462223, 35.62618504747613], [139.40210204804166, 35.62618800948272], [139.40217311727307, 35.62614519404813], [139.40210675052072, 35.62618895985081], [139.40210435693513, 35.62619227686316], [139.4021735922889, 35.62614504571686], [139.4021737902186, 35.6261449855086], [139.4021103991539, 35.62618719534101], [139.4021161704182, 35.62618516949446], [139.40211427388562, 35.626191044371375], [139.4021743961324, 35.62614549936325], [139.40217458963878, 35.62614580009121], [139.40217468777033, 35.626145954067795], [139.40211755545468, 35.62620224087688], [139.4021747441581, 35.62614614716127], [139.4022186000003, 35.62610840000008], [139.40212002807374, 35.62619730271075], [139.40212050440812, 35.62619650719865], [139.40212206017503, 35.626196383471026], [139.40217532772346, 35.626145442588594], [139.4022153000003, 35.62609470000009], [139.4021239322151, 35.6262010537021], [139.40212518998007, 35.62620031744083], [139.40212164727475, 35.62620583798295], [139.40212100210732, 35.626209853567104], [139.40211947240343, 35.6262062393765], [139.40217554875125, 35.62614525517198], [139.40217553545216, 35.62614526697572], [139.4021225158782, 35.626204033038505], [139.40211914479755, 35.626206870939804], [139.4021758634263, 35.62614565449706], [139.4021170566717, 35.626211274037146], [139.40217584872582, 35.6261457678925], [139.40211823820326, 35.626210905292616], [139.40211787200647, 35.62620888007238], [139.4021198926174, 35.62620593857375], [139.4021766267749, 35.62614633021134], [139.40211341637462, 35.62620279911111], [139.40222800000032, 35.626175700000076], [139.40217698811134, 35.62614674326666], [139.40217716257575, 35.626146929752], [139.40217724140646, 35.626147036377574], [139.4022485000003, 35.626178100000075], [139.4021229968951, 35.62620427189636], [139.40211881149833, 35.626207623359434], [139.40217820681, 35.626147860889546], [139.40212015316146, 35.62620869493443], [139.40211669557706, 35.626209455605164], [139.40223570000032, 35.626188400000075], [139.40217829957598, 35.62614817908244], [139.40211329386435, 35.62620933626985], [139.40211529180846, 35.62620722559632], [139.4022406000003, 35.62612170000008], [139.40212262787367, 35.62620262734424], [139.40212443472615, 35.626204454627526], [139.40212563036349, 35.6262088824372], [139.40217851690747, 35.62614840998789], [139.40212937596837, 35.62621466062024], [139.40213252467606, 35.62621366942178], [139.4021351250182, 35.62621386025131], [139.40213514638558, 35.62621406200625], [139.4021792252985, 35.62614881666994], [139.4021397021776, 35.626213221385896], [139.40214165577055, 35.62621018356944], [139.40214361907698, 35.626211442322976], [139.40214276753971, 35.62620418265544], [139.4021429718846, 35.62620047617199], [139.40214294056227, 35.6261974596391], [139.4021467819468, 35.62620008267138], [139.40217989046283, 35.62614905756566], [139.4022710000003, 35.62609500000008], [139.40214804527838, 35.626196707511944], [139.40218087640855, 35.62614822098981], [139.4021419674526, 35.626188084911114], [139.40214143332418, 35.62618695950438], [139.4022454000003, 35.62619360000008], [139.40218141878984, 35.626148535414934], [139.4021390671895, 35.626183483033664], [139.40214287670923, 35.62618116328602], [139.40218179318535, 35.6261489539074], [139.40224940000027, 35.62622970000008], [139.40217448942656, 35.626166431813814], [139.40219609787368, 35.62616033622224], [139.40224220785248, 35.62612064940566], [139.40226310648222, 35.6261141828863], [139.4022778990675, 35.62611185717601], [139.40226556752515, 35.62615345359806], [139.4022952472711, 35.626162526085544], [139.40236912760008, 35.626146769608624], [139.40245785263528, 35.62622609628305], [139.4025829845569, 35.62629785789825], [139.4027269204171, 35.62639401282044], [139.40291195573292, 35.62650096520518], [139.40309314107864, 35.62660452854211], [139.40327761542784, 35.62671382063214], [139.4034424000023, 35.62681603204259], [139.40352457875537, 35.626905889118675], [139.40358102571474, 35.62697576258707], [139.40361358968428, 35.6270657282614], [139.40356805878372, 35.62713141021547], [139.40346987172984, 35.6271369765718], [139.40335768236517, 35.627099098354606], [139.40323847550283, 35.627057897905736], [139.40309371323966, 35.62701318256878], [139.40293759704883, 35.626962657400554], [139.40277519100513, 35.6269140004711], [139.402595151848, 35.626846541733414], [139.40239744531613, 35.62679101376442], [139.40218809350097, 35.626733934838484], [139.4019853698256, 35.626663100879405], [139.40175983114455, 35.62660693094172], [139.40156728471416, 35.626545927026385], [139.4013773558792, 35.626505232093564], [139.40120209176152, 35.62645469751098], [139.40107299952507, 35.62641393739414], [139.4010327043688, 35.626372103773605], [139.40104672540056, 35.626316589772856], [139.40109926232003, 35.62624875525848], [139.401158673012, 35.62615174726859], [139.40123220901035, 35.62605598295137], [139.4013250319691, 35.625952759721216], [139.40135355283118, 35.625910428740625], [139.40140090831852, 35.625842322692364], [139.40142306460493, 35.625812999849614], [139.4014417752498, 35.625779708545984], [139.40147364740324, 35.62575898798655], [139.40155517387555, 35.62578317799987], [139.40164629334063, 35.62582427176557], [139.40173267114446, 35.62587259678947], [139.4018753000003, 35.625818100000075], [139.40176082359088, 35.62588533500401], [139.40175903223877, 35.62588530727153], [139.4017597424926, 35.6258869521983], [139.40176102323767, 35.62589023111571], [139.40176299481806, 35.62589120452177], [139.40176484836425, 35.62589205960353], [139.40176574920707, 35.625891392037275], [139.40176559353424, 35.62589130552699], [139.4019289000003, 35.62575350000008], [139.40176610252806, 35.62589078549263], [139.4017661239367, 35.625890759503854], [139.4017660633079, 35.62589072245039], [139.40176613630385, 35.62589073887612], [139.4017667489694, 35.62589038018573], [139.40176725732388, 35.62588936384588], [139.40182152691085, 35.62591881032918], [139.40187976489858, 35.625961804766256], [139.40189354686075, 35.625985487438314], [139.4018721969794, 35.626054249401], [139.40181568288605, 35.62611127821265], [139.4017435067574, 35.62618747923283], [139.401682014769, 35.62626002074083], [139.40160980233173, 35.62633549202927], [139.40158587257767, 35.62637943435457], [139.40153885789744, 35.626455464518834], [139.4015147331125, 35.626499313189385], [139.4014647000003, 35.62659150000008], [139.4014847268629, 35.626527701574865], [139.4014444898935, 35.626538549182506], [139.4013653297945, 35.62652859554798], [139.4012688391674, 35.626495723133964], [139.40116808397954, 35.62647613493498], [139.4010613005636, 35.62643863384654], [139.4009585900805, 35.626406167027746], [139.40094706641275, 35.62640447869463], [139.4008199649771, 35.626374436965726], [139.40069379778583, 35.626338794372636], [139.40056738668287, 35.62630340163508], [139.40043606847547, 35.62627488366402], [139.40031744284678, 35.62624151815974], [139.40022275659877, 35.62621882652254], [139.40006671580971, 35.62617310084775], [139.39999027045445, 35.62614639201119], [139.39992441978455, 35.626133761848635], [139.3996001000003, 35.62623760000008], [139.3998274000003, 35.62614520000008], [139.39982660000032, 35.62612680000008], [139.3998356000003, 35.62613460000008], [139.3997918000003, 35.626112400000075], [139.39982090000032, 35.626119100000075], [139.39984240000032, 35.626072300000075], [139.39982190000032, 35.62611890000008], [139.39988960391995, 35.62610523816562], [139.3999170000003, 35.62619060000008], [139.3998037000003, 35.626119700000075], [139.39986179116707, 35.626120810104496], [139.39985489475782, 35.62612831950139], [139.39989792737018, 35.62612845888519], [139.39989785531156, 35.626128497166526], [139.39989778146384, 35.62612850342428], [139.39989763684065, 35.62612844346741], [139.39989758419023, 35.62612845792338], [139.39989753028422, 35.62612840904082], [139.3998552351909, 35.62613211104934], [139.39983830000028, 35.62612860000009], [139.3998641365551, 35.62611961680772], [139.39982520000032, 35.626090600000076], [139.3998870301757, 35.62609832242937], [139.3998831368238, 35.62609485581194], [139.39988278392445, 35.62609519153528], [139.39987739737307, 35.626095732948016], [139.3998753962487, 35.626098085963584], [139.39983330000032, 35.62614720000008], [139.3998944862433, 35.62612882492743], [139.3998947651741, 35.626129078550015], [139.39990416494513, 35.62615087293199], [139.3998941495905, 35.626129362690826], [139.39989404657817, 35.62612930754178], [139.3999211665151, 35.62613705389639], [139.39989392967462, 35.62612939020728], [139.3998939000003, 35.626116100000075], [139.399893880514, 35.62612936911494], [139.39994835655074, 35.62614095956841], [139.39982240000032, 35.62616930000008], [139.39985900000028, 35.626174400000075], [139.3998359000003, 35.626187800000075], [139.3998159000003, 35.62611660000008], [139.3998890299485, 35.62610913713689], [139.39987970000033, 35.62618020000008], [139.3999200265749, 35.62607882356966], [139.3998915638226, 35.62612794343394], [139.39989147932897, 35.62612785171778], [139.3999425692019, 35.62607688880217], [139.39994905717856, 35.626076868700004], [139.3999351138416, 35.62608065994578], [139.39989141691552, 35.62612815146899], [139.39991976364186, 35.62608613625761], [139.39993091494696, 35.626090543875875], [139.39979320000032, 35.626150800000076], [139.39995069347364, 35.62611979345008], [139.39995389815198, 35.626120115937006], [139.39995922837065, 35.626126159610195], [139.39995763427206, 35.626122466399394], [139.39995532120517, 35.62612316723497], [139.3999584521243, 35.62612690425039], [139.3999581036993, 35.62612999296822], [139.39995387021804, 35.62612861065523], [139.39984970000032, 35.626143400000075], [139.39981070000033, 35.626141600000075], [139.39984730000032, 35.62616970000008], [139.3999066000003, 35.62618270000008], [139.3998906246942, 35.62612902892234], [139.39988600000032, 35.62614420000008], [139.3998907267162, 35.62612912002715], [139.3998518000003, 35.626147100000075], [139.3999069000003, 35.626083900000076], [139.39980777723324, 35.626099606510806], [139.3997150103703, 35.62609189031681], [139.39967524129355, 35.62608030050642], [139.39963907971764, 35.62607040188236], [139.39959549127673, 35.62604595919371], [139.3995623417174, 35.62601084258499], [139.39952579968312, 35.626000370743384], [139.3995276331324, 35.62592908041796], [139.3995409438899, 35.62588541702863], [139.39955592788246, 35.62584469869437], [139.39959830150474, 35.62577164218998], [139.3996188119213, 35.62570477059082], [139.39964636603437, 35.625612083525596], [139.39966292876883, 35.625568459822404], [139.39970957203445, 35.625533515513375], [139.39975881059624, 35.625538798375224], [139.39980610812384, 35.62554825657575], [139.39986877181659, 35.625573657178904], [139.3999343392985, 35.625596895134514], [139.39999840193735, 35.625622192298145], [139.40005708021232, 35.62564888584307], [139.4001217496641, 35.62567742016442], [139.40022088781603, 35.62573566490103], [139.40032722592719, 35.62578049617983], [139.4003943656972, 35.62581083007853], [139.40047149169092, 35.62584236801809], [139.4005728189108, 35.6258891787172], [139.40061536037433, 35.62590722681236], [139.40064416849103, 35.62592303112328], [139.40068977516992, 35.62591652424321], [139.40072078596472, 35.62590524438776], [139.40078624321654, 35.625855414248484], [139.40081791493125, 35.625818472534355], [139.40083467211932, 35.6257905464334], [139.40089152702092, 35.625724163189034], [139.40094081516236, 35.625645331445504], [139.4009585429, 35.625609590070376], [139.40096018752496, 35.62560810326292], [139.40096360535253, 35.62558986713113], [139.40098227182332, 35.6255704434087], [139.4010554000003, 35.62551450000008], [139.40100664844653, 35.62554238930402], [139.4010165758299, 35.62552714306879], [139.40102055006565, 35.62552485462071], [139.40098910000032, 35.62547670000008], [139.4010111535255, 35.62552343005872], [139.401017060842, 35.62552574269206], [139.40101087151083, 35.6254917612677], [139.4009959048249, 35.62545804333689], [139.40096887272463, 35.62542171174206], [139.400928861067, 35.62538856689103], [139.4008320378137, 35.62532681772646], [139.40075944820757, 35.62528651551904], [139.40069960356362, 35.62525608233894], [139.40061137502641, 35.625220712407646], [139.400553780904, 35.62517946678497], [139.4004210070276, 35.62509997066781], [139.40035561988836, 35.62506366131704], [139.40029553333025, 35.62502949248213], [139.40021504430396, 35.6249876222474], [139.40015323252413, 35.624954940767786], [139.40007089663646, 35.62491976838352], [139.4000209421242, 35.624891952713284], [139.39995529124823, 35.624878366465886], [139.39987555001537, 35.624915171738444], [139.39982865266444, 35.624968697325286], [139.3998098058612, 35.625014551564355], [139.39979087955368, 35.625088375227364], [139.3997605446256, 35.625203457959245], [139.39974282682175, 35.62526450692031], [139.39970811874497, 35.62538116900789], [139.39967954721575, 35.625483513079544], [139.39970431386004, 35.62552656009553], [139.39975904170652, 35.62555544711707], [139.3998559800456, 35.62560048924878], [139.39991957793416, 35.625616865431724], [139.39998215743327, 35.625639108414425], [139.40011105959215, 35.625698326101904], [139.40018510677007, 35.62572943532305], [139.40028077595923, 35.62576348101421], [139.40035891863786, 35.625792470807475], [139.4004387208126, 35.62582368505895], [139.40055543392202, 35.62587208130763], [139.40062427003994, 35.62591043836408], [139.40062511136878, 35.6259225276753], [139.40063810672066, 35.625969811495885], [139.40062824561443, 35.626004305534195], [139.4006048458832, 35.62603602280927], [139.40056779291984, 35.6260737868654], [139.40053297541766, 35.62611225334426], [139.40050064626777, 35.62615827534177], [139.40048246237575, 35.62617590057376], [139.40048062732566, 35.626189207042565], [139.4004949312471, 35.62620790294047], [139.4004929747278, 35.62620419580269], [139.40050317250066, 35.626204538656], [139.4004865916366, 35.626237195100565], [139.40048503933332, 35.62624366334856], [139.40048491744477, 35.62624579420217], [139.4004840644583, 35.62624502723085], [139.400500003916, 35.62626640411576], [139.40055677062688, 35.626314845388535], [139.40059406149484, 35.62633110083137], [139.40066553836203, 35.62633998393171], [139.4007243398472, 35.62635251900214], [139.40076903143833, 35.62637691772507], [139.4008372614677, 35.62639287210524], [139.40091068677756, 35.62641392496073], [139.40104033079234, 35.626459297713865], [139.4010900128875, 35.626470006924315], [139.40121445411603, 35.62648950666376], [139.40133456337873, 35.626528512332115], [139.40142712524542, 35.62655564908308], [139.40151481212555, 35.62658274506369], [139.4016469013581, 35.626607780775636], [139.4017244186996, 35.62662339454482], [139.4017870744203, 35.62664479073889], [139.40187048003256, 35.62667172739287], [139.4018935136634, 35.62675328598904], [139.40185398314438, 35.62683819418278], [139.40181173165072, 35.62695186810768], [139.40179471356862, 35.62701923569749], [139.4017480130104, 35.62709858335864], [139.40170685107518, 35.6271287480167], [139.40160032628418, 35.627154087473116], [139.40155997484635, 35.627135820735], [139.40146990474943, 35.62711028816976], [139.40140078074637, 35.62709282358698], [139.40126887555036, 35.62705510387811], [139.40117381475395, 35.62701597944372], [139.4011002418409, 35.6269936606433], [139.40101983878634, 35.626964439433074], [139.4008884965647, 35.62692297098696], [139.4007952171452, 35.626894054004104], [139.4006462806152, 35.626852732671196], [139.4005496762462, 35.62682688250512], [139.40043588831387, 35.62680347763899], [139.40032241546209, 35.62677198409944], [139.40024314627257, 35.62675721762651], [139.400151391422, 35.62673334704757], [139.4000443229797, 35.62670401757749], [139.39993552426856, 35.626678473525416], [139.39975900474576, 35.6266319910561], [139.39961313348854, 35.62659251798753], [139.39943164682356, 35.626543929431364], [139.39939221240041, 35.626514366576636], [139.39937087775502, 35.626476184450276], [139.39938192896017, 35.626436924687354], [139.39939559056702, 35.626396223819256], [139.39941805114378, 35.62631938282113], [139.3994197806559, 35.62626504801359], [139.3994406958293, 35.62620619278082], [139.39947432906212, 35.626117582008696], [139.39947050478193, 35.626090953532966], [139.3995064496494, 35.6260628227364], [139.39959950110585, 35.62606228594849], [139.39966082879508, 35.62607735940912], [139.39971909927112, 35.62609257106133], [139.39980702788233, 35.626122237733604], [139.39987270008353, 35.626143329218635], [139.39998011233914, 35.6261721678366], [139.40004411181744, 35.62619230130978], [139.40014701000308, 35.62621485369554], [139.40023182984592, 35.626220125152436], [139.40034110441212, 35.62624573364046], [139.4004536605465, 35.62627079188334], [139.4005660820997, 35.62629986193325], [139.4006399301679, 35.62632399408016], [139.40071972395694, 35.626346311595704], [139.4007986176642, 35.626370467276764], [139.40087560292338, 35.62639298429107], [139.4009878777629, 35.62642448062838], [139.40111865216588, 35.62645564292167], [139.40120459437205, 35.62647732501524], [139.40132337675098, 35.62651223008159], [139.40140166417478, 35.62653371419517], [139.40153590046486, 35.62656992005138], [139.40162120112845, 35.62659850319931], [139.40180282908324, 35.62665026116586], [139.4018936116673, 35.62667782556369], [139.40203594370803, 35.62672232482344], [139.40215355611053, 35.62676215051366], [139.40227473301502, 35.62678783236985], [139.40244766938275, 35.62684135361889], [139.40267253051687, 35.626910872972736], [139.40287061156837, 35.62698316456572], [139.40297957084147, 35.62702826997285], [139.403077283173, 35.62708848990182], [139.40326703497936, 35.62713812616181], [139.4033379909016, 35.62715811152972], [139.40341120987642, 35.62718265682957], [139.40348911660809, 35.627198115354574], [139.4035178862309, 35.62721597577655], [139.40354237450939, 35.62725783122818], [139.40352715135552, 35.62731409167312], [139.4035210236879, 35.6273713170041], [139.40351486931672, 35.62741682389704], [139.40350725229385, 35.627455387606936], [139.40350784527678, 35.62745742402157], [139.40350641101378, 35.627460288637856], [139.40350198582405, 35.62748283888984], [139.40348922308277, 35.62756556218479], [139.40347755803847, 35.62758838614136], [139.4034582824795, 35.62759546759828], [139.4034487530412, 35.62761380000465], [139.4029593000003, 35.62772050000008], [139.40342528895152, 35.62762244126369], [139.4033408011543, 35.62761778000685], [139.40325632649368, 35.62758924380864], [139.4031735752517, 35.627570948715324], [139.403010610922, 35.627539940657954], [139.40293744262755, 35.62752264455001], [139.4027861990334, 35.6274819122827], [139.40267249206286, 35.62744780911589], [139.40249834306005, 35.62739347403994], [139.40235313991292, 35.627351927103916], [139.4022604738602, 35.627328613699525], [139.4021402810221, 35.62729841511254], [139.40203115484005, 35.627271482954704], [139.4019742999429, 35.627254091174265], [139.40192711213038, 35.627242527944915], [139.4020381000003, 35.62696890000008], [139.40192255016137, 35.627235309958124], [139.4019186985339, 35.62723705868172], [139.40191486445488, 35.62723606637968], [139.40191492905103, 35.627236258984105], [139.40200680000032, 35.626958900000076], [139.4019224840729, 35.62722509056882], [139.40192312675973, 35.627224433329324], [139.40192616370518, 35.627221096373034], [139.40192347029355, 35.627229249637004], [139.40189644267193, 35.62722253854637], [139.40184115394845, 35.62720587623629], [139.4018023426793, 35.627196763127884], [139.40173930955237, 35.627151935973586], [139.40173282031034, 35.62712860011576], [139.40174410257956, 35.627064331632916], [139.4017597117488, 35.62702452240931], [139.40181423111923, 35.62693929533953], [139.40183510977508, 35.62689036984302], [139.40186085364704, 35.62684857468118], [139.4017725000003, 35.62675300000008], [139.40190093026203, 35.626759946114554], [139.40190681132927, 35.626739780804364], [139.40190778955818, 35.626714876917646], [139.40189718728845, 35.62667743231731], [139.40187681971446, 35.626656551830564], [139.4018248312611, 35.6266319754405], [139.4017796067552, 35.626612184968586], [139.40173409503365, 35.62660483070787], [139.4016805418571, 35.62658835077701], [139.40163148199022, 35.626578323063164], [139.40156440953106, 35.62654936869688], [139.4015469269532, 35.62652782031566], [139.40155459455752, 35.626463581328714], [139.40159549881767, 35.62641098836782], [139.40162640430088, 35.62637826027216], [139.40166622018194, 35.62634144798214], [139.40169935611803, 35.62630048941178], [139.40173806234017, 35.62623344267405], [139.4017896551916, 35.6261570544135], [139.40182627635446, 35.62611489829519], [139.40184823594424, 35.626089057165764], [139.40185215679514, 35.62607964904687], [139.40210970000032, 35.62608490000008], [139.40186430327893, 35.62608047979981], [139.40186195232437, 35.62608034298544], [139.40186407965695, 35.62607894358316], [139.40186568432833, 35.62607595149577], [139.40186920175222, 35.62607309843343], [139.4018675963377, 35.62607562307129], [139.40186042237727, 35.6260775017959], [139.40186483155577, 35.62607865882532], [139.4018704313971, 35.626064841495705], [139.40190764045116, 35.62602141622962], [139.40193702785623, 35.62598823441867], [139.40196380515223, 35.625959031363166], [139.40200549918686, 35.625907565204955], [139.40205024173548, 35.62585229029268], [139.4020861566683, 35.62580420743771], [139.4021297246535, 35.62574954388023], [139.40217665790215, 35.62569540605186], [139.40222937984757, 35.62563192253668], [139.40228923732639, 35.62557927663963], [139.40234084565918, 35.625510950200166], [139.4023920766238, 35.62544407135164], [139.40248983277613, 35.625323459944696], [139.4025372481358, 35.62525775960106], [139.4025718673013, 35.62518024466672], [139.40260813047857, 35.625092948871334], [139.40264391618084, 35.62502110076494], [139.40264193198058, 35.62494967470997], [139.40263627509253, 35.62488046986222], [139.40263330037965, 35.62480804656238], [139.40260284585895, 35.62475363029763], [139.40255355700185, 35.62464647200439], [139.40252621517146, 35.624604908815726], [139.40248363737945, 35.62454963559096], [139.4024388185161, 35.62448902496216], [139.40239554236206, 35.624426663681206], [139.40235654774673, 35.624361019633646], [139.40230947040527, 35.624295783531466], [139.4022476355772, 35.62420111558128], [139.40219848200115, 35.62413587291008], [139.4021428968463, 35.62406185562362], [139.40207797734192, 35.623974146321046], [139.40203935396124, 35.62388494130206], [139.40207249095968, 35.62382840044581], [139.40220524989033, 35.6237439402857], [139.40231715779757, 35.62368324772401], [139.40235470700725, 35.623660853511495], [139.40246883395105, 35.6236089569914], [139.40259156673798, 35.623568781239854], [139.40268499481598, 35.623535622372636], [139.40278332028308, 35.62349078850263], [139.40289665396648, 35.62343976497466], [139.40298653422312, 35.62340469786823], [139.40307802317372, 35.62337543497984], [139.40316912325557, 35.62333798871911], [139.40325346013364, 35.62330925964178], [139.40333608849744, 35.62328048688614], [139.403418139092, 35.62325056473182], [139.4034990914418, 35.623222586579246], [139.40357852940116, 35.62319741195153], [139.4037008906906, 35.62314690783453], [139.40379832976143, 35.62310536794414], [139.40388046026732, 35.62309407951624], [139.40396273684604, 35.623087056734896], [139.40410834636992, 35.6230756856704], [139.40419680159224, 35.623089247471086], [139.4042917868268, 35.623114006338945], [139.40437136045108, 35.623143896760425], [139.40445437394018, 35.623177572500495], [139.40452354149429, 35.62322162382017], [139.40460512659956, 35.623263202975714], [139.404687079285, 35.623308011085996], [139.40476419986197, 35.62335124038581], [139.40485827045669, 35.62338636502878], [139.40494274266092, 35.6234274623361], [139.40506806763455, 35.62347895367357], [139.4051041061702, 35.62349660083813], [139.40512207764993, 35.623519630777075], [139.40512233705687, 35.62354196888152], [139.4051114447928, 35.623570076152355], [139.40508638825025, 35.623591724553044], [139.40505981707375, 35.62361736177442], [139.40499074041392, 35.62369986051735], [139.40495175494556, 35.62375783488581], [139.40492114007625, 35.62382034637499], [139.40486571003777, 35.62389675967521], [139.4048301872934, 35.62394451261586], [139.40480306303897, 35.624026158133844], [139.40479328394176, 35.62408433466663], [139.40478864385167, 35.62416713342325], [139.40477567698554, 35.62413910686005], [139.40476615524202, 35.62425170114721], [139.40479006565357, 35.62435494265554], [139.4047882157868, 35.62441874942337], [139.40479316639022, 35.62448374398987], [139.40479351223814, 35.624550616952725], [139.40478800948372, 35.62460293264867], [139.4047877260468, 35.62464593024973], [139.40476899786773, 35.62467475304115], [139.4047606855395, 35.624689630658054], [139.4047497542204, 35.62470339090136], [139.40465328176526, 35.624720896446846], [139.40460179875248, 35.62471724118533], [139.40454720175163, 35.624721344569735], [139.40446663313452, 35.62472573541943], [139.40440256498545, 35.62473398464852], [139.404354690445, 35.62474434094826], [139.40431088838548, 35.62475077266562], [139.4042819403076, 35.62474538479486], [139.40426421841138, 35.62474998523509], [139.40426542695803, 35.62476791984317], [139.40426123292917, 35.62478466511799], [139.4042585989663, 35.624805660958415], [139.40425105140582, 35.62482784817048], [139.40423555675108, 35.62486724909038], [139.40421793148002, 35.62489600250718], [139.40419659214058, 35.624927026481025], [139.4041715647681, 35.62495972639294], [139.40414632937876, 35.62498848165375], [139.40410999473653, 35.62502669882464], [139.4040730551484, 35.62506487761831], [139.4040480777324, 35.62509301865289], [139.404025307979, 35.625119652840304], [139.4040016925238, 35.62514456442884], [139.40397701043756, 35.62516795893276], [139.40394762928142, 35.625188641076505], [139.40389062915764, 35.625225200240344], [139.40386592154024, 35.62523132526783], [139.4038555432257, 35.625236244047755], [139.40386105276426, 35.625244403582805], [139.4038025360804, 35.62529642802767], [139.4037988469912, 35.62531900194688], [139.40380689931604, 35.62534367735833], [139.4038381373993, 35.62535836805836], [139.4038673052325, 35.625373129977476], [139.4038832030358, 35.625402944726595], [139.40393577421247, 35.62541707702375], [139.40407494728018, 35.62543513539294], [139.40414021188994, 35.6254595723833], [139.40426919743976, 35.62547774487147], [139.40431876062527, 35.62547537568582], [139.40440396773843, 35.625415920968166], [139.4043950000003, 35.62547920000008], [139.40445323993384, 35.62536577763301], [139.4044964077413, 35.62529839137177], [139.4045337851534, 35.62525091016178], [139.40457842249828, 35.62519810325226], [139.40465683848694, 35.625117789020635], [139.40472718564206, 35.62499945163067], [139.404769967595, 35.62494992884901], [139.40481219477496, 35.62491327444698], [139.40486855025142, 35.624895790700386], [139.4049099273481, 35.624889770626964], [139.40493460000027, 35.62419920000008], [139.40498702264205, 35.62494036469633], [139.40503566229899, 35.62496494558969], [139.40508676328685, 35.62499844633472], [139.40514473521097, 35.62503117725051], [139.40522403196223, 35.62507853173443], [139.4053118407107, 35.6251490649415], [139.40532452380367, 35.62517242003297], [139.40529524990987, 35.62521464433889], [139.4052541427022, 35.625260782222206], [139.4052222925083, 35.625305221074896], [139.4051822148521, 35.62534687876202], [139.40512246000904, 35.6253894047693], [139.40509152645055, 35.625433833703426], [139.40504982306103, 35.62546631676931], [139.40500920000028, 35.62556320000009], [139.4049893485158, 35.625527183786275], [139.40495444299862, 35.625565042955216], [139.40491755699426, 35.62558864444825], [139.40483964972069, 35.62557130954086], [139.40471498428468, 35.62555095004662], [139.4046166475891, 35.62554406682882], [139.40453628742867, 35.625534875335134], [139.4044507927616, 35.625517663576005], [139.40433970158014, 35.62549099379024], [139.40426012608694, 35.62547089584753], [139.4041289828511, 35.625443523541314], [139.4040474282035, 35.62542492422802], [139.40397408399608, 35.62541346165879], [139.40384901684385, 35.62537469390434], [139.4037664943277, 35.62535590335974], [139.403632393792, 35.62530048425857], [139.40351455144128, 35.62527377211095], [139.403436074712, 35.62525533551742], [139.40336403141825, 35.625174257428434], [139.40337526027926, 35.62514157690051], [139.40339945666196, 35.62509968794477], [139.40343057456442, 35.625058206788445], [139.40346361867933, 35.62501479053344], [139.40346563986765, 35.62499536747898], [139.40352046364552, 35.62491346576981], [139.40348648619974, 35.624833061653135], [139.40348430465653, 35.624801949080684], [139.4034850410893, 35.62476710799824], [139.40348247415776, 35.6247428832409], [139.40348893728128, 35.62472787660763], [139.4034700493506, 35.624698023058215], [139.40344498403093, 35.624662346191215], [139.40341747327125, 35.62462805022974], [139.40338578874588, 35.62457011291743], [139.4033636465525, 35.6245348788367], [139.40339208746636, 35.62448456930579], [139.40340720978372, 35.62444952314847], [139.40344498169344, 35.62440377389941], [139.40347892745058, 35.624351005096266], [139.40352478714763, 35.62429896863531], [139.40356086598092, 35.62425018602976], [139.40359452743937, 35.62420511803926], [139.40362804990937, 35.62419688597971], [139.4036852237686, 35.62421014932961], [139.40378022851704, 35.62427160358342], [139.40383075274661, 35.62429155343337], [139.40392010373142, 35.6243105987773], [139.4039805074618, 35.62431409823242], [139.40404300783499, 35.62432302791864], [139.40415588419953, 35.62432740565705], [139.40429133930692, 35.62432745990052], [139.40437579858883, 35.62433220840107], [139.4044789602329, 35.62432697967549], [139.40458251250595, 35.62431210629496], [139.40465858159195, 35.62430872642006], [139.4047331233408, 35.624307370667246], [139.4047567510088, 35.62431001865476], [139.40478731438014, 35.62427979661966], [139.4048075464942, 35.624222264871754], [139.404807505879, 35.62417717899617], [139.404799746707, 35.62414075970183], [139.40480124519715, 35.624099994782405], [139.40478299564384, 35.62407569692652], [139.40475848297982, 35.62405560174826], [139.40106005407705, 35.621820257636834], [139.40471119898024, 35.62403190272836], [139.40464968354806, 35.62403676705555], [139.4046080265475, 35.62402200605459], [139.40663348843978, 35.627602012769245], [139.40454413281807, 35.62399062449301], [139.40445908862114, 35.62394404313537], [139.40435769118218, 35.62390545142425], [139.40433077995837, 35.62389090346405], [139.4042918495262, 35.62385963693574], [139.4042815258266, 35.62382250136924], [139.40434947281068, 35.62376837276372], [139.40437970694032, 35.623705986441514], [139.4044125519495, 35.62365951057254], [139.4044620098603, 35.62361754057183], [139.40451033425308, 35.62358651290407], [139.40456139455938, 35.623581143976246], [139.4046136920463, 35.623585816772945], [139.40462590000033, 35.623533800000075], [139.40475824628848, 35.62365742761665], [139.404847969539, 35.623709447273555], [139.40490253616744, 35.62372811059672], [139.40493097396094, 35.62375209831268], [139.40494074742367, 35.623775494593254], [139.40491890000033, 35.62380960000008], [139.40492815093396, 35.623819418709445], [139.40490338394855, 35.623864637028255], [139.4048634340946, 35.62391695022661], [139.40482087899022, 35.623975893138635], [139.4047990896315, 35.624040265949745], [139.4047829330977, 35.624096822116584], [139.4047820027325, 35.624143935218406], [139.40478580400804, 35.62421433963854], [139.40478517832761, 35.624284137942986], [139.40478447010045, 35.62435654751165], [139.40478487266748, 35.624432498339004], [139.40478460054658, 35.62450375734493], [139.40478946396118, 35.62460618346892], [139.4047871347059, 35.62466135852491], [139.40477504758613, 35.62470181168213], [139.40473251787185, 35.624711763672195], [139.40471660193418, 35.624723688452505], [139.40464571565985, 35.624730482108376], [139.4045857078504, 35.6247340374929], [139.40451569458952, 35.62473443411845], [139.40443647980504, 35.62474181295237], [139.40432656689512, 35.62473996329139], [139.4042735007831, 35.62472006411188], [139.40424977989016, 35.62470873315415], [139.40423137735377, 35.62468166449382], [139.4042088942252, 35.62465748237589], [139.40415390616525, 35.62464669457415], [139.40411421310804, 35.62463764941709], [139.4040440044593, 35.6246290361976], [139.4040326161356, 35.62463167350462], [139.4040320201728, 35.62463258014449], [139.4040477387293, 35.624636160399255], [139.40407111005626, 35.62463532901879], [139.40411388113444, 35.62464161668855], [139.40414065039988, 35.6246366352804], [139.40420192087097, 35.624643247257886], [139.40423057274566, 35.62463817579071], [139.40424754145815, 35.62463797326968], [139.40425862016878, 35.624639476044834], [139.4043050000003, 35.62475690000009], [139.40422453131498, 35.62466876997285], [139.40421549070754, 35.624687905269404], [139.40421152236914, 35.624731315760414], [139.40419029793867, 35.62474440745668], [139.40416916933023, 35.62475645579002], [139.4041337873585, 35.62476484221629], [139.404074886322, 35.62475458514292], [139.40399614723546, 35.6247554346671], [139.4039276733709, 35.624756812078196], [139.40381522292748, 35.62474650972625], [139.40370509372957, 35.62475257630092], [139.4035765362097, 35.62474505272596], [139.4035081714153, 35.62473071307555], [139.40345851392803, 35.62470299946641], [139.4034307305288, 35.62467996629289], [139.40337160596277, 35.62457832797683], [139.4033711437649, 35.62452072639606], [139.40338901828173, 35.62448163387887], [139.40342975057945, 35.62441961438171], [139.4034718038495, 35.62436118435973], [139.4035174476536, 35.624299878059425], [139.40356746330468, 35.624235620587285], [139.403609879973, 35.624179567442155], [139.40367801376166, 35.624084637796024], [139.40373508473354, 35.62401123868788], [139.4037855594569, 35.623937968618534], [139.40382938111708, 35.62386286309513], [139.4038778928532, 35.623792368519815], [139.40392933792364, 35.623718120074585], [139.4039835934296, 35.62364619799512], [139.4040392787501, 35.62357657661556], [139.40409096160275, 35.62350584378011], [139.4041381748599, 35.623436264859926], [139.40418542805534, 35.623368451091835], [139.4042310703579, 35.62330765243017], [139.40427567383094, 35.62324157768285], [139.4043186209549, 35.62319890760033], [139.40431281587857, 35.62319249817596], [139.40431915951118, 35.623184933269954], [139.40423220000028, 35.62320030000008], [139.40433315165885, 35.623160733548225], [139.40433255622588, 35.62314433526223], [139.40432080491192, 35.62310841950351], [139.40426239768865, 35.62307545052254], [139.40422947150714, 35.623069324127826], [139.40418349857907, 35.6230494320333], [139.40410871937598, 35.623047035491595], [139.40404867484338, 35.623044162683996], [139.40398840449618, 35.62304228963266], [139.40391965973407, 35.62304156648805], [139.40384738394206, 35.62304404499023], [139.40382064007187, 35.62305374376766], [139.4037895202619, 35.623034859068], [139.40376722814923, 35.62301471785025], [139.40374375096528, 35.622997336980255], [139.4037116695107, 35.62297570950327], [139.40367559717015, 35.62295054653765], [139.40364176780105, 35.622923198696974], [139.40360516605992, 35.62289825263186], [139.4035567652131, 35.62286120142693], [139.4035169893224, 35.62281961168372], [139.4034878387497, 35.622795310882765], [139.40345278083518, 35.62276749171243], [139.40341809746778, 35.622731628166584], [139.40337876213977, 35.62270134291312], [139.4033398392512, 35.62266220390165], [139.4032966039112, 35.622624072692545], [139.40325363579976, 35.622590256790566], [139.40321047555102, 35.62256085398939], [139.40317652488727, 35.62254651011449], [139.4031653942715, 35.62253715887262], [139.403139036265, 35.622514473046714], [139.40308382967262, 35.62247315696088], [139.40303508448153, 35.62243440956642], [139.40300104000275, 35.62239601926017], [139.40294718720727, 35.622380100292716], [139.40291703152513, 35.62237604711599], [139.40288570619728, 35.622377141279706], [139.4028347933159, 35.622389258898586], [139.40278466931218, 35.62242007214532], [139.40272852472816, 35.62243530590578], [139.40268577637568, 35.622467206220314], [139.4026272657721, 35.62249817589457], [139.40253923090995, 35.6225408919772], [139.40246492441045, 35.622576044246365], [139.4024221199945, 35.62260600297373], [139.40235902071305, 35.62266583491947], [139.4023162963212, 35.622706292264354], [139.40227265893108, 35.62274443445864], [139.40223058680277, 35.622789862553375], [139.40219264147314, 35.62283589565784], [139.40215990251914, 35.622889672478976], [139.40214984903858, 35.622918685214565], [139.4021878567952, 35.622935412059356], [139.40223509577922, 35.622970708991396], [139.40226545499854, 35.622991048665675], [139.40232145221754, 35.62301143672797], [139.40239272153073, 35.62305040898935], [139.40243022736738, 35.62306176213449], [139.40247147707836, 35.62306681698442], [139.40251689648915, 35.623070266214334], [139.40256582757215, 35.623072883740754], [139.40262037883542, 35.623054431975795], [139.40267868557677, 35.62304415562352], [139.40274322352465, 35.62304325449728], [139.40280927702804, 35.62303647948073], [139.40287847804518, 35.62302684133249], [139.40295359541724, 35.62301760377012], [139.40303255875858, 35.62301094893603], [139.40310197837528, 35.62300611209376], [139.40314179085348, 35.62300685472341], [139.4031799869487, 35.62299487273022], [139.4032100103317, 35.622967495817385], [139.40325658233732, 35.622947113104566], [139.40330727400186, 35.62290615506843], [139.40334256329126, 35.6228700256557], [139.40337461029725, 35.622839788685106], [139.40341399742033, 35.62281631848448], [139.40342172478282, 35.62280426258496], [139.40341693573427, 35.622745100734555], [139.40339338454405, 35.622722901695965], [139.4033668396654, 35.62269942269415], [139.40332002639425, 35.62266226703534], [139.40330042013218, 35.622646261626386], [139.40326382288558, 35.6226201896924], [139.40321107616418, 35.62259028849862], [139.40316620393878, 35.622561436518986], [139.40313530403287, 35.62255878831012], [139.40310887024864, 35.62256569062342], [139.40308145986992, 35.62259771799168], [139.4030736165109, 35.622620814283046], [139.40306178044602, 35.62267024034585], [139.4030375355919, 35.62271150217462], [139.40301112794103, 35.62272275746635], [139.4029771558575, 35.622724936869794], [139.402941286121, 35.62273499462946], [139.40289962247195, 35.6227423439015], [139.4028590121395, 35.62275300759083], [139.40280570968937, 35.6227656116958], [139.40271254216086, 35.62277809116403], [139.40266211735718, 35.6227819526225], [139.402598213761, 35.622789932648836], [139.40249549695025, 35.62279899033171], [139.4024373688251, 35.622777369127384], [139.40239450875237, 35.62275511650542], [139.40235381584242, 35.62272049951891], [139.40235162968125, 35.62271635728877], [139.40232874192338, 35.62268727744852], [139.40236185842684, 35.62262766731229], [139.40242449106844, 35.62257427900985], [139.4024773242553, 35.622560752143805], [139.4025484135501, 35.62252448165331], [139.40260053491164, 35.62250400060723], [139.40266186623853, 35.622456059197994], [139.4027132495552, 35.62244034094529], [139.4027790788715, 35.62241253936894], [139.40282969492876, 35.62239548026223], [139.40286244067326, 35.622386784953186], [139.40293296806973, 35.62241436273789], [139.4029895551466, 35.62245740230084], [139.4030284877155, 35.62248596942411], [139.40312251173063, 35.622558262615726], [139.40319377766335, 35.62261269894741], [139.40330040884584, 35.62268994634491], [139.40336134806063, 35.622737263844776], [139.4034215811601, 35.62276776871793], [139.40347823060782, 35.622802390520214], [139.40354069529616, 35.62284165290722], [139.40358994487627, 35.62286474612574], [139.4036410000003, 35.62293050000008], [139.40370807568289, 35.6229516213985], [139.40370932438398, 35.6229452115317], [139.4037059615713, 35.622946698503014], [139.4036860000003, 35.623060200000076], [139.4037705596, 35.62297815614258], [139.40377876496044, 35.62299494637546], [139.40378154879866, 35.62299586479271], [139.4037814101617, 35.62300615008444], [139.4037764255623, 35.62303161634808], [139.40376409141405, 35.62304490183844], [139.4037077509093, 35.623072695695114], [139.40363221739483, 35.62310456097957], [139.40354972042596, 35.62313656197785], [139.4034922919491, 35.623157837069606], [139.4034230978558, 35.62318764128372], [139.40335497085994, 35.62321148520618], [139.40327811307168, 35.62324267624686], [139.40320601136474, 35.623275712087604], [139.40312225745342, 35.623304974435], [139.40299446198446, 35.62335381830498], [139.40290781131287, 35.62338423578268], [139.4028185482051, 35.62341547411734], [139.40295884666634, 35.62336729548384], [139.3999125822965, 35.626133522097696], [139.4026007355594, 35.62352244099672], [139.40250865707543, 35.62356678538283], [139.40236479352043, 35.62364304167079], [139.4022829695556, 35.62369615285712], [139.40219006902836, 35.623757459877915], [139.40211081647766, 35.62380550003031], [139.40206861205607, 35.62382671522465], [139.40201304236854, 35.62385482935359], [139.4019651468399, 35.62383653355468], [139.4018720394061, 35.62377874368016], [139.4018456991412, 35.6237556829204], [139.40180641765275, 35.62372717935617], [139.4017622904963, 35.62368953467882], [139.40168728205427, 35.623653352810805], [139.4016296143812, 35.62362465971693], [139.40155680172325, 35.62359191155768], [139.4015021644297, 35.623555764625465], [139.40145393731058, 35.62354142131875], [139.40141293775295, 35.62351726452043], [139.40136430439594, 35.623495292148526], [139.4015172000003, 35.62355830000008], [139.40128270130364, 35.62345415775895], [139.401232735099, 35.62341489162485], [139.4011745966522, 35.62338745802672], [139.40111067336463, 35.623356273832414], [139.40098948071812, 35.62329825960521], [139.4009454278007, 35.623274007949675], [139.40087051466105, 35.62323848783586], [139.40079857751832, 35.62320269056632], [139.40073070109423, 35.62316682149932], [139.40063530155635, 35.62312399784486], [139.40054391051055, 35.62306751572097], [139.40045624772398, 35.62302268129793], [139.40039220981694, 35.62299435537582], [139.40033508672263, 35.6229719835769], [139.40019784124652, 35.62289811819616], [139.40011863287458, 35.62286859462015], [139.4000055561411, 35.62283878860732], [139.3998696464129, 35.62281673922843], [139.39977555424196, 35.62280911502159], [139.3995342855439, 35.62281084124296], [139.39938037771537, 35.62282736988676], [139.39929697203564, 35.622845751023995], [139.39922715508627, 35.62286135888327], [139.39915813313462, 35.622879836644145], [139.39915254692244, 35.62287555536428], [139.3991567251485, 35.622880820425465], [139.3991571234641, 35.62288320711351], [139.3991517229714, 35.62288575332189], [139.3991513576972, 35.62288918646471], [139.39915716912085, 35.62288898749763], [139.39915690197898, 35.622891556273565], [139.3991606495983, 35.62289379960509], [139.39916010744142, 35.622894598960166], [139.39915236644754, 35.6228865022563], [139.3988673000003, 35.62293140000008], [139.3991518016718, 35.62288661449758], [139.3991519729028, 35.62290585745537], [139.39909711213454, 35.622903924256626], [139.3990313615809, 35.62290215696046], [139.3989606440186, 35.62285222401881], [139.3989269152948, 35.62277790744828], [139.3989084323813, 35.622719479369756], [139.39886314637675, 35.622621036167864], [139.39881594574726, 35.622512940860304], [139.39876745360434, 35.6223907541433], [139.3987388661834, 35.62230995566389], [139.39869941878948, 35.62222329960592], [139.39862392075065, 35.62208111822208], [139.39858116808446, 35.62198126208601]]}}, {"type": "Feature", "properties": {"route_id": "RNA1401002580_Site_Drive_FTP_DL_1_43944064_18082026", "source_file": "data\\RMI Datasets-20260831T060855Z-1-002\\RMI Datasets\\Data by Sukayat\\RF - Data Requirements\\data\\DT Agent\\DT_FTP_DL_csv_files\\RNA1401002580_Site_Drive_FTP_DL_1_43944064_18082026.csv", "points": 2501, "avg_rsrp": -95.96}, "geometry": {"type": "LineString", "coordinates": [[139.36082562695123, 35.59067872780755], [139.36082648234495, 35.59074583489626], [139.36082580412972, 35.59074379902494], [139.36082575874747, 35.59067820413293], [139.36082576776067, 35.59067813509395], [139.3608260516197, 35.590677614968726], [139.36082618180842, 35.5906773093681], [139.36082624524113, 35.590677122724635], [139.36083351254183, 35.5907445662232], [139.36083468999783, 35.590743359458635], [139.36082620503456, 35.59067671077604], [139.360826408564, 35.590676381990015], [139.36082647532132, 35.590676199697334], [139.36084630037308, 35.59073901606897], [139.36084576903022, 35.59073789901791], [139.36084627365474, 35.59073807278202], [139.36082653429276, 35.590675976461206], [139.36082667195322, 35.590675614697396], [139.3608453241708, 35.59074134698436], [139.36082677087546, 35.590675325624126], [139.36084813642756, 35.590742274994994], [139.36082664726894, 35.59067522922627], [139.36082668873968, 35.59067488117319], [139.36082667685108, 35.590674689278934], [139.36085122787142, 35.59073914056075], [139.36085004149842, 35.5907369285425], [139.36085176745263, 35.590731221890685], [139.36084986262927, 35.590726451033106], [139.36085031781062, 35.590722728303334], [139.3608505365528, 35.590721436824495], [139.36085174739992, 35.59072004179217], [139.36082682153085, 35.59067354178332], [139.36082647576936, 35.590666968329415], [139.36082662101177, 35.590666344433274], [139.36082666118375, 35.590665985686044], [139.3608266508582, 35.590665787753046], [139.36082663546406, 35.59066566188829], [139.36082648008653, 35.59066291468578], [139.3608264749068, 35.590662751662165], [139.36082644543166, 35.59066263846163], [139.36076807606253, 35.59069122336579], [139.360826302415, 35.59066245497059], [139.3608262341135, 35.590662441622236], [139.3608264357126, 35.59066195732634], [139.36076484456802, 35.5907035309686], [139.3607729186093, 35.590707445803616], [139.36077519705438, 35.59071055010883], [139.36078010208746, 35.59070994345825], [139.360782052665, 35.59071065605193], [139.36078405984736, 35.59071140924421], [139.36078101009943, 35.59071297025761], [139.36077731308058, 35.59071773291179], [139.3607756573156, 35.59071937002997], [139.3607714566815, 35.59071848452788], [139.36076982332642, 35.59071881376677], [139.36076834942943, 35.59071837148648], [139.36076414199545, 35.590718991015585], [139.36076174408907, 35.59071942102223], [139.3608261465787, 35.59066005435756], [139.36075825648314, 35.590718912728754], [139.3608261434521, 35.59065975041231], [139.36075575283346, 35.59072012859504], [139.3607526257443, 35.590718193422475], [139.36074807555417, 35.59071444783042], [139.36074626915968, 35.59071339292182], [139.3607487746443, 35.590713885779806], [139.36074784157213, 35.590713839486725], [139.3607471785172, 35.59071357752876], [139.36074370456032, 35.59071270331593], [139.36082531007486, 35.59065857049693], [139.36082519062492, 35.59065845764503], [139.36082534921175, 35.59065796977632], [139.36082539347473, 35.590657677724955], [139.3608253637902, 35.59065747945301], [139.36082529554292, 35.59065733549168], [139.3608252230296, 35.59065723974064], [139.36075361333894, 35.59070280553045], [139.3607544475251, 35.59070094432593], [139.36075117146365, 35.59069674339477], [139.36075134128725, 35.59069568510499], [139.3607495111544, 35.59069502902086], [139.36074932563622, 35.59069541343923], [139.36082500222219, 35.59065574758194], [139.3608249481156, 35.59065565178896], [139.360824880974, 35.590655564984765], [139.3608249869157, 35.590655114437624], [139.3608249996246, 35.590654840983284], [139.36082495999355, 35.590654667810774], [139.36076825763737, 35.590697014770576], [139.3607668314732, 35.59069933519807], [139.36082463973324, 35.59065421797684], [139.36082454395523, 35.59065413169623], [139.36082470109807, 35.59065369527221], [139.3608247288084, 35.59065343021307], [139.36082470376576, 35.59065324112463], [139.36082464870952, 35.590653097005834], [139.36075601610347, 35.59069207155791], [139.36074974124116, 35.59069542749389], [139.36074383050385, 35.5906938428574], [139.3607416342225, 35.590693910345415], [139.3607358410496, 35.59069485972578], [139.36073220271817, 35.59069654640436], [139.36073035197575, 35.59069335641557], [139.36072648263678, 35.590692688593414], [139.36082400105536, 35.5906513553239], [139.36082393498387, 35.590651261321334], [139.36082398002776, 35.59065097417208], [139.36082398078165, 35.59065078625579], [139.3607346641174, 35.59068951664041], [139.36073657423947, 35.59068915142138], [139.3608239527729, 35.59065036722626], [139.3608239394734, 35.59065029556175], [139.36082392885845, 35.590650233301034], [139.3608240532959, 35.590649824789516], [139.3608241094097, 35.59064959298588], [139.3608241137846, 35.590649431793004], [139.36076103994495, 35.590680685979656], [139.36075980549276, 35.590679109796966], [139.3607619987103, 35.59067536929466], [139.36076814316488, 35.59067931806394], [139.36082407753668, 35.5906483850899], [139.3607663141223, 35.59067450148757], [139.36076501004243, 35.590675853799624], [139.36082393646848, 35.5906480873309], [139.3608240493181, 35.590647707345155], [139.36082409465027, 35.59064751240727], [139.36082409615258, 35.590647400188764], [139.36076172100496, 35.59066827302183], [139.36082406149322, 35.59064720366656], [139.36082425814814, 35.59064691144854], [139.36082434909173, 35.59064673728808], [139.36075713155577, 35.59067512259644], [139.3607579107009, 35.59067195411263], [139.36082430871562, 35.590646501085104], [139.36082447149283, 35.59064610052619], [139.36082452995728, 35.59064587475252], [139.36074234750873, 35.590668010272886], [139.36073897881064, 35.5906671262466], [139.36073222516706, 35.59066199027836], [139.36073656369499, 35.59065760611438], [139.36073519576072, 35.590654117073726], [139.3607295741658, 35.590655215327416], [139.36082473110508, 35.59064468765168], [139.36073566873046, 35.59065433224369], [139.3607376151558, 35.590653779929866], [139.36082463393217, 35.59064433160447], [139.36082460125505, 35.590644278437594], [139.36073232047931, 35.59065929185435], [139.3607228888902, 35.59065903136043], [139.3607179235693, 35.59065684274471], [139.36071630416296, 35.59066042787252], [139.36070710729487, 35.59066109439431], [139.3606965119648, 35.59066803840355], [139.3606962959963, 35.59066980941633], [139.36082446203395, 35.59064328545076], [139.36082469157967, 35.59064277638075], [139.36082479275447, 35.59064252779273], [139.36067848292976, 35.59067538151958], [139.3606757212627, 35.590674890735116], [139.3608247178816, 35.59064223615318], [139.36082473577414, 35.59064207246642], [139.36070405473706, 35.59067140805348], [139.36071043513445, 35.590675323836166], [139.3607176600914, 35.59068266776711], [139.36071740541553, 35.590681007496194], [139.36072138535462, 35.59067518302527], [139.360824930503, 35.590641329488626], [139.36072758854257, 35.590678436095324], [139.36072475794924, 35.59067612612713], [139.36082488197871, 35.59064098852591], [139.36082485528985, 35.59064090821803], [139.36082504455962, 35.590640432936105], [139.36082513087436, 35.59064015258624], [139.36082513258953, 35.59063995991757], [139.36082507524807, 35.590639832867105], [139.36072223035833, 35.59066908740409], [139.36072053785173, 35.590667452727104], [139.36072476720125, 35.59066628493945], [139.3607274889591, 35.59066984216779], [139.36082498721362, 35.590638988240684], [139.3608249239145, 35.59063887244494], [139.36072769114548, 35.59065547369001], [139.36072721452206, 35.59065121728106], [139.36072957226554, 35.5906484195003], [139.3607288744681, 35.590645628668], [139.36072705752363, 35.590639600363275], [139.3607268403692, 35.5906345612705], [139.3607262654344, 35.5906286579533], [139.36082504491142, 35.59063731744198], [139.36082503242542, 35.59063725024135], [139.3608252825031, 35.59063684330963], [139.36082540183298, 35.59063663521364], [139.360825454, 35.59063652231552], [139.36073196002206, 35.5906266840994], [139.36072982051977, 35.590631659019074], [139.36082537369202, 35.5906362807368], [139.36073996656646, 35.59063766427293], [139.3607430920882, 35.59064478306326], [139.3607405751689, 35.59065154929505], [139.36082520489202, 35.59063627697704], [139.36082523071966, 35.59063589532051], [139.36082520027776, 35.5906356963223], [139.36073077472517, 35.59065408399504], [139.36073029075004, 35.590645874203965], [139.36072985334502, 35.590642935371676], [139.36073003104536, 35.590648011418715], [139.36082515161397, 35.59063493147778], [139.36071773354476, 35.59065264392188], [139.36071794035925, 35.59065330652406], [139.3607214640895, 35.5906534304276], [139.36082493915754, 35.590634711016314], [139.3607131415018, 35.590663662061736], [139.36071479026722, 35.590666322455405], [139.36072021803326, 35.59067028917411], [139.36072086307323, 35.59066908733444], [139.36082431051338, 35.590634555347506], [139.3607232417144, 35.59067383182497], [139.36072642796924, 35.590674260498616], [139.36082407061562, 35.59063427436783], [139.36073427168773, 35.590671794784676], [139.3607378809466, 35.590670349174516], [139.36074297211158, 35.590673133281875], [139.3608242173798, 35.59063342895029], [139.36074544574876, 35.590677882118264], [139.3607491306936, 35.59068198301409], [139.36075221813292, 35.59068191798993], [139.36077091901686, 35.59067851704632], [139.36080004414092, 35.59068521328396], [139.3608244046246, 35.59063090508433], [139.3607892189585, 35.5906741754771], [139.3607864306894, 35.59068527682702], [139.36078472610606, 35.590685749731456], [139.36077967698705, 35.590689151487354], [139.36077208617255, 35.590685126189165], [139.36076750544095, 35.59068687050001], [139.36075961231387, 35.59067988925792], [139.3607573552913, 35.590678945661445], [139.36075868592022, 35.590675047388814], [139.36076404438995, 35.590671575707816], [139.3607626808555, 35.590661669642], [139.36076288654942, 35.590645713982695], [139.36084593325225, 35.59052074991301], [139.36084866503532, 35.590413054820516], [139.36077162231277, 35.590373729168746], [139.36063723847423, 35.59042421844061], [139.36048478181726, 35.590472340109216], [139.36031704434978, 35.59052442639214], [139.36014262679836, 35.59058263256016], [139.35996407773052, 35.59064326326783], [139.3597922226506, 35.590690926393904], [139.35962735665527, 35.590742507122556], [139.35946343558146, 35.59079110410071], [139.3593092537817, 35.590838680118964], [139.35914861283808, 35.59090263558643], [139.35917628740356, 35.59102502022252], [139.3592465161263, 35.591173276216445], [139.35930824385517, 35.59132815082414], [139.3593738482899, 35.59148943477041], [139.3594292824867, 35.59161610131251], [139.35951699683872, 35.59182329103009], [139.3595992916422, 35.59199794615809], [139.35966865931016, 35.59217139377916], [139.35973668299718, 35.59234653838802], [139.35981561480833, 35.592513892667654], [139.35989142708308, 35.59267896116367], [139.35995253080068, 35.59282420869531], [139.36000397051203, 35.592942047459694], [139.3600714947782, 35.59306308289861], [139.36014168603432, 35.59318178495353], [139.36017756393767, 35.59327846314182], [139.36023391952787, 35.59340325300529], [139.36028134262273, 35.59353679685565], [139.36032288379565, 35.5936589595448], [139.36038322416698, 35.59377476949777], [139.36042863406567, 35.593907044537005], [139.3604639593077, 35.59402227963937], [139.36052077803893, 35.594116812423984], [139.36057952141798, 35.59419348539396], [139.36071115401379, 35.5941865408582], [139.36084475649227, 35.594148366580825], [139.36095306323801, 35.594111127383805], [139.3610956887246, 35.59407463531638], [139.36127924306325, 35.594016667648646], [139.36150454743117, 35.59395280573915], [139.36169422050733, 35.59389666235995], [139.361843133506, 35.59385994544197], [139.36202366526848, 35.593811166408074], [139.36218362001327, 35.59376579336835], [139.36230386914627, 35.593730896615895], [139.3623745434177, 35.59363850699474], [139.36233223233782, 35.59355195110273], [139.36228725951878, 35.59344433246569], [139.36223924808385, 35.59332834249365], [139.36218950278925, 35.593205501706024], [139.36214382519302, 35.593068191027136], [139.36206288009697, 35.59289244849767], [139.36198134853478, 35.59271204954119], [139.36193017862198, 35.59254977658324], [139.3618716034089, 35.59239692337557], [139.36181985777446, 35.59223858158921], [139.36177321327543, 35.592125549716506], [139.3616750362074, 35.59201310731178], [139.36158461681455, 35.59201458875756], [139.36146300280961, 35.59205024670779], [139.36132313794988, 35.59209609956482], [139.36114108522656, 35.59214835333202], [139.36095584983775, 35.592202607604214], [139.36076835299846, 35.59225808125292], [139.36057703402597, 35.59228216428339], [139.36040289073176, 35.59234761402852], [139.36023731999785, 35.59239769141755], [139.36009684410976, 35.592445391737606], [139.3599780674611, 35.59248433028208], [139.35983753386154, 35.59250568719888], [139.35979280337318, 35.59239933942996], [139.3597571914663, 35.59232584096091], [139.35969197606863, 35.592181970449026], [139.3597483071324, 35.592106249115105], [139.3598641526438, 35.59206279696426], [139.3600003807645, 35.59201900245575], [139.3601622355128, 35.59197153196897], [139.36034365660393, 35.59192077624122], [139.36051483765928, 35.59186712572417], [139.36070115873707, 35.591813211594356], [139.36084207642728, 35.59177515007877], [139.3610003355922, 35.59173967906244], [139.36117259084892, 35.59168658946588], [139.36134230580706, 35.59164769702736], [139.36144334946556, 35.59161942495518], [139.36147250603898, 35.59153708632812], [139.3614100085901, 35.591412663843414], [139.36136653350115, 35.591300163030006], [139.36133385475992, 35.591191876802235], [139.36119267083149, 35.59119494788186], [139.36112166824415, 35.591222757950575], [139.36097745646796, 35.59127101926336], [139.36081442119436, 35.59132300152511], [139.3606410334647, 35.59137442833964], [139.36048236303603, 35.59143382709825], [139.36030810816595, 35.59149439752177], [139.36014372325073, 35.59154931048199], [139.3599817232737, 35.59158724713463], [139.35984473327534, 35.59163931354966], [139.3597280055687, 35.59167995078868], [139.3595853497533, 35.59174649626162], [139.3594774506577, 35.59171599472606], [139.35941502138206, 35.59159055012801], [139.3593862796704, 35.591523350465934], [139.35933723473383, 35.59138293953677], [139.35941680602033, 35.59132948020434], [139.35955406771285, 35.59128303345024], [139.35972445615926, 35.59122742945036], [139.35991661739587, 35.591163661074425], [139.3601202241468, 35.59110577292645], [139.36032129940426, 35.59105484854875], [139.36047515767333, 35.59099947439088], [139.36066104023882, 35.59094779458111], [139.36081520218545, 35.59089549548931], [139.36094226577575, 35.59085796358445], [139.36108616025882, 35.59080898737136], [139.36114588856964, 35.59071116148549], [139.36108949859712, 35.590599297927554], [139.36102533386514, 35.590505140087764], [139.36099700579967, 35.59041932709717], [139.36095366739858, 35.590357800051], [139.3607535907607, 35.590399076861694], [139.36059048767373, 35.59044727420565], [139.36040776511533, 35.59050549848986], [139.36021496147478, 35.59057396568957], [139.3600114059567, 35.59062981023963], [139.35984015506284, 35.590682866361675], [139.35963696349378, 35.590736796143354], [139.35944112459447, 35.59080035544381], [139.35927734421603, 35.59084746670056], [139.35915747333382, 35.590931851237556], [139.35915827407362, 35.59098783465505], [139.35921651288288, 35.591104956142644], [139.35928319176682, 35.5912576765738], [139.35934126672637, 35.591373434681884], [139.3594131465343, 35.5915458523884], [139.35948116483593, 35.591723175127264], [139.35955981467032, 35.59189982309979], [139.35962324959894, 35.59204395245658], [139.3596760386337, 35.59217713257001], [139.3597575144694, 35.59234956455534], [139.35982989882854, 35.592521593487184], [139.35988673102213, 35.592650872231665], [139.35995711608683, 35.59282029537], [139.3600332618769, 35.592982422125544], [139.36009001209726, 35.593098834652245], [139.36015594119124, 35.59326234345681], [139.36022682571615, 35.59341834798419], [139.36029936686924, 35.59357101307306], [139.3603608648386, 35.59372429381509], [139.36041204231626, 35.59386859352189], [139.36045853258656, 35.59397361340393], [139.36049184734267, 35.59410807990715], [139.36051777895082, 35.59419134820161], [139.36041544111578, 35.59423922377318], [139.3603320456415, 35.59427760186822], [139.36016923400211, 35.59431616296105], [139.359988906371, 35.594366966818384], [139.35980113030038, 35.59442012152776], [139.35960120312046, 35.59448079624266], [139.35939243445628, 35.59453419528795], [139.35918063834478, 35.59458590803579], [139.35899310930844, 35.594642496603356], [139.35881745893562, 35.594699171654845], [139.35867153372524, 35.594746344754164], [139.35852945133848, 35.59478990037878], [139.35838879085938, 35.59482710963155], [139.35824447147104, 35.59482175376153], [139.35818696116243, 35.59473039046284], [139.35814405166116, 35.5945963770651], [139.35810766684722, 35.59444290165522], [139.35805359420715, 35.59430013643479], [139.3579971214076, 35.59417124755275], [139.35793795308894, 35.594038102396], [139.35800578750542, 35.59396423114242], [139.35812106373822, 35.59392661874107], [139.35828738573352, 35.59389522275322], [139.35847084401482, 35.593833257476724], [139.3586494604996, 35.59377992811991], [139.35882823440784, 35.593735410657914], [139.3590308467259, 35.59368873534334], [139.35922997851526, 35.59363703682409], [139.35944404569574, 35.59356506464746], [139.35963362289678, 35.593506154652474], [139.35980543457748, 35.593459170595324], [139.35994034821243, 35.59342160772307], [139.36008851358648, 35.5933785446312], [139.36019878331263, 35.59338186980426], [139.36024744700833, 35.59344735712418], [139.36030295808703, 35.593547984196434], [139.3603461104096, 35.59363397371314], [139.36029196430965, 35.59372860482776], [139.36018402929017, 35.593777608890704], [139.36003783435098, 35.59382891330725], [139.35986261055805, 35.59388227382048], [139.35968235862322, 35.59393950284581], [139.35951818845265, 35.59399544406657], [139.35935991823106, 35.59403835954606], [139.35921423971917, 35.59408557353847], [139.3590530823502, 35.594125531989356], [139.3589022757421, 35.594178312279006], [139.35873058754615, 35.59422137542627], [139.35864184766845, 35.594230549177624], [139.35860683856149, 35.59415260697533], [139.3585801567599, 35.5940527381325], [139.3585272438183, 35.59391969869916], [139.35848487146205, 35.593832064622895], [139.3583706254159, 35.593837040104354], [139.35825045328897, 35.593863474456505], [139.35832924881976, 35.59391028600306], [139.35842663135838, 35.59387307781507], [139.3585468146931, 35.59392002675609], [139.35859363092464, 35.594020811113865], [139.35864327958194, 35.59413843803797], [139.35868280566424, 35.59427118570102], [139.3587288825534, 35.59439490809177], [139.35877089293868, 35.59450165393847], [139.3588081437723, 35.594620029488965], [139.35876733667524, 35.594715863507496], [139.35864505424135, 35.594771297159255], [139.35848361634692, 35.59480415528303], [139.3583954953026, 35.59483765175056], [139.35828749569106, 35.594883706319614], [139.35825709150004, 35.594986544241785], [139.35830013485895, 35.595097245218625], [139.3583422035554, 35.59523552498674], [139.35839049428614, 35.59539204257957], [139.35844437867982, 35.59557201789472], [139.35847598968724, 35.5957468749562], [139.35849679635194, 35.595927764452796], [139.3584811431908, 35.59610544362036], [139.3584784134026, 35.596307154291225], [139.3584837776291, 35.59651700816768], [139.35848520390584, 35.59672010701459], [139.35852044816457, 35.5969118142807], [139.3585812640679, 35.597096280574384], [139.35865001183166, 35.597263813424455], [139.35871502412277, 35.59740839315296], [139.3588005949482, 35.5974418779534], [139.35892975799229, 35.59745856613523], [139.3590596724446, 35.597484227997015], [139.35916962457213, 35.597520048087624], [139.35929670064894, 35.59759338165821], [139.35934848871472, 35.59760627504492], [139.3592444382239, 35.59752711315681], [139.35908467870684, 35.59748839028544], [139.35890098699466, 35.59743961014757], [139.35879123908015, 35.59738731826882], [139.358733086688, 35.59730265154006], [139.3586873936949, 35.59718852433249], [139.35862930354384, 35.59705760971949], [139.3585844162887, 35.59690414932873], [139.35854926767976, 35.59674842480349], [139.35852298273525, 35.59659483971613], [139.35851649077142, 35.596453937891965], [139.35851578008536, 35.596332774449344], [139.35851928010047, 35.596204403644236], [139.35845937972195, 35.596072614990206], [139.35833557843165, 35.596016582411146], [139.35820195487997, 35.59597411753552], [139.35805800890392, 35.59593560346612], [139.3580744205996, 35.595845346976105], [139.3579731123033, 35.59578976563017], [139.3578762350128, 35.59576407078046], [139.35772591841518, 35.59571470514937], [139.35771722507144, 35.59561589281966], [139.35773537937825, 35.59550486074059], [139.35781083007518, 35.59543889473151], [139.3580005912459, 35.59542971725052], [139.35812314624562, 35.59539810581219], [139.35827292011479, 35.59537553065943], [139.3583939850759, 35.595354206054466], [139.35861687531772, 35.595325767566266], [139.35875692120322, 35.595310820938096], [139.35895286362535, 35.595296740264445], [139.35908994555396, 35.59528671237926], [139.35922542891544, 35.595275018889865], [139.35935919743844, 35.59526916648788], [139.3594836928274, 35.59526347973133], [139.35965836974788, 35.59524808985072], [139.35974503520728, 35.59523726966079], [139.35987365935614, 35.59522326852482], [139.3600208031663, 35.595206949582995], [139.36020346515227, 35.59520244565618], [139.36037105607872, 35.5951999491966], [139.36053550898885, 35.5951837692694], [139.3606890359187, 35.59517168722488], [139.36083801703032, 35.595163833025126], [139.36095215061266, 35.59514670787711], [139.36101702992062, 35.595234706667824], [139.36107019601317, 35.59533941760459], [139.36112294065651, 35.59547288980573], [139.36105336755705, 35.59553649267969], [139.36091986407857, 35.59557632734892], [139.36077636202714, 35.595604131489424], [139.36063363857653, 35.595626201707134], [139.3605037923306, 35.59569873499578], [139.3605266649013, 35.595780719374865], [139.3605635441689, 35.595879743517166], [139.3606002903186, 35.59598625973975], [139.36064157429118, 35.59611191589364], [139.36068797569854, 35.59624772300456], [139.36073783569074, 35.59639178361757], [139.36061064559837, 35.59644671092571], [139.36049425634567, 35.59650843826185], [139.36041751073924, 35.59659671218323], [139.36031477040274, 35.59659764606253], [139.36019460157104, 35.596556267879436], [139.36005376970368, 35.59651370520408], [139.35990046463658, 35.596471153937095], [139.35970715934403, 35.59641895854502], [139.35960666699097, 35.59635763710395], [139.3596375058217, 35.596261888298855], [139.3596835075979, 35.59615590710224], [139.3597256994391, 35.59604364756591], [139.35981993230646, 35.59601661281129], [139.35995303441825, 35.59599115272086], [139.36010955395392, 35.595977763940894], [139.36027122302573, 35.5959544405253], [139.3604065814532, 35.59593272175639], [139.36057079705472, 35.59589564625816], [139.36056524459522, 35.59583404707559], [139.36053478253572, 35.595713170714205], [139.36044455449678, 35.59566996112681], [139.36032020455698, 35.59569309180655], [139.36016549146612, 35.59571425103851], [139.36001379598892, 35.59573749288226], [139.35987472481477, 35.59576064939241], [139.3597801740094, 35.59579681236404], [139.3597464359105, 35.59592307345136], [139.35972780628958, 35.596043819740174], [139.35968045158594, 35.59616640992984], [139.35964282567377, 35.59626927249356], [139.35957143451589, 35.59635973000156], [139.35947648817404, 35.5963529794571], [139.35933789450465, 35.596314741235034], [139.35919143116902, 35.596270790428825], [139.35903358387023, 35.59623200386737], [139.35888223775197, 35.59619424862447], [139.35874379448035, 35.59615042969121], [139.35861861250723, 35.596103792937036], [139.35851067764798, 35.59612721038571], [139.35849135496431, 35.59628277387207], [139.35852327219754, 35.5963629090795], [139.3586564817322, 35.59642553972578], [139.35877410428077, 35.59639219756029], [139.35890814698377, 35.596379350462406], [139.35904113976517, 35.59636926809991], [139.359170107354, 35.5963642448979], [139.35928800984806, 35.59635686774172], [139.35941258173165, 35.59636518089865], [139.35956866139634, 35.59639658860029], [139.3596513179657, 35.59633804052928], [139.35967472010324, 35.59619206607061], [139.3597148314336, 35.59608120201013], [139.35973812369937, 35.59595269893539], [139.35975804936757, 35.59583536764793], [139.35974856143784, 35.59571615814733], [139.35973624783503, 35.595600170167444], [139.3597365748282, 35.59547574203843], [139.35975526546392, 35.59537541582509], [139.35975372826195, 35.59526592515382], [139.35971549227298, 35.595173926732], [139.35966629264334, 35.595071154581014], [139.3596175018315, 35.59497003935203], [139.3595742924928, 35.594868275923446], [139.35952740909997, 35.59475591311183], [139.3594799193572, 35.59463595005831], [139.3595064443988, 35.59455948194083], [139.3595917178649, 35.59452219023593], [139.35973302542683, 35.5944758699082], [139.3599166824556, 35.594423456193006], [139.36013266836883, 35.594367831574345], [139.3603404901337, 35.59430184791456], [139.3605582224353, 35.59423956202947], [139.36077276458917, 35.594180629712056], [139.36099588646093, 35.59411803889416], [139.36122587890094, 35.59404837212533], [139.3613521101921, 35.59401194999698], [139.36148100246143, 35.593969029960704], [139.36165574734858, 35.59391270922906], [139.36185137248162, 35.59385726342539], [139.36198008429565, 35.59381874850525], [139.36211042581138, 35.59378609929919], [139.36234113774452, 35.59371895242551], [139.36246349129044, 35.59368195013582], [139.36269497605764, 35.59361357118029], [139.36288979730477, 35.593549456827716], [139.3630698387322, 35.593504218412086], [139.36321739750449, 35.593453854786816], [139.3633490941422, 35.59342174273252], [139.36348115932435, 35.59338316903797], [139.36357742693156, 35.59335818400362], [139.36371536353144, 35.59331802925057], [139.36387135506612, 35.593269843451736], [139.36406046029995, 35.59321209966874], [139.3642506875733, 35.59315628358818], [139.3644655565812, 35.59309833074243], [139.36468552233424, 35.59303420229764], [139.36484037295807, 35.59299078130951], [139.36501283121228, 35.59293939358318], [139.36517835502275, 35.592888664114135], [139.3653662149073, 35.59284231421367], [139.36544123212943, 35.592895112300944], [139.36548228881395, 35.59297655153597], [139.36554991505116, 35.59311553304312], [139.36555263474233, 35.59320976633563], [139.3654424695984, 35.59327643146424], [139.365347414208, 35.593331435505], [139.36522062673845, 35.59338550937627], [139.36507544702087, 35.593438627615875], [139.36495585462575, 35.593486846833486], [139.36482497455432, 35.59353863712108], [139.3647143062099, 35.59360949585834], [139.36461226396958, 35.593674516874685], [139.36453366991498, 35.59373439242694], [139.36442367052788, 35.5938418152236], [139.3643358361731, 35.59385315461289], [139.36428984434764, 35.59373548364021], [139.36425182695845, 35.59362430974261], [139.36421755965446, 35.59352495488044], [139.36416638704654, 35.59342080600453], [139.36410184127024, 35.59329778035383], [139.36405909671362, 35.59322199517884], [139.36401730842604, 35.593133265061134], [139.3639759444536, 35.59303856173019], [139.36392713102907, 35.59292516988029], [139.36387812415384, 35.59280964061443], [139.363829083505, 35.59269403641526], [139.3637673430159, 35.592572370916514], [139.36371081227628, 35.592437136362626], [139.36364236610024, 35.59230262355298], [139.36358017668198, 35.59215484360116], [139.36350367315552, 35.592004223544144], [139.36345354540515, 35.591855847965135], [139.36339202685966, 35.59169845270723], [139.363324990627, 35.59155862573514], [139.36325409428716, 35.59141838956818], [139.3632028136885, 35.59127626459123], [139.3631452422353, 35.591136795955165], [139.36309707083367, 35.59103787578073], [139.3630459581896, 35.59092350280925], [139.36298787733253, 35.5907810206615], [139.36292776921104, 35.59063521594804], [139.3628963755842, 35.59053041411489], [139.36283834617362, 35.59040547122532], [139.362761595506, 35.59025838224142], [139.36271639415628, 35.59012364606293], [139.3626470047588, 35.589976310146234], [139.3627055955925, 35.58989681824736], [139.36282445170198, 35.589857154088094], [139.36298577203095, 35.589811343934166], [139.36315027283473, 35.58977198276597], [139.3633066089188, 35.58971601515656], [139.3634860886162, 35.589682825727714], [139.36365490200455, 35.58963416109311], [139.36379203338265, 35.58959911425694], [139.363959985529, 35.58955460417612], [139.3640201306996, 35.589607778583655], [139.36406910862695, 35.58970953047906], [139.36412352498868, 35.58984628601688], [139.36419560143685, 35.589990494090515], [139.36426122858202, 35.59014519838423], [139.36432334394573, 35.59030687561018], [139.36438865946064, 35.590473966696315], [139.3644551387773, 35.59063331076964], [139.36451107471635, 35.59078420957163], [139.36456575726254, 35.59091458621755], [139.36461813188416, 35.59103416517206], [139.3646706734373, 35.59115359846131], [139.36473688907276, 35.59127669675665], [139.36478675696253, 35.59140456034194], [139.3648450868443, 35.59152144332684], [139.36490288167386, 35.59165458886289], [139.36496079958408, 35.591786881453764], [139.36500817854025, 35.59189713034401], [139.36506248009235, 35.59202345503081], [139.36511378240922, 35.59217190200469], [139.36518194664592, 35.59232596755082], [139.36525520850722, 35.592467359828966], [139.36530231919593, 35.59258647199601], [139.36536598993374, 35.5927148367406], [139.3654232019364, 35.592785471392084], [139.3655690098628, 35.592781881635], [139.36570217764194, 35.592754154585705], [139.3658624268922, 35.5927085856632], [139.36595486602332, 35.592678203884795], [139.36614318924453, 35.59261947044222], [139.36633011548489, 35.592563751653984], [139.36648686983008, 35.59251697184226], [139.3666532818909, 35.59246520098715], [139.36676132723554, 35.592417921220246], [139.36675559345005, 35.592335812783446], [139.366711218364, 35.59222024376974], [139.36665518628087, 35.59208328278723], [139.3665983035879, 35.591945066750164], [139.3665337636287, 35.591794425016055], [139.3664525517696, 35.59162692922602], [139.3663922515545, 35.59148714362036], [139.36633939697757, 35.591354398436074], [139.36627934863046, 35.59122946823334], [139.3662196299291, 35.59109297442626], [139.36617635824834, 35.590979248491934], [139.3661271057144, 35.59085719698544], [139.3660601502541, 35.59069824160023], [139.36599142006872, 35.59053508658], [139.36591447159321, 35.59036608954566], [139.36585453198433, 35.590247700251474], [139.36579174082095, 35.590116332220646], [139.36571797500562, 35.58993259614567], [139.36563857890192, 35.58975782034058], [139.36556607925814, 35.58958544542647], [139.3655055558662, 35.58943899143614], [139.36545390355158, 35.58932000387932], [139.36539090165076, 35.58918460309065], [139.36539559290395, 35.58910922549359], [139.36554302659056, 35.58905393760824], [139.36564947440633, 35.58902503742058], [139.3658002477775, 35.58898525380816], [139.36589926479851, 35.5889556433208], [139.3660512986479, 35.58891472720262], [139.36615471781732, 35.588879837782166], [139.36630032664587, 35.5888649864368], [139.36637785529905, 35.58894165200109], [139.36645772603129, 35.589057269975605], [139.36656089565793, 35.589204977351216], [139.36667624515937, 35.589365081140755], [139.36680239829818, 35.589528908325754], [139.366920293972, 35.58969579108301], [139.36704495530404, 35.58987606305289], [139.3671126701422, 35.58996953554055], [139.36722114151422, 35.5901458443371], [139.36734632169814, 35.590326758537465], [139.36746745118583, 35.59050300107495], [139.367593244812, 35.59068640843819], [139.3677159868812, 35.59086456702704], [139.3678317960903, 35.59102819972517], [139.367920437292, 35.59114530996702], [139.36800361778745, 35.591263592656006], [139.36812323185282, 35.59140423643345], [139.3682110053177, 35.59152870248103], [139.3682676647455, 35.59162653203416], [139.36833910358155, 35.591733549224756], [139.36840125930178, 35.5918110194955], [139.3683668106, 35.59193370553238], [139.36820844644276, 35.59196915948606], [139.36809406023778, 35.59199762469774], [139.36794222764797, 35.59204735395827], [139.36772698624688, 35.592114924034775], [139.36750789788783, 35.59218303725498], [139.3672669916837, 35.592252959985], [139.36702684486346, 35.592341673174666], [139.36687812263102, 35.59239804404913], [139.3667134920565, 35.5924380141954], [139.36650394299713, 35.59248502358773], [139.36628969545575, 35.59254052902866], [139.36606734068877, 35.592604901519216], [139.36583636881304, 35.59267273663028], [139.36560686550686, 35.592743991538626], [139.36536167950996, 35.592813104616525], [139.36512072914232, 35.592885243096674], [139.36485507074732, 35.59296050829364], [139.3645892849291, 35.59304079224861], [139.3643383200461, 35.593118568826206], [139.3642155714503, 35.59315374451067], [139.36396833151525, 35.593214030633966], [139.36384086898644, 35.593251785729464], [139.36371347075226, 35.59328978213744], [139.36358501534195, 35.593322179954384], [139.36340788069396, 35.59337082496083], [139.36328115856335, 35.59340894844587], [139.36308615806442, 35.593464449947895], [139.36285180216166, 35.5935260058921], [139.362654620237, 35.593588805686466], [139.3625017369488, 35.5936366783624], [139.3623803680324, 35.593627879728395], [139.3623377757866, 35.59355101944387], [139.3623010904814, 35.59343089333998], [139.36225935885525, 35.59331423373504], [139.36225144843257, 35.59319649529004], [139.36243658732246, 35.593158586725224], [139.3625475081531, 35.59312649040084], [139.3626990761033, 35.59308624015147], [139.36289438264194, 35.59302845834802], [139.36308830648764, 35.59297368548752], [139.36328373329167, 35.592911858862976], [139.36345845112186, 35.592867252289196], [139.36361496330136, 35.592821212179466], [139.363789557522, 35.592784987697456], [139.36391210431208, 35.59274069226932], [139.3640483223942, 35.59271819021181], [139.36413781150839, 35.59269015077329], [139.3643185860806, 35.592635253451746], [139.3645049040097, 35.59258045809518], [139.36470142950577, 35.59252988676287], [139.36487435295896, 35.59248724415381], [139.36500611218918, 35.59244394897346], [139.36516213344999, 35.592386907238314], [139.36526466678126, 35.59235470375693], [139.3653890136376, 35.59231802290566], [139.36553491865726, 35.592275677418264], [139.36569103021978, 35.59222409988162], [139.36586786751738, 35.59217129957499], [139.36605787855933, 35.592116540890274], [139.36623568588374, 35.59206005176617], [139.36644930550875, 35.59200506898451], [139.36657214235927, 35.59197484783773], [139.36667507740304, 35.59194431884535], [139.36681147219457, 35.591912181996385], [139.3669835633025, 35.59186048190772], [139.36716827658313, 35.59180901947337], [139.3673444926296, 35.59176013712104], [139.3675324401537, 35.59170577246444], [139.36769961187957, 35.59165404324246], [139.36784927084733, 35.59160800623386], [139.36802813104583, 35.59155507907148], [139.36813540089884, 35.59152324219539], [139.36819892442628, 35.591450215602094], [139.36813370672357, 35.591353399069774], [139.368058420846, 35.591241082513086], [139.36797929961415, 35.591128800797435], [139.3679002609359, 35.591017916701865], [139.36782299862793, 35.59090719638077], [139.3677598180745, 35.59081888291556], [139.36769148246225, 35.59073245288233], [139.36755437521276, 35.59073412722147], [139.36742043419596, 35.590772018935375], [139.36725876539984, 35.59081793784979], [139.36716735780865, 35.590840199614966], [139.36702170979666, 35.59088164999295], [139.36691479980846, 35.59091512343762], [139.36676742094687, 35.590961021219485], [139.36658712471174, 35.59101349518669], [139.3664352548685, 35.59105996006046], [139.3662695889991, 35.591103166107686], [139.36616867443908, 35.591141108672474], [139.3660654691363, 35.5911852222903], [139.36594102611156, 35.591218062702765], [139.3658073733598, 35.59126379781906], [139.36565716260907, 35.59131429107831], [139.36550105370915, 35.59135993143604], [139.36535633353444, 35.59139800138689], [139.36521054553384, 35.591446880521396], [139.36503355873268, 35.59150923398566], [139.36492442491974, 35.59153975464946], [139.36479092825047, 35.59157401681522], [139.36466808870804, 35.59160611529615], [139.3645113216494, 35.5916518361977], [139.36435939873067, 35.59168930985734], [139.3642062131595, 35.591732518061], [139.3640423685466, 35.591786978505766], [139.36388041519248, 35.591836673796394], [139.3637365124127, 35.59187236367214], [139.36362620960148, 35.59190476027443], [139.36350881261257, 35.59192193029866], [139.36341062245918, 35.59194930034893], [139.36327787164262, 35.591991847568174], [139.36312245958771, 35.592040366983376], [139.3629564414556, 35.59209017497368], [139.36279111712142, 35.59213682680133], [139.36260931562998, 35.59218003724992], [139.36244477796976, 35.59223271572246], [139.36228361531397, 35.59228014122422], [139.36213649851615, 35.59232568767942], [139.36198250310053, 35.592367487044775], [139.36186605114585, 35.592398357053135], [139.36187734420378, 35.59247242583005], [139.36191025722044, 35.59257275597894], [139.3619482903166, 35.5926741997193], [139.3620294483154, 35.59276333362069], [139.3621268584651, 35.59276995592497], [139.36226014559506, 35.59274504299153], [139.3624236298622, 35.59270008701001], [139.36259516602033, 35.59265379327603], [139.36277053961314, 35.59260893670593], [139.3629545570125, 35.59255954228139], [139.36313035602214, 35.59250900771378], [139.36329015661806, 35.59247913468836], [139.36343852754672, 35.592432653283986], [139.36360352070426, 35.59237400790814], [139.36366843791984, 35.59235493742726], [139.36379479421964, 35.59232186273813], [139.36394838569615, 35.5922774576012], [139.36412938835446, 35.59222940304784], [139.36431408932955, 35.59217522405423], [139.36449828256733, 35.59212380554669], [139.3646864733566, 35.592070577597], [139.36483324474713, 35.59202630346225], [139.36499609331503, 35.59197761489855], [139.36510702667138, 35.59194421160866], [139.36522966118028, 35.59191327257213], [139.3653751601462, 35.5918679461254], [139.36553172852078, 35.59182500039331], [139.36567722095708, 35.591784544798315], [139.36581951603063, 35.59173511317691], [139.36597353940022, 35.59168897698883], [139.36611216533782, 35.591643353707155], [139.36625549593572, 35.591594986278984], [139.36636478259354, 35.59156890529454], [139.3664715571842, 35.5915312485008], [139.36661869904032, 35.59149298523158], [139.3667882776464, 35.59144010892686], [139.36696546082894, 35.59139638661791], [139.36714400078313, 35.59134626840336], [139.36731336035285, 35.59130125810615], [139.36748081498737, 35.59125359426152], [139.3676306976009, 35.591206818784855], [139.36778736425316, 35.591170095698736], [139.3678757066491, 35.591128842503984], [139.36788425897763, 35.59102389268047], [139.36782154759223, 35.59092691765498], [139.3677422122182, 35.59081490193157], [139.36766348988837, 35.590701297958795], [139.36757918497014, 35.59058735554195], [139.36749130097581, 35.59047239906351], [139.36738400369913, 35.590374531432836], [139.3672434991713, 35.59038202991956], [139.36712905537507, 35.59042092505778], [139.36697996973228, 35.59047283407831], [139.3668090972036, 35.590525798131935], [139.36663150410763, 35.59057615147977], [139.36647323642632, 35.59062568479756], [139.36633857500618, 35.59067800416991], [139.3661800961243, 35.59072620081872], [139.36606328482395, 35.59074522233086], [139.3659717620312, 35.59077161366212], [139.36582874231243, 35.59080807300954], [139.36567646339836, 35.59084942177188], [139.36552661107825, 35.59090267796238], [139.3653515444081, 35.590956474367594], [139.36519289910828, 35.590997493582485], [139.3650488982701, 35.59103555660653], [139.3648518651325, 35.59108823712063], [139.3647257669602, 35.59111325695899], [139.36465219874515, 35.59113723895264], [139.36452948987576, 35.59117304799201], [139.36436908809156, 35.59122164148526], [139.36419628797532, 35.591270856333466], [139.36400986219206, 35.59132824149174], [139.36382085814483, 35.5913802094465], [139.3636698559011, 35.59142503723234], [139.3635341184467, 35.59146373340103], [139.36336446919267, 35.59150305196934], [139.3632826023184, 35.59152126815517], [139.3631621893074, 35.59156290574304], [139.3630025529101, 35.59161239784158], [139.36282416813802, 35.59166204611453], [139.36265236064375, 35.591708981023125], [139.36250100576592, 35.59176135717228], [139.362330816791, 35.59181259439937], [139.36217149226513, 35.59186307985198], [139.36200557057668, 35.59190459572772], [139.3618261058266, 35.59195729805015], [139.36170570093347, 35.59197823230823], [139.3616188936952, 35.59192585378901], [139.36158301725484, 35.591795434956495], [139.36154236586, 35.5916891102599], [139.3615612613318, 35.59158708316572], [139.3616714688205, 35.591549297691294], [139.3617841834276, 35.59151802310397], [139.36193052241765, 35.59147520539959], [139.36213420298728, 35.59141808519318], [139.36233526565073, 35.59136141549802], [139.3625276444111, 35.59131430757554], [139.3627075268254, 35.59126342738253], [139.36286579844338, 35.591224895108276], [139.36303640061143, 35.591172585129954], [139.36313677067182, 35.59114795215479], [139.36324691311373, 35.5911152249073], [139.3634039713911, 35.59107649248397], [139.36358743589693, 35.59101993244711], [139.36378562814957, 35.59095676835238], [139.36398023045786, 35.59089896244809], [139.36415000817243, 35.59084709022451], [139.36431178484744, 35.59078494141466], [139.3644160389348, 35.59076249443249], [139.36453474667616, 35.5907321940288], [139.36470657121527, 35.59069123557737], [139.36490136027697, 35.59063302120349], [139.36510119663544, 35.59057720610159], [139.3652985758647, 35.590522503349696], [139.36549123826234, 35.59047112087947], [139.3656477655775, 35.59043851739044], [139.36581111679763, 35.59039305689282], [139.36589086499646, 35.590359266808626], [139.36598979900003, 35.59031853640079], [139.36613266510793, 35.590289511780725], [139.3663048560959, 35.590243744063955], [139.36646659645567, 35.590201535446596], [139.36662294718894, 35.59015246716014], [139.36676320250945, 35.59011594783064], [139.36687652623314, 35.59008063881597], [139.36702735715232, 35.590025508940954], [139.3671139202275, 35.589988633122715], [139.36708609018117, 35.589895014161705], [139.3670161075099, 35.58980291348782], [139.36694017023342, 35.58970059620908], [139.36680723952438, 35.589627361504164], [139.36672863094213, 35.58962754473151], [139.36652727030872, 35.589680638466305], [139.3663552260331, 35.58973531616727], [139.36618199140713, 35.589794393158385], [139.36601705564186, 35.58984632765714], [139.36588208647075, 35.589893675196414], [139.3657458716437, 35.58993618593288], [139.36569803040624, 35.58990281059827], [139.36566112218787, 35.58981277221578], [139.36559998490674, 35.5896800640695], [139.36556880715048, 35.58955576482175], [139.36565137527322, 35.58950541963725], [139.36578389816327, 35.58946018207343], [139.3658725734222, 35.58942918435302], [139.36603340678624, 35.589378223562036], [139.36618348101095, 35.58934075172396], [139.36632020559006, 35.589312915983896], [139.36646210405272, 35.589273114864866], [139.36655287846125, 35.58925162169401], [139.36653795223037, 35.58913478544169], [139.36647016038614, 35.58904234107083], [139.36638404464819, 35.5889431983038], [139.36627781157725, 35.58885176723481], [139.36617916012634, 35.58886232507494], [139.3660320363292, 35.588909547563006], [139.36582935924875, 35.5889647019544], [139.36563483083785, 35.5890126997446], [139.36548341743324, 35.5890576000895], [139.3652866586678, 35.58911628027977], [139.36502700596458, 35.589189977447056], [139.36481758472917, 35.58926074439432], [139.3646481876982, 35.589308223710844], [139.3644392624753, 35.58936863960129], [139.36418838084285, 35.58945518917799], [139.36396611682486, 35.589511110657064], [139.3637918369415, 35.58955764804085], [139.36352612270855, 35.5896362751751], [139.3633459225884, 35.58968330934922], [139.36312273725684, 35.58974729549567], [139.36285381879068, 35.589826083001526], [139.36267858830064, 35.58987715474745], [139.36242306831448, 35.58995044706608], [139.3622155904119, 35.59000819109763], [139.36203853811895, 35.590058967333604], [139.3617667253473, 35.59013770681242], [139.36154564630803, 35.590200065057765], [139.36135294020866, 35.59025613286495], [139.3611840775246, 35.5903033547651], [139.361066797781, 35.590329389194736], [139.36097470808014, 35.590364485143745], [139.3609976214046, 35.590498241683946], [139.36103614964586, 35.59056937021435], [139.36112140587812, 35.590737151321676], [139.36117010426526, 35.59082775489286], [139.36122340115043, 35.59096747950408], [139.36127850103244, 35.59108131687243], [139.36136321912693, 35.5911680340842], [139.36145276457884, 35.59115619581751], [139.36159335683874, 35.591124614567185], [139.36179720858695, 35.59107881278035], [139.3619386502234, 35.59103659205637], [139.36214092866467, 35.59097435545736], [139.36228639413065, 35.590927644851], [139.362496045425, 35.59085731096199], [139.36264491971951, 35.59080597348176], [139.36276422722202, 35.590770973045565], [139.3629201398703, 35.59072860441448], [139.36302696478458, 35.59070930624392], [139.36313024558885, 35.59068262231202], [139.36331630349966, 35.5906295595392], [139.3634596719383, 35.59059186736619], [139.3636454267589, 35.59053699105553], [139.36386576850907, 35.59047520242425], [139.3639984262387, 35.59043646050201], [139.3641784700694, 35.59038159149499], [139.36430299828686, 35.590333726059306], [139.36429656349947, 35.590246424588145], [139.36425346740288, 35.590154440239026], [139.36421796529274, 35.590058577897246], [139.36417207610518, 35.589956933218204], [139.36408371566785, 35.589948875406115], [139.36394103480438, 35.58998411686154], [139.36380689270868, 35.59002763783984], [139.36365058168528, 35.590076474731376], [139.36353024925063, 35.5901113308814], [139.3634468040031, 35.590142972642035], [139.36325008721496, 35.59018866630411], [139.36311131996752, 35.59022706475021], [139.36299167683367, 35.5902716005652], [139.36286027600974, 35.59032214044849], [139.36279106355562, 35.590255023490045], [139.36273156882498, 35.590135717226815], [139.36269952802863, 35.59007300441877], [139.36264312875434, 35.58994730153653], [139.36256414708507, 35.589910496948576], [139.3624422014232, 35.589939405611545], [139.36228712112467, 35.58998579046846], [139.36213874974158, 35.59002886288347], [139.36189493866095, 35.590105021982005], [139.36173047962757, 35.59015182304027], [139.36147756924493, 35.59022303324892], [139.36132041358863, 35.59026848469229], [139.36111069140182, 35.59033035227287], [139.36095883884443, 35.59037431314831], [139.36075320570885, 35.59042544182858], [139.36054215417326, 35.59046883834024], [139.3603283614254, 35.590540898712035], [139.3601646174648, 35.59058595443752], [139.36005222142177, 35.59062684189338], [139.35988524088995, 35.5906788372036], [139.35967131234824, 35.59073500435989], [139.35945722333287, 35.59079596211953], [139.3592261870582, 35.59085929154547], [139.35898909329987, 35.59092779174391], [139.35886559890335, 35.5909643125839], [139.35869374019447, 35.59101529928406], [139.35849594238846, 35.59107381622525], [139.35824907082417, 35.59114370415059], [139.35800668868117, 35.59121386270847], [139.3578850339579, 35.59124863203733], [139.35776681692167, 35.59128074838495], [139.3575637976136, 35.59134266304178], [139.35741006032436, 35.5913871049293], [139.3572735238755, 35.59143437948478], [139.3572260422441, 35.59144339388851], [139.3570529155662, 35.59146203477305], [139.35700022782268, 35.591383253713396], [139.35694242737875, 35.591244562494055], [139.35690163938403, 35.59113949983494], [139.35687895791378, 35.59104144086866], [139.35683662965974, 35.59093789417557], [139.3567960185074, 35.59083268524608], [139.35675472786266, 35.590708376105255], [139.3567192190522, 35.59058838322877], [139.35667883406265, 35.590478920473515], [139.35664987286967, 35.59037834568713], [139.35661006165572, 35.59025788497396], [139.35656376721548, 35.5901440503271], [139.3565308471931, 35.590055359103026], [139.35649055566068, 35.58993805888255], [139.3564533934061, 35.58982306009679], [139.3564266531602, 35.589736945778725], [139.356393208315, 35.58964294480373], [139.35635461880497, 35.58954036686325], [139.35631352390135, 35.58943583134524], [139.35628165216767, 35.58935815194814], [139.35624628305618, 35.589267944349366], [139.35620264610372, 35.589172499361645], [139.35618113389557, 35.589121770100746], [139.35614529684193, 35.58902046306713], [139.35609474436487, 35.58889672070973], [139.35604155513775, 35.588751208442076], [139.35598824861395, 35.588589424768244], [139.35591817669913, 35.58841525490414], [139.35585224086125, 35.58824745321318], [139.35578034223425, 35.58808551124122], [139.35574361702737, 35.588003776722246], [139.3556724707433, 35.58784327848362], [139.35562557725984, 35.58769563117764], [139.35556564315627, 35.58756040002596], [139.35551759869955, 35.587403452893376], [139.35549250753246, 35.58730178178016], [139.35539794244102, 35.58724568160341], [139.3552757987097, 35.58727115488085], [139.35512169569097, 35.58732880994515], [139.35503681042113, 35.5873631037869], [139.3548574486486, 35.58744398429141], [139.3546670165451, 35.587531982615396], [139.35447451404164, 35.5876040566117], [139.35427585321543, 35.58767159556045], [139.35406760954825, 35.58773282003522], [139.35386110299535, 35.58780838163809], [139.35366660863056, 35.58789318768771], [139.35349182769417, 35.58795460530836], [139.35333078300226, 35.588021640939814], [139.3531626362871, 35.58808523129848], [139.35306350525437, 35.588123867636284], [139.35298089032787, 35.58805901787061], [139.35297995411776, 35.58796165675141], [139.3530112751643, 35.58784381628359], [139.3531071259667, 35.587803274584445], [139.35324457296045, 35.58775759170833], [139.3534081025246, 35.58770595839393], [139.3535823960792, 35.58764022352749], [139.3537634317137, 35.587573119031276], [139.35393131084513, 35.58750391659332], [139.35411730682682, 35.5874406648559], [139.35430012560153, 35.58737278269326], [139.35446623889447, 35.58731340233111], [139.3546164308234, 35.58725800239008], [139.35477161985034, 35.587205113932036], [139.35492436089964, 35.58715010732818], [139.355060950579, 35.58709758715455], [139.35520516685736, 35.587026470290134], [139.3553319056827, 35.586981307515835], [139.35536573921027, 35.58706468601596], [139.3553971998504, 35.58715624207524], [139.35543799573725, 35.58727302839293], [139.35548453687792, 35.58739891460779], [139.35554060876862, 35.58753749547723], [139.35559802254062, 35.587689566810965], [139.35566491621628, 35.58784711020977], [139.35573543727136, 35.58801094029137], [139.35580221908285, 35.58818440871037], [139.35586907267353, 35.58835154716253], [139.35593131516595, 35.588514159559665], [139.35597840749188, 35.588654209884446], [139.3560397701864, 35.58880734145406], [139.35607366449352, 35.58890791441714], [139.35606971292555, 35.58898901826469], [139.35598597207098, 35.58904848964928], [139.35585513871595, 35.58911820035429], [139.35570384315315, 35.58919906401635], [139.35551961028202, 35.589288193604645], [139.35533526882938, 35.589379955590935], [139.35515295498536, 35.589475563225974], [139.354966746323, 35.5895804917313], [139.35477632034522, 35.589687110562515], [139.35457600536685, 35.589791590058056], [139.3543711604624, 35.589900235622565], [139.3542157314912, 35.58997645288394], [139.35410348227148, 35.59002926983438], [139.3539437711126, 35.59011297005432], [139.35383704383426, 35.59016728949591], [139.35362928143698, 35.59027204069054], [139.35347598556694, 35.59035458324369], [139.35337143588606, 35.59041381381623], [139.3532110174198, 35.59050654342826], [139.3530007039904, 35.590608389007414], [139.35279978047754, 35.59071697462501], [139.35265851138723, 35.590789959143194], [139.35250947870978, 35.59086133472438], [139.3524006405898, 35.59080626322163], [139.35233807054905, 35.59072620512478], [139.35235109535716, 35.59063720344735], [139.35241346047584, 35.59053223075113], [139.352495039847, 35.59041011224195], [139.35258844813313, 35.590273317706], [139.35265569720804, 35.590103713645206], [139.35275249161168, 35.58994359717917], [139.35280115694917, 35.58985607188869], [139.3528414818189, 35.58976396706257], [139.35289546081074, 35.58962978166765], [139.35292478692494, 35.589531845873786], [139.35295767476345, 35.58943748558147], [139.35298367040454, 35.58929489980032], [139.35301921045442, 35.58911527964744], [139.35302869858384, 35.58901545059276], [139.3530370501779, 35.58882400091059], [139.3530476535485, 35.58866019417188], [139.35305044649084, 35.588497855823825], [139.35305335314544, 35.58839150381642], [139.3530765847661, 35.5882827753955], [139.3531803124884, 35.5882434627232], [139.35332234176474, 35.588192456403526], [139.353489213842, 35.58812585002431], [139.3536524312324, 35.588061759686404], [139.35381660048606, 35.587995630207736], [139.35395058906198, 35.587935253039646], [139.35409042995002, 35.587878195482126], [139.35426035353163, 35.58780454896127], [139.35438249457968, 35.58775049941818], [139.35444410105904, 35.587711706236135], [139.354525506738, 35.58765373744487], [139.3546383348717, 35.587605955563824], [139.3548027155125, 35.587537758779895], [139.35491953400387, 35.58749076525821], [139.35501219233376, 35.58744322400142], [139.3551106498107, 35.58740536974432], [139.35520796232356, 35.58736554049204], [139.35530260786064, 35.58732626856257], [139.35540048352522, 35.587290073704416], [139.3555391797185, 35.58724028467141], [139.3557110632002, 35.587172170219446], [139.35590991037415, 35.5870907374613], [139.35612206089237, 35.58699934594817], [139.35628259495357, 35.586932916853435], [139.3564571434347, 35.58685529482098], [139.35657759831224, 35.58680749740026], [139.3566966162738, 35.58675853834728], [139.35682211477973, 35.58670796775104], [139.35694139246664, 35.58665800151801], [139.35706627026318, 35.586609934213236], [139.35724258191829, 35.58654543046884], [139.35736926254023, 35.58649640284359], [139.3574920319154, 35.58644910542637], [139.35762076403293, 35.586399577527736], [139.35774863290308, 35.58635127048963], [139.35787691819007, 35.58630894344665], [139.35806276457518, 35.58624014622381], [139.3581785441489, 35.586191647948176], [139.35829226133148, 35.586138810466345], [139.3584032979079, 35.58607917462354], [139.3585057041395, 35.58601459546405], [139.3586057969839, 35.585932491372986], [139.35869357820877, 35.58584639558334], [139.35877598885145, 35.585758715313965], [139.35885609664817, 35.5856731637866], [139.35894119265163, 35.58558071561673], [139.35901962956206, 35.58548815057241], [139.3590918503635, 35.58540276556878], [139.35923909946047, 35.58525044500409], [139.35937796188298, 35.58510116402787], [139.35950005261338, 35.584973310684106], [139.35961426802282, 35.58485749908971], [139.35967631324047, 35.58477323823405], [139.35974503807245, 35.584698418198315], [139.35983626973803, 35.584597010559676], [139.3599461680501, 35.58449387149139], [139.36006169254634, 35.58437652940486], [139.36017880274835, 35.58424351307616], [139.36031349812913, 35.584102573305486], [139.36045060594736, 35.5839607431599], [139.36058664915046, 35.58381450977578], [139.36072364403412, 35.583667323193474], [139.36085226251348, 35.58352480094712], [139.36099506322034, 35.583385021826835], [139.36112083599443, 35.5832545937305], [139.36121031461954, 35.58313954393431], [139.36130854641226, 35.583035144208296], [139.36141032726073, 35.58293178480753], [139.36151163335137, 35.58282304473696], [139.3616022030208, 35.582726635241094], [139.36168456933933, 35.58263081562136], [139.36177116514992, 35.58251861527707], [139.36180779104816, 35.582461935112335], [139.36179916992918, 35.582418057257996], [139.36178722796956, 35.582328170539895], [139.3617603934621, 35.58219561917557], [139.36175157848862, 35.582091985998446], [139.36172624531582, 35.58197918962679], [139.36170320104975, 35.58182855502638], [139.36167813653825, 35.58166050855482], [139.36165795103838, 35.581506072000366], [139.36163461318097, 35.58135320022665], [139.361614110152, 35.58121803866569], [139.36160845069287, 35.581094329013595], [139.36159300574676, 35.58093001492229], [139.36156747818526, 35.58078551889441], [139.3615481463395, 35.58067247945809], [139.36152886741894, 35.580562200128185], [139.3615099182971, 35.58046013565202], [139.36149346970143, 35.58034900198193], [139.36148219030602, 35.5802296204612], [139.36147153919046, 35.58010678308025], [139.36138487794804, 35.58003060345905], [139.36131111786108, 35.580111901435444], [139.36135807105006, 35.58017781083544], [139.36144097604748, 35.58026814015858], [139.3614843232148, 35.58035746947389], [139.36150841301287, 35.58049702009059], [139.36153097635534, 35.580677349817314], [139.3615532964686, 35.580868817566646], [139.3615628806473, 35.58107017175013], [139.36158327174314, 35.58126619075215], [139.3616148762232, 35.5814534430693], [139.36162703562826, 35.58163989695601], [139.36164606497442, 35.581815872060176], [139.36166116114822, 35.58196199078522], [139.36167463746366, 35.58207290139962], [139.3616177373982, 35.5821999345244], [139.36152802485222, 35.58230778982277], [139.36143792014292, 35.582430944706665], [139.3613240860399, 35.582551380143656], [139.36122014329177, 35.582662698789335], [139.3611246111729, 35.58275969590574], [139.36104232986418, 35.58284958715502], [139.3609822052017, 35.58292760059248], [139.3608806357467, 35.583050989987086], [139.3608131882067, 35.583123202607574], [139.36070076742246, 35.58321448484838], [139.3606162773871, 35.583303478007046], [139.3605085308618, 35.58343024074085], [139.36041014077156, 35.583547230735626], [139.36026429864503, 35.583696154311475], [139.3601271455778, 35.58383952534458], [139.3599900355243, 35.58396095034874], [139.35987673117282, 35.58407500296705], [139.35977188748177, 35.58417684610045], [139.35968615780774, 35.58426362009102], [139.35963336109526, 35.58434507485559], [139.35953171823883, 35.58444226529097], [139.35946137867347, 35.584521410558935], [139.3593883713418, 35.58460212939464], [139.3593153863891, 35.58469171191865], [139.3592247582055, 35.584783062981394], [139.35917132930973, 35.58483963421946], [139.35908192894823, 35.584957240295935], [139.35899295688012, 35.585063349171875], [139.35888104166233, 35.585177590148135], [139.35875838962872, 35.585285957119915], [139.35870663049675, 35.585344523339366], [139.35860243300385, 35.585464720015025], [139.35850172018078, 35.58556905246531], [139.35844050373623, 35.585642029663894], [139.35834443514045, 35.585765337210184], [139.35826535247662, 35.585839907065825], [139.35814412669356, 35.585897375343784], [139.35798135135985, 35.585958371457046], [139.35788597507624, 35.585989388503336], [139.35769796750552, 35.58605930976765], [139.3575097497814, 35.58612545307196], [139.35732341521305, 35.58619744322735], [139.35715574401482, 35.58626503793583], [139.3570109272513, 35.58632291213791], [139.35683949509152, 35.586395711823286], [139.3567128913922, 35.5864257364468], [139.35657785527602, 35.586494914623195], [139.3563970357045, 35.58655972314843], [139.35631485912614, 35.58659113941283], [139.35616237859648, 35.58666822588344], [139.35601583122855, 35.586720016926364], [139.35587032131482, 35.586771387864154], [139.35571764837388, 35.58682317034405], [139.35557219762632, 35.5868778954834], [139.35545074629738, 35.58686027891898], [139.35542922948883, 35.58673508159118], [139.3554367797221, 35.586653348279114], [139.3555677102327, 35.58660312600138], [139.35569331375896, 35.58655450019893], [139.35582722024589, 35.586501136136675], [139.35596439642018, 35.58644726895692], [139.3561018347392, 35.586397725547045], [139.35625106420574, 35.58634106697008], [139.3563812728999, 35.586290058298296], [139.3564943504146, 35.586247234096746], [139.35663566643294, 35.58619479228201], [139.35673532333652, 35.586151657787255], [139.35688143312169, 35.58609678635467], [139.3570405266573, 35.58603450177582], [139.35719411063653, 35.5859711624999], [139.3573454032664, 35.585921385324625], [139.3574901594587, 35.585861837734726], [139.35763444234416, 35.58580936723124], [139.35777276557118, 35.58576137466989], [139.35789570862192, 35.58571265056885], [139.35799721985114, 35.585666887797835], [139.35810604873362, 35.585612019375695], [139.35807083723125, 35.58552576534307], [139.35799403626703, 35.58541026473799], [139.3578551269174, 35.585434374047935], [139.35771051504972, 35.58549887946405], [139.35754719180449, 35.585570363298004], [139.35739938005776, 35.58562477685851], [139.35726547082612, 35.58568442810992], [139.35712228036803, 35.585719886622535], [139.35697935947303, 35.58578643873861], [139.35683343245216, 35.585840537882646], [139.3567015846725, 35.585878779103304], [139.3565702794421, 35.585931539300994], [139.3564523653897, 35.58599348250424], [139.35632707233802, 35.58604372708639], [139.35616983521598, 35.586122751833706], [139.35600017251542, 35.5861848338921], [139.35583644515543, 35.586242048895976], [139.35569037628696, 35.58628995724956], [139.35558074015768, 35.586342208798875], [139.35544685244594, 35.586371588477576], [139.35539668783426, 35.58627314788375], [139.35539303246068, 35.586176185919584], [139.3554656378177, 35.58608711120605], [139.35558867612642, 35.586032412342576], [139.3557463016549, 35.585985189610675], [139.35584942757313, 35.58593550736976], [139.35598688940792, 35.5858805647874], [139.3561526555058, 35.585810044524194], [139.35632376810915, 35.585745710473695], [139.35649232527626, 35.58567844636828], [139.35667186195437, 35.585603119052486], [139.3568553048802, 35.58554673371884], [139.35701315938712, 35.58549458993353], [139.35718705332422, 35.58542919010125], [139.35728865069936, 35.585387825242535], [139.35742006982966, 35.58534541050321], [139.35755179723344, 35.58529432068403], [139.35767788454444, 35.585245965602454], [139.35780911735404, 35.58519939278527], [139.3578234216315, 35.5851365232805], [139.35773053520091, 35.585014875460224], [139.35762444770478, 35.58501829303333], [139.35750132303585, 35.58507786418802], [139.35735263010065, 35.585138700225194], [139.35718459855332, 35.58520393096942], [139.3570109197986, 35.585268063689824], [139.35683292010364, 35.585330455913144], [139.35673876918582, 35.58536240579339], [139.35656383714803, 35.58545352733865], [139.3563747627614, 35.58551362825153], [139.35621101292315, 35.58556485979946], [139.35604951751932, 35.58562094484367], [139.3558826005106, 35.58568545894649], [139.35572260291718, 35.58574217395569], [139.35554152700362, 35.585809594741875], [139.3554360759533, 35.585848011700875], [139.35537903181344, 35.58576591860843], [139.35536540014053, 35.58567044084535], [139.35541627836704, 35.58558609896616], [139.35553705289124, 35.58553201753704], [139.35570089364748, 35.585465692522746], [139.35589290416718, 35.58538648984537], [139.35607273825016, 35.58531662555938], [139.35624495128482, 35.58524526834733], [139.35641964520775, 35.58517762995207], [139.3565985998084, 35.58510264587899], [139.35677925013147, 35.58503538339138], [139.35694817950713, 35.584968209589555], [139.35709503711428, 35.584899269833336], [139.357229266927, 35.58484600386262], [139.35738781578715, 35.58479477068972], [139.35749932425753, 35.58475708204665], [139.35756349008724, 35.58467128446594], [139.35757204199518, 35.58457547480902], [139.35756923108497, 35.58447230166668], [139.35756673944005, 35.58437207048944], [139.3575705041151, 35.58424317080993], [139.35754747240694, 35.58414624024436], [139.35753478695727, 35.58403558031677], [139.3575227771915, 35.5839018617679], [139.35751434549584, 35.58376593104414], [139.35750080279888, 35.58361052138332], [139.35748131177547, 35.583498617360846], [139.3574837993687, 35.58339722624525], [139.35739640951985, 35.583314867875195], [139.35727587838753, 35.58334981317394], [139.3571446139746, 35.58340247026788], [139.35698999122224, 35.58347097044646], [139.3568149715021, 35.5835267669565], [139.3566583233958, 35.58358117523453], [139.35649636424384, 35.58364681748086], [139.35632866649556, 35.583712378670654], [139.35624316622938, 35.58374198959283], [139.35606605229472, 35.583820723065216], [139.35587057434077, 35.58388687055413], [139.35568606910104, 35.58394393109067], [139.35553501850345, 35.583993922904035], [139.35536758949488, 35.584070957759394], [139.35525348327934, 35.58411180053315], [139.35519840710995, 35.584165589234374], [139.35520720451743, 35.58431530624913], [139.35522284713213, 35.5844070010291], [139.35523779106154, 35.58452586790708], [139.35530019998495, 35.584556390161225], [139.35532834958988, 35.58455078324992], [139.35532447995442, 35.584505618470374], [139.35540360881654, 35.584487315042814], [139.3554926477001, 35.58445829530287], [139.35564420947435, 35.584422987988766], [139.35569077438336, 35.58435033209642], [139.3556318224358, 35.58426321886831], [139.35556276825199, 35.584128942166686], [139.35551986029253, 35.58404556466379], [139.35538678925602, 35.58405349082229], [139.35528186987008, 35.58409352121837], [139.35519477154293, 35.58415143592197], [139.3552027514512, 35.584267073682604], [139.35521014378463, 35.58440800153842], [139.35522460863493, 35.58456700270613], [139.35523122086263, 35.584721821209584], [139.35524400048914, 35.58487407931823], [139.35526361172725, 35.58500703423456], [139.3552704966619, 35.58514945872591], [139.3552716129803, 35.58522981723937], [139.35528355212722, 35.58535845699831], [139.3553035275911, 35.585493348838305], [139.35536501799461, 35.585549111487175], [139.35547872828468, 35.58552972854701], [139.35559641904734, 35.585488677885586], [139.35574519599044, 35.58542655609575], [139.35589434161264, 35.58536636944071], [139.35603187304673, 35.5853138353754], [139.35616370614468, 35.585263907246315], [139.35616062333906, 35.58516287483648], [139.35610891197473, 35.58506971375835], [139.35604606747594, 35.58494884778641], [139.35598528753076, 35.584841361882326], [139.3559299304383, 35.58473492151401], [139.3558547073285, 35.584689384842655], [139.35571203239124, 35.584746291148825], [139.35561278365924, 35.58478634203209], [139.3554745522781, 35.58483654077526], [139.35535368317645, 35.58488729749685], [139.35526360948722, 35.58490108559712], [139.35523257062002, 35.585000879804966], [139.35528919455638, 35.58510372787994], [139.3553788541196, 35.5851172401113], [139.35553837726187, 35.58503806482236], [139.35565038313635, 35.58499684662655], [139.35575215898606, 35.584952305859325], [139.35588602048608, 35.58491092137756], [139.35597075155727, 35.58486839848355], [139.35593194726576, 35.58474972639975], [139.35591303894873, 35.58466050154707], [139.35601647768203, 35.58460526972571], [139.35615959146168, 35.584563702296904], [139.35626339317673, 35.584527526221436], [139.35637670211273, 35.584482938445824], [139.3564888417749, 35.58444261623937], [139.35665303733688, 35.584370447418884], [139.3567299359345, 35.5843431238439], [139.35687221109745, 35.58430018207851], [139.3570104815793, 35.58424191268238], [139.35715942070584, 35.58418941207711], [139.35729157197173, 35.584136443605566], [139.3573881618731, 35.58409774941233], [139.3575134979927, 35.584119310520364], [139.357527748015, 35.584206121488144], [139.35753818346967, 35.58433266357965], [139.3575484939027, 35.584462189371045], [139.35755114125945, 35.584614657831], [139.35752857904723, 35.584728250454866], [139.3574027132402, 35.584788692074525], [139.35731357535374, 35.584782084542766], [139.35726606168285, 35.58469752422485], [139.35721625869536, 35.58460427212203], [139.35714690180856, 35.58450113722384], [139.3570939234164, 35.58441461675765], [139.3570164690215, 35.584287427545924], [139.35697140044664, 35.584192858805785], [139.35692356355347, 35.5840852552483], [139.35685496841168, 35.583975356347636], [139.3568101807699, 35.58386480845472], [139.35670962593693, 35.583727346027906], [139.35665623308162, 35.5836339994428], [139.3565523924602, 35.58363312468512], [139.35642150490867, 35.58367972815316], [139.3563484699898, 35.58373302877147], [139.35643742687895, 35.58386070361239], [139.35651611499858, 35.58397182707591], [139.356582624407, 35.58408796394635], [139.3566554861362, 35.584197695121084], [139.35671318215284, 35.58429842408898], [139.35678934731837, 35.58439580504763], [139.35685267958385, 35.58450903549304], [139.3568902985327, 35.58461871859037], [139.35695160922168, 35.58471938034124], [139.3570047941479, 35.584800980546255], [139.35704317131672, 35.58489072158763], [139.35692607615647, 35.584973118638864], [139.35681392544942, 35.58502816553605], [139.35673651708387, 35.58493745622005], [139.35668347949053, 35.58484707280398], [139.35662571824798, 35.58473992552162], [139.35656378809776, 35.58462811186648], [139.3565048906896, 35.58452659472423], [139.3564550118596, 35.58442558998398], [139.35639320219943, 35.5843094642413], [139.35632504133807, 35.5842062005956], [139.3562514426121, 35.5841062419542], [139.3561914228943, 35.58401756908266], [139.35614037521188, 35.5839372898947], [139.35605956419485, 35.58384369629508], [139.35594306325132, 35.58385673128722], [139.35582944181473, 35.583903652989925], [139.3557831534386, 35.58396968723841], [139.3558831593734, 35.58409345968946], [139.35594284150554, 35.58418147110378], [139.3560068801844, 35.58430434667903], [139.35606356026844, 35.58439271925138], [139.3561315230152, 35.58447945418576], [139.35618503748816, 35.5845718262748], [139.35623717359246, 35.584669795925336], [139.35630717213562, 35.58479302502214], [139.35635262330283, 35.58487194042113], [139.35643632460636, 35.58498387711067], [139.35646285889635, 35.5850979951958], [139.35635047900044, 35.58516831219519], [139.3562085219774, 35.58522558650946], [139.35615422091678, 35.58516813638653], [139.3561035685085, 35.5850748951782], [139.35604705171446, 35.584967023764946], [139.35599372452987, 35.584849078640055], [139.35591150271947, 35.58469433176111], [139.35586631336025, 35.58460794239803], [139.3558156056649, 35.584499036821555], [139.35576252794283, 35.58441157678949], [139.35572027355767, 35.58431245115482], [139.35566222138272, 35.584217150589176], [139.35559640802234, 35.58410480633905], [139.3555270168565, 35.584033400840845], [139.35544593655345, 35.58402081621994], [139.35535795539622, 35.58406400383737], [139.35526087457313, 35.58408516358059], [139.35519362671354, 35.58419405977287], [139.35518896224002, 35.584307658196614], [139.35519482981388, 35.58442979019945], [139.35519975436617, 35.58454766646984], [139.3552048456737, 35.58466085760559], [139.3552115825191, 35.58475525016968], [139.35522311068422, 35.58487740279991], [139.35522169047573, 35.584964176719566], [139.35522690627764, 35.585050076988715], [139.35523674470713, 35.58517163375027], [139.35524603372298, 35.58529143022409], [139.3552660211884, 35.58542201919074], [139.35527277364486, 35.58554178243879], [139.35528290618524, 35.58567477685512], [139.35530033028772, 35.58582269831466], [139.35532191913046, 35.58598258910349], [139.35533699998498, 35.58615464836778], [139.35534458343776, 35.58633134410859], [139.35537516077832, 35.586514451847606], [139.3553897117017, 35.58665418506461], [139.3554020030554, 35.5867917813486], [139.35540660483838, 35.58694874813973], [139.3554872250086, 35.58701220577992], [139.3556221211028, 35.5870456122264], [139.35573553555233, 35.58702705460273], [139.35585206021534, 35.58701425200095], [139.35602987140214, 35.58697195310545], [139.35607555960024, 35.586875900617116], [139.35599418971546, 35.586810159348765], [139.35596815158786, 35.58672647159411], [139.35604125849719, 35.58669276155594], [139.35615073930995, 35.586654195640875], [139.35628953845438, 35.58659570080848], [139.35640688664392, 35.58655816701754], [139.35656822016077, 35.586489789380984], [139.3567056138578, 35.586445895232615], [139.35680172503217, 35.58646310379661], [139.35686706265764, 35.58656415565131], [139.35687850854808, 35.58665931792793], [139.35676681034505, 35.58670997550485], [139.35663864801177, 35.58676593682066], [139.35648321656524, 35.58683061533091], [139.3563316481814, 35.586890084888054], [139.35618622251124, 35.586954412950504], [139.35606050879892, 35.5870170161255], [139.35588865700115, 35.587085105045915], [139.3557721883966, 35.58713187314594], [139.35567582545724, 35.58716617791463], [139.3555390714365, 35.58722895911917], [139.35548571763871, 35.5873154222322], [139.3555078912151, 35.58742550061855], [139.35554542186023, 35.587522319864284], [139.3555904400018, 35.587647274103624], [139.3556526175251, 35.587819260557865], [139.35573318667247, 35.58798883778096], [139.35579851471056, 35.58815565747886], [139.35585465971874, 35.588311091147574], [139.3559042948624, 35.58844586427787], [139.3559310483403, 35.58856819622207], [139.35598737939486, 35.588694348407095], [139.35602911879292, 35.588813436386076], [139.356064703967, 35.58892350037221], [139.35609520489396, 35.589014300192474], [139.35612580598814, 35.589090889791386], [139.3561684461522, 35.589207860384406], [139.356204147699, 35.58931731889207], [139.35627461753015, 35.58950510340535], [139.35633058164788, 35.58964905112353], [139.35638564903704, 35.58977994353], [139.3564146602302, 35.589869155108246], [139.35646073886625, 35.589981391634666], [139.3565272667391, 35.59012041599143], [139.35657178454278, 35.59023037570971], [139.35659323348693, 35.59032201922845], [139.3566508867419, 35.590465620118465], [139.35667213321975, 35.59058116145274], [139.35663033438703, 35.59067720606242], [139.3566361356856, 35.59077901144155], [139.35659518019122, 35.59081615981731], [139.35660462701836, 35.59084981371337], [139.35660277707646, 35.59084983456379], [139.35660238557676, 35.590852019127105], [139.35660240504043, 35.59085337422037], [139.3566022066042, 35.590856632812084], [139.35660029578506, 35.59085527708861], [139.35657250270503, 35.59081106942535], [139.35658145703977, 35.590854068873114], [139.3565709769355, 35.590857335279495], [139.35657382593877, 35.59081528548439], [139.356593870956, 35.590793114465406], [139.35659123112666, 35.59067690791076], [139.35669371859723, 35.59066907215372], [139.35673620487069, 35.5907869744475], [139.35679011401697, 35.590904943937986], [139.35682170420392, 35.591043023781154], [139.35687960922752, 35.59120003690845], [139.35694652731942, 35.59136695331753], [139.3570122104444, 35.59154093516978], [139.35707469021574, 35.591712179476666], [139.35710725322966, 35.591796913782844], [139.35716525312498, 35.59197276039986], [139.3572293811136, 35.59214831536915], [139.35730166567154, 35.59232374810354], [139.35737158021277, 35.592505633050955], [139.35744231686394, 35.59267331675193], [139.357495686545, 35.59282722122901], [139.35754348415892, 35.59298999091671], [139.35760714981393, 35.59316973944311], [139.35766801300116, 35.59333400233215], [139.35773910660143, 35.593510057931944], [139.35780552661728, 35.59367965664109], [139.357852369901, 35.593839578953435], [139.35791791204417, 35.59398870372455], [139.35795335046532, 35.59412341847099], [139.3579901889838, 35.59423690113576], [139.35804328774427, 35.594360606888685], [139.3580692806217, 35.59445557667767], [139.3580989629476, 35.59453730144444], [139.35814055886286, 35.59463986823739], [139.35818560929437, 35.59477881714243], [139.35814282016236, 35.594878093107724], [139.35801975898036, 35.5949118964362], [139.3578623014216, 35.594946068634435], [139.3576731167009, 35.59497657835563], [139.35748062573546, 35.59502346609607], [139.3572603578508, 35.59506730346699], [139.35704462108458, 35.59509802630663], [139.35681601730403, 35.59515419581372], [139.3565961530312, 35.59520514037008], [139.35636202937357, 35.59525548466959], [139.35612147344133, 35.595311435779145], [139.35600723173445, 35.59534420974218], [139.35588885689253, 35.59537264308583], [139.35566542555708, 35.59542434606782], [139.35554347162076, 35.59545130009987], [139.35542152313275, 35.59548044258371], [139.35529579374275, 35.59550178041527], [139.3551729541132, 35.595528800593335], [139.35505052466547, 35.595560425657276], [139.35481936756406, 35.59561896206795], [139.3545860815735, 35.595670175786445], [139.3543712895772, 35.59572030447376], [139.35416470975656, 35.595760370267485], [139.35399035961356, 35.59580196685548], [139.35384022612757, 35.5958320976129], [139.35372370617063, 35.59585309404426], [139.3535603353577, 35.595876148745695], [139.35341605138353, 35.59590485821013], [139.35327929327977, 35.59594605523549], [139.35313274433156, 35.5960168459251], [139.35312767611987, 35.59617459979538], [139.35314424231748, 35.5962990339005], [139.35315323408793, 35.59640132866106], [139.3532184918976, 35.596485735628896], [139.3533118223968, 35.59646816817453], [139.35343359077203, 35.59644718089182], [139.35357568264016, 35.59643066907048], [139.35373847464712, 35.596387289275214], [139.3539100922576, 35.59635588655622], [139.35408873343857, 35.596323884406075], [139.35425631850225, 35.596298603850165], [139.35439839709335, 35.59625835420313], [139.35452281397522, 35.59623549545575], [139.35467544248746, 35.59621560999086], [139.35477334957588, 35.59619018247486], [139.35490293361727, 35.59616228507229], [139.35505578458248, 35.596124272701395], [139.35521289838138, 35.59609415493371], [139.3553760918675, 35.596057617562245], [139.35553087639556, 35.59601891452105], [139.35562751623726, 35.59600138724229], [139.35580072299436, 35.59595782982611], [139.35596772569457, 35.595929466690706], [139.3561081307531, 35.59590687066021], [139.3562590529384, 35.595884011191814], [139.35632511260354, 35.5959805452357], [139.35636358836382, 35.5960976411371], [139.35640348617275, 35.596221884029134], [139.3564367097147, 35.596314669064235], [139.35640351801393, 35.59641570774149], [139.35630160938575, 35.596440538525485], [139.35614858472994, 35.5964708899501], [139.35598108225778, 35.596505845684796], [139.35578721315264, 35.596548909600536], [139.35559802310792, 35.596586246197376], [139.35542870533538, 35.596614063743], [139.35528277164903, 35.59664518566908], [139.35513935259726, 35.59667812232715], [139.35500914400203, 35.59668483242626], [139.35489244291944, 35.596727468587915], [139.3547983958834, 35.59675285617539], [139.35467744609062, 35.59677668255285], [139.35451947851055, 35.59680425805415], [139.35433299446805, 35.59683738995585], [139.35415489330276, 35.596874186503626], [139.35397560765833, 35.59691656636137], [139.35382588896815, 35.59695556037528], [139.3536714718839, 35.59697662420134], [139.35350932997895, 35.59699775954477], [139.35334886638938, 35.59702130896623], [139.35322799937902, 35.59706308068628], [139.35325366440225, 35.59715697779278], [139.35332123930274, 35.59726746001382], [139.35337411536648, 35.59738582329831], [139.35344147937906, 35.59749623903219], [139.3535440486447, 35.597523119342355], [139.35363627002204, 35.59749409149133], [139.35376230065577, 35.59746141754511], [139.3539210274588, 35.59742491257739], [139.3540562962784, 35.59737092095748], [139.35420485050395, 35.59732957127847], [139.3543595165402, 35.59728623242515], [139.3545109955162, 35.597257907822524], [139.35466081200792, 35.597231483393465], [139.35481079505453, 35.59721701932293], [139.35495749770064, 35.59719283291753], [139.3551068704391, 35.597167400844704], [139.35527406233854, 35.59713672074827], [139.3554338774959, 35.59711759824916], [139.35560266672468, 35.59709560095599], [139.3557714420882, 35.59708459195615], [139.35592982046933, 35.597104588692396], [139.35609998261833, 35.59711124893551], [139.35627756940715, 35.59711063259009], [139.3564376845625, 35.597110461344684], [139.3566105506041, 35.597126475187665], [139.35677272976716, 35.59712291779279], [139.35691794333243, 35.59711440359425], [139.35703431656054, 35.59707782817813], [139.35716125796824, 35.597020548217735], [139.35727701394748, 35.596971884446155], [139.35738813107702, 35.596890425550875], [139.35746200693706, 35.59679581326172], [139.35748327113163, 35.59669887028948], [139.35747818952544, 35.5965956084374], [139.35748184853804, 35.59647252698161], [139.35748887419072, 35.59635891120573], [139.3574614468864, 35.59622304192978], [139.3573781885042, 35.596223127675714], [139.357257308057, 35.59625500653132], [139.3571205360326, 35.59627994895419], [139.35696239238345, 35.59630731438962], [139.35679927034073, 35.59633914356981], [139.35667309090638, 35.59636322903306], [139.35653332917224, 35.596394191492976], [139.35645176678537, 35.59633204876984], [139.35642880033407, 35.59623072424269], [139.35640052293897, 35.59611702649383], [139.35638109768084, 35.59601141366703], [139.35634162118862, 35.595892971370475], [139.35636972677338, 35.59575311949848], [139.3564067177975, 35.59565788945105], [139.35644876368372, 35.59554895385992], [139.35653546665753, 35.595545877984975], [139.35665369918752, 35.59557511398972], [139.35680808009758, 35.595613850982566], [139.35695594698973, 35.59566777806394], [139.35711293377273, 35.5956962654933], [139.35723413077716, 35.595721924424545], [139.3573822158625, 35.59575411286649], [139.35752875573604, 35.59579513739213], [139.3575903901284, 35.59586822091098], [139.35753630532864, 35.59594743583534], [139.35748620253938, 35.59607981738538], [139.3575041587297, 35.59619182891804], [139.35748782307323, 35.59629655808051], [139.3574877623846, 35.59642318284978], [139.3574856868239, 35.596551140599615], [139.3574824850267, 35.59666688143937], [139.35746391257777, 35.596811487060364], [139.35739175702741, 35.5968828180888], [139.35731539969962, 35.59696045055825], [139.35724365065624, 35.597005615053526], [139.35713590795297, 35.59705755782933], [139.35699133166202, 35.59711201973977], [139.3568358547854, 35.59711953401673], [139.35671788245668, 35.59706306031895], [139.35669013250327, 35.59698180842214], [139.35666388243126, 35.596877260892796], [139.35662566072145, 35.59675351647896], [139.35658453617737, 35.5966502605986], [139.35654512474315, 35.59654967675455], [139.35648211060928, 35.5964228703437], [139.35634965362246, 35.59641386745401], [139.3562231713704, 35.59644559181677], [139.35607351266603, 35.59647684133212], [139.355941988087, 35.59650513512631], [139.35578633233348, 35.59656943887872], [139.35578204083532, 35.596673596356275], [139.35582135347104, 35.59676943467324], [139.35584802899382, 35.596883542605426], [139.35590229544678, 35.597015232797105], [139.35582596248878, 35.597080758201166], [139.35572997642436, 35.59708341799944], [139.35558875255347, 35.597096437491444], [139.3554361142442, 35.59711447762484], [139.3552833667889, 35.597139702125986], [139.35515271648572, 35.59715798145226], [139.35500211202714, 35.59715790459035], [139.35496653241532, 35.5970937178728], [139.3549158288121, 35.59694196116868], [139.35487606329366, 35.59681768348179], [139.3548321832783, 35.596683059495376], [139.3547864254737, 35.59655517857049], [139.35475408034688, 35.596443177869766], [139.35471681900225, 35.596341363620496], [139.3546834583027, 35.59624764263032], [139.35464123147474, 35.596155853065675], [139.35460014672498, 35.59605884050701], [139.35456265454184, 35.59592099098672], [139.35452830044375, 35.59582031493094], [139.3544669554413, 35.59572657405124], [139.35441466192665, 35.595604438248735], [139.35438403774697, 35.595497307840915], [139.3543156279588, 35.59540836141487], [139.35419422316215, 35.595372170961376], [139.35405778135421, 35.59533269468612], [139.35391283686997, 35.59528439117179], [139.3537833787284, 35.59523106720426], [139.3536606886138, 35.595192289284846], [139.3535330476258, 35.5951509436535], [139.3533854676477, 35.595101646670884], [139.35328304953669, 35.59507646255701], [139.35322302573448, 35.59517254909717], [139.35318753269382, 35.59527587068632], [139.35314270082532, 35.595391243212774], [139.3531182785195, 35.59550721754101], [139.3531141564054, 35.595620962982316], [139.35310621969361, 35.59572478167489], [139.35311310564126, 35.59586005218954], [139.3531213236506, 35.595959083417824], [139.3530107512174, 35.59602242588594], [139.35284356546984, 35.596043010916084], [139.3527370820533, 35.59606531113018], [139.35259381569935, 35.596096336617954], [139.3524575179552, 35.59611820586085], [139.35233080938406, 35.596147201375594], [139.3521871653194, 35.59617213201646], [139.352021727697, 35.596199627397546], [139.35183079220172, 35.59624437712035], [139.35168983082391, 35.5962817562679], [139.3515358149162, 35.59630379234167], [139.35136897794996, 35.59634004293311], [139.3511980044037, 35.59638997873382], [139.35110048057587, 35.59634954680656], [139.35106960468121, 35.5962480370557], [139.3510402948687, 35.59614770455176], [139.35101019184668, 35.59603005236968], [139.35108439460302, 35.59597935639625], [139.35122913195173, 35.5959644382009], [139.35138392300038, 35.59594099265302], [139.35154985665406, 35.59591839702782], [139.35169803411213, 35.59589296284556], [139.35183462860692, 35.59587648347562], [139.3519594181168, 35.59586377463871], [139.3520729839308, 35.59584722266459], [139.3522355435783, 35.59580976664067], [139.35234292802568, 35.595802460598506], [139.3525155136434, 35.59578920078039], [139.3526547986169, 35.59578661655687], [139.3527972567697, 35.59577661825481], [139.35291175180834, 35.59577293273267], [139.35306130049005, 35.59577878627839], [139.35312115869866, 35.59574247312274], [139.35311230427527, 35.59561710747473], [139.35312022876454, 35.59550949789427], [139.35314476969958, 35.595390585675744], [139.35318514722954, 35.595268093807], [139.35323481698828, 35.59513852311525], [139.35328301320416, 35.59501018672304], [139.35333290766752, 35.59490702752817], [139.35338153123666, 35.59479763748453], [139.35339070426446, 35.59470825728069], [139.3532784037275, 35.594657597359166], [139.35315293689223, 35.5946122409959], [139.3529942666155, 35.594564113575224], [139.3528311852607, 35.5945157794598], [139.3526524647861, 35.594473783144196], [139.3524714630413, 35.59442587549886], [139.35229281001895, 35.59437250601797], [139.35212988260713, 35.5943298151717], [139.35197026272564, 35.59427849286763], [139.35180929484426, 35.59422906758968], [139.35165049314077, 35.59417950116544], [139.35147786891883, 35.594134325618484], [139.35131487228045, 35.59409096551941], [139.35115801215818, 35.59404881547446], [139.3510112005406, 35.59400460894534], [139.35088714201626, 35.593970385833664], [139.35076014949567, 35.59393815381066], [139.35064478178376, 35.59390951316026], [139.35055030330813, 35.59394002748106], [139.35044322438338, 35.593992668842105], [139.3503388203672, 35.59404506338121], [139.35016559862584, 35.594115197833545], [139.3500686826681, 35.59416418810019], [139.34995674836262, 35.59420987035344], [139.3498414452315, 35.59426200179973], [139.3498020619348, 35.59432961965412], [139.34987390442328, 35.594434965371725], [139.34996828959365, 35.59450672127652], [139.35008930356204, 35.594577797176676], [139.35021958210325, 35.594616476997615], [139.35033346616765, 35.594590471509896], [139.35042087389067, 35.5945476839364], [139.35058373198973, 35.59447883245797], [139.35072338397308, 35.59442186909026], [139.35080833162226, 35.594416807843686], [139.35096762175405, 35.594437124087946], [139.35112356850556, 35.59447904408609], [139.3512607190593, 35.594491657276954], [139.3513320158386, 35.594416180988105], [139.35138643206722, 35.594301465236924], [139.35144138192769, 35.59417261238537], [139.35157146746317, 35.594170705385146], [139.351651430366, 35.59418796568199], [139.35176701805912, 35.59420989357596], [139.3518947075227, 35.59423885466311], [139.3520333350172, 35.5942848604248], [139.3520395637855, 35.59436527226334], [139.3520036640919, 35.59446822446326], [139.35193838098613, 35.59462665786131], [139.35187995936624, 35.594751717075496], [139.35184073405262, 35.59482844802498], [139.3517618576446, 35.59495513831413], [139.35175454807245, 35.5951024114749], [139.35177645132498, 35.59522670475951], [139.35180105464156, 35.59534016074693], [139.35185095854283, 35.595458333508695], [139.35198410467345, 35.59545789094781], [139.3521060361199, 35.59544651655604], [139.35225293744347, 35.59543114363661], [139.3523152035284, 35.595404462220806], [139.35237732732386, 35.59529779025147], [139.3524367337998, 35.59518486671319], [139.35238994979983, 35.59509985697615], [139.35225005301453, 35.595054775314274], [139.35214155350704, 35.59502698083788], [139.3519968186713, 35.59498351352578], [139.3518717279922, 35.59494590323161], [139.35179182991752, 35.59500802793156], [139.3517758415855, 35.59507999269714], [139.3518036847643, 35.59517895650567], [139.35182943700647, 35.595331745399164], [139.3518416052855, 35.59543561568185], [139.35194575108034, 35.595473078028654], [139.352071485264, 35.595456306046955], [139.35218862965104, 35.595447002129625], [139.35232773855927, 35.595464821039045], [139.35235862994284, 35.59554049337366], [139.352376710179, 35.59566051174479], [139.35239421217597, 35.59578054813056], [139.3524081013929, 35.595925998253236], [139.35242760414954, 35.59604403158268], [139.3524755936007, 35.596114537585244], [139.35259073657312, 35.596109466601156], [139.35274018060613, 35.59607937921023], [139.35289179129813, 35.596054657762636], [139.353064954556, 35.596029494028265], [139.35312014162272, 35.59594523691899], [139.35310390577564, 35.59585587441944], [139.3530982409342, 35.59574609313931], [139.35309800031072, 35.59564457760278], [139.3531048035065, 35.595552176224125], [139.35311361186976, 35.59545930098563], [139.35314038877203, 35.59536019017423], [139.3531877389907, 35.59525786150007], [139.35323317116632, 35.59512315405677], [139.353310883858, 35.59509476797437], [139.35349776534903, 35.59515592879018], [139.35364199684375, 35.59519344259896], [139.35379528896664, 35.5952300582255], [139.35394837559022, 35.59526705751283], [139.35408633934608, 35.59530742072986], [139.3542529591074, 35.59536038017108], [139.35438692069417, 35.59537755784649], [139.35444622003428, 35.5953158088359], [139.3544856785659, 35.59518828417476], [139.35452794370633, 35.59507333354238], [139.35448152320828, 35.59498995003977], [139.35438473440254, 35.59495492913837], [139.35425177076118, 35.59491859392514], [139.35409934420986, 35.594875281175305], [139.35393516511846, 35.59483424711072], [139.35377645450654, 35.594785283582326], [139.35366462181034, 35.59474744459368], [139.3535365623086, 35.59470862547693], [139.3533666807953, 35.594659072159935], [139.35319874381338, 35.594608251119936], [139.35303636228116, 35.59456061963336], [139.3528644771793, 35.59450339004393], [139.352743879482, 35.594498971420784], [139.35268559398096, 35.59458659328156], [139.35264885620592, 35.594680506389324], [139.3525975507281, 35.59480428834698], [139.3525323065509, 35.59494669382785], [139.3524747781824, 35.5950766166292], [139.35242602221265, 35.59519020761907], [139.3523753822206, 35.59532800461889], [139.35229892399576, 35.59541348956833], [139.35217450694594, 35.595437104834794], [139.352030385244, 35.59545810679299], [139.35187527331206, 35.595481066489334], [139.35173427827473, 35.59549742291398], [139.35160645859278, 35.59552004479177], [139.3514339796557, 35.595553531108216], [139.35128655219822, 35.595544176438125], [139.35125296082555, 35.59545724117236], [139.35125857685074, 35.59532280313314], [139.3512585308595, 35.59519588653748], [139.35116961321603, 35.59515403989619], [139.3510573654906, 35.595176995879], [139.35094172992595, 35.595204066886325], [139.3508103320831, 35.59520897243322], [139.3507665303575, 35.59514477403442], [139.35067465408972, 35.59503877793242], [139.35058376692766, 35.59494004731486], [139.35053121622536, 35.59486562013504], [139.35063393382654, 35.594779912542485], [139.35074627962237, 35.59477135532232], [139.3509003946527, 35.59482567054127], [139.35104674926401, 35.59486916594522], [139.3512014336028, 35.594912349678125], [139.3513642481525, 35.59495772325471], [139.35146922623963, 35.59498243157738], [139.35163673865134, 35.59502905623011], [139.35176031650062, 35.595034455734734], [139.35180129299562, 35.59494906790951], [139.35184850043484, 35.5948365659408], [139.35189547813022, 35.59472083684489], [139.35194098299587, 35.59460950526087], [139.35199357020926, 35.59449133469217], [139.35203114563353, 35.59440705340001], [139.35213169832926, 35.59433243905795], [139.35224412585032, 35.594347333075284], [139.35239289215434, 35.59438851345152], [139.35253199742945, 35.594434023603135], [139.3526819559785, 35.59448905009924], [139.35282558558865, 35.59452299489938], [139.35295006180667, 35.594558061428366], [139.35307853348485, 35.59459628635683], [139.35321760483478, 35.59464323903281], [139.35336285561752, 35.59470516823948], [139.35350121122508, 35.59474904688341], [139.353651925509, 35.5947899917984], [139.3538060897135, 35.594826753633676], [139.35398329321197, 35.59486294034592], [139.354175682488, 35.59493074076232], [139.3543654569166, 35.59499580619998], [139.35455979087496, 35.595043089942976], [139.3547255350562, 35.59509258720785], [139.35489450130203, 35.595125756788214], [139.35505330705394, 35.595168025603385], [139.35520287034348, 35.59520173711941], [139.3553258674974, 35.59522944675902], [139.35547665784105, 35.59525669877111], [139.35558534004593, 35.5952849606907], [139.35570330663433, 35.59531799519542], [139.35584078529513, 35.59535117065452], [139.35595723469118, 35.59537597205051], [139.35607944090924, 35.595354633173635], [139.35625154800815, 35.59532378607881], [139.3564193752799, 35.595296844982315], [139.35659878760956, 35.59526362926131], [139.35677857019357, 35.59523031827154], [139.3569615891798, 35.595190460497726], [139.35712310961327, 35.595141289573434], [139.35726504701682, 35.59511245140771], [139.3574130414749, 35.59507274897495], [139.35754061317664, 35.59504196101953], [139.35766055197746, 35.59500147616049], [139.35766247671853, 35.594908616416085], [139.35761854979015, 35.59478885683843], [139.35757711235357, 35.59468130399971], [139.3575406996946, 35.594570918210174], [139.35752109960444, 35.594458572796064], [139.35747463975318, 35.59433397079112], [139.35744769742504, 35.59420915752896], [139.357407590026, 35.59412052555888], [139.35735933042554, 35.59400826557038], [139.35734229996152, 35.59394177688084], [139.35728746319452, 35.59382746073528], [139.35723405209652, 35.59370737096131], [139.35718340353398, 35.59359837530917], [139.3571452186634, 35.59346033300566], [139.35711620750422, 35.59334707432584], [139.3570684708308, 35.59325511095039], [139.3570121220118, 35.59316354947747], [139.3569732477825, 35.59303900603464], [139.35692343468466, 35.592921811264766], [139.35687508210643, 35.592769390270725], [139.35683532830953, 35.59263149779766], [139.3567885179958, 35.59249135009582], [139.35674019179217, 35.59237099169631], [139.35668752009573, 35.592255717620894], [139.35664513155766, 35.59213686872561], [139.35660846325752, 35.59201270508992], [139.356575972125, 35.591909282038785], [139.3565336446561, 35.59178345054283], [139.35650367038107, 35.591704232140636], [139.35644843221974, 35.59161518906353], [139.35638260716254, 35.59153506304324], [139.35631516320524, 35.591433137942275], [139.35624874798785, 35.59134796157438], [139.35618464246198, 35.59125182875243], [139.35613476715486, 35.591164492895984], [139.35606685569127, 35.59107147945452], [139.35599072404722, 35.590963710768236], [139.35590319173335, 35.590854347033655], [139.35582714413383, 35.59075586447582], [139.35574532738937, 35.59065102429406], [139.35571083522993, 35.590579244017235], [139.35564468917647, 35.59048553496084], [139.3555746640547, 35.59037824971691], [139.35547694269468, 35.59026036685338], [139.3554140729658, 35.59016432033012], [139.35533993865172, 35.59006099246282], [139.35527007377468, 35.58997877663176], [139.35518704231671, 35.58987935486227], [139.35511895352676, 35.589797859707005], [139.35498234727132, 35.58982185158629], [139.3548719176644, 35.58987965048628], [139.35475305028828, 35.58994376306889], [139.3546105681445, 35.59001422043701], [139.35446898353544, 35.590078042473735], [139.3543418134761, 35.59014999726168], [139.35424780509626, 35.59020785764624], [139.35429180876136, 35.590286918542375], [139.35435864519337, 35.59036589679976], [139.35444568815905, 35.59045642260364], [139.35451191452165, 35.59053291798678], [139.35456828019198, 35.59059973298011], [139.35463645933885, 35.59070144312923], [139.35471365076697, 35.590793371542034], [139.3547916611164, 35.59090102719117], [139.35484743124294, 35.590971717969644], [139.3549119624466, 35.591069864159664], [139.35500589663187, 35.5911827245598], [139.3550389151303, 35.59124150425123], [139.35509829391995, 35.591312317731955], [139.35518257252252, 35.591424732158345], [139.3552559067952, 35.59152323061352], [139.35523187114666, 35.59159730327529], [139.35508864756707, 35.591666224725], [139.35496222026802, 35.591741187160125], [139.3548368829703, 35.5918086176868], [139.3547233268199, 35.5918667430124], [139.35459434204114, 35.59193485503756], [139.35446901981666, 35.59198714191509], [139.35436245738367, 35.591912639146514], [139.35429858708014, 35.59183590373006], [139.35425119816944, 35.59177528399237], [139.35417899188647, 35.5916628793883], [139.35410602234566, 35.591553444524706], [139.35402334200685, 35.59143519020306], [139.35399027846174, 35.59136217911314], [139.35396952941664, 35.59123934903257], [139.3539478419072, 35.5910983145722], [139.35392619101867, 35.59094213371928], [139.35390844187705, 35.590799457959285], [139.3539010585501, 35.59065820565797], [139.3538851501405, 35.59054192525], [139.35389106917643, 35.59040969410462], [139.3540228010264, 35.59032150554158], [139.35414144043747, 35.59025911337813], [139.35424403653343, 35.59020959439444], [139.3543704300689, 35.59014420559744], [139.35450277800257, 35.59006641408404], [139.35466194954313, 35.58998477947317], [139.35478415521175, 35.589922864041625], [139.35494093647674, 35.58985072055055], [139.35504579028867, 35.58979628447383], [139.35514536398674, 35.58974540189664], [139.35525918942008, 35.58968857693411], [139.3553907337063, 35.58961457445234], [139.35553172525292, 35.58954093789711], [139.35567836855864, 35.58946591519259], [139.35581310328897, 35.58939629312608], [139.35593934300243, 35.5893321876627], [139.35606392500455, 35.5892661467556], [139.35615784985504, 35.589295064606944], [139.35619689099187, 35.58939533648577], [139.3562319291136, 35.58949454129231], [139.35628318316483, 35.589599705399586], [139.35631748667683, 35.589693904724065], [139.35621808712696, 35.5897738393332], [139.35609154236613, 35.5898376616141], [139.35598952855645, 35.589886914546966], [139.35586370489273, 35.58995028828305], [139.35567238246483, 35.59004319515253], [139.35553228269228, 35.59011023391826], [139.35532241328124, 35.590191079311296], [139.35519534010507, 35.590267549007905], [139.35504099812835, 35.59034106436365], [139.35489174241005, 35.590415323367125], [139.3547526599957, 35.590488348250396], [139.35462029248373, 35.59056323864809], [139.35448331096904, 35.5906247667747], [139.3543192904909, 35.59069270769289], [139.35418972691292, 35.59075155197357], [139.35406168754108, 35.5908191653044], [139.35396544474509, 35.59087135004805], [139.3539414916604, 35.59098485634212], [139.35394255311897, 35.59108497266014], [139.3539571313737, 35.59124832972252], [139.3539676835608, 35.59135383600817], [139.3539182610089, 35.5914379697413], [139.35380128273698, 35.59149571092027], [139.35363695103652, 35.59156971043723], [139.35347056628336, 35.591652627397885], [139.35338744844404, 35.59168525849878], [139.35322231504298, 35.591767145141965], [139.35305882847277, 35.59184758356234], [139.3529002795451, 35.59192758144657], [139.35273948402164, 35.592004988205844], [139.35257384129804, 35.59208770080899], [139.35241665891033, 35.59217335953682], [139.35225445794694, 35.5922555586279], [139.35209624093366, 35.59233955747387], [139.35194972248735, 35.59240955438059], [139.35179423054487, 35.592481438197005], [139.35164226020132, 35.592552973455], [139.35151699801912, 35.59261743287222], [139.3513699847323, 35.59269260750597], [139.3512778671979, 35.59274087648958], [139.35116478537572, 35.59279552291414], [139.3510357463288, 35.592853720248904], [139.3509025592317, 35.59291837076903], [139.3507730737475, 35.59297618642046], [139.35063754542014, 35.59304168219345], [139.35053571037838, 35.59309446635331], [139.35042556449739, 35.59307443500046], [139.35029000363244, 35.59303001156764], [139.35014203863366, 35.59298331832047], [139.349995797208, 35.59294038353637], [139.34982863875962, 35.5928849690001], [139.3497077300442, 35.59282545319893], [139.34980852704604, 35.59274752843933], [139.34992124379676, 35.59269193963489], [139.350064664593, 35.592628728556114], [139.35023924507382, 35.592556375999706], [139.35040557614383, 35.59247060247477], [139.35055449276672, 35.59237881011895], [139.35071263832685, 35.592312035348606], [139.3508337056863, 35.592251885123275], [139.35095994723517, 35.59220588616161], [139.35102257629094, 35.59226808080152], [139.35109121201563, 35.592358461157296], [139.35117201742707, 35.59247691397207], [139.35126567006301, 35.59258421563799], [139.3513445274548, 35.59269632026568], [139.35142963394495, 35.592802435983494], [139.35152707942206, 35.592918879866104], [139.35162026373303, 35.592958921947584], [139.35172850904615, 35.592907617214124], [139.35185888304196, 35.592845339674625], [139.3520196879235, 35.59277214260033], [139.35218982333603, 35.592691732139954], [139.35235820300898, 35.592607927728736], [139.35252551665988, 35.59251661077946], [139.35269409936356, 35.59242555043836], [139.35286512474866, 35.592338668709054], [139.35302457695497, 35.592267905680586], [139.35313640640643, 35.59221102081286], [139.35326565873194, 35.592146956523564], [139.3534244487033, 35.59206531703232], [139.35358798754527, 35.591994608015355], [139.353748597019, 35.59191563443773], [139.35389823860686, 35.5918476347819], [139.35405780561464, 35.59176578667753], [139.35415260779627, 35.59172592629476], [139.35424655976593, 35.59167925765396], [139.3543746038977, 35.59161352769117], [139.35451776528177, 35.5915454231855], [139.3546499845976, 35.59147867836447], [139.3547895792289, 35.59141678590417], [139.35485058110618, 35.59138295061429]]}}, {"type": "Feature", "properties": {"route_id": "RNA1401002903_New_Site_Drive_FTP_DL_1_43960742_18082026", "source_file": "data\\RMI Datasets-20260831T060855Z-1-002\\RMI Datasets\\Data by Sukayat\\RF - Data Requirements\\data\\DT Agent\\DT_FTP_DL_csv_files\\RNA1401002903_New_Site_Drive_FTP_DL_1_43960742_18082026.csv", "points": 2198, "avg_rsrp": -85.84}, "geometry": {"type": "LineString", "coordinates": [[139.47923003648498, 35.3631001459181], [139.47914498484698, 35.36295554111888], [139.47908726484027, 35.36287218111523], [139.47902723496145, 35.36278011991322], [139.47900282945056, 35.36266439709745], [139.47899523454493, 35.36253238831365], [139.47899785581998, 35.362404361800046], [139.4789962209348, 35.36228360524562], [139.4789787741123, 35.362154834752495], [139.4789081032042, 35.36208473737562], [139.47881913008047, 35.361993760286296], [139.47878580995734, 35.361949248789514], [139.47874782807747, 35.36201995412051], [139.47879311211906, 35.361972175178494], [139.4787933537111, 35.36197210195123], [139.47873945495817, 35.36201684846391], [139.47873871278355, 35.362015641442085], [139.47874117452383, 35.362016188916186], [139.47874102097106, 35.36201613305945], [139.4787378544696, 35.36201622318785], [139.4787368037238, 35.36201809620811], [139.47879430083063, 35.361972039311915], [139.4787946570148, 35.36197219509669], [139.47873906231783, 35.362019877015385], [139.47873879136853, 35.362021239647504], [139.47879513060565, 35.36197240219226], [139.47873824022727, 35.36202330300687], [139.47874264596166, 35.36202204269723], [139.47874548615275, 35.36201980526097], [139.4787486330344, 35.36201723343146], [139.4787428859432, 35.36201726612895], [139.47874398211192, 35.36201744090991], [139.47874923169516, 35.36201976829385], [139.47875478593858, 35.36202422727741], [139.4787627586441, 35.36202092049925], [139.47879531092576, 35.36197274866061], [139.4787582610283, 35.362017703884305], [139.47875988212596, 35.36201482596892], [139.47876084704063, 35.362012060147045], [139.47875862571712, 35.362009055602975], [139.47875989047535, 35.362007938904846], [139.47876209546362, 35.362008972277906], [139.47884372345118, 35.361996661569854], [139.47884244126905, 35.361997307677164], [139.47879721085312, 35.36197281196275], [139.4788858494813, 35.36198138684862], [139.4788735389854, 35.36199833976017], [139.47886944567756, 35.36200412271766], [139.47886436126524, 35.36200211093264], [139.4788546444665, 35.362000342323135], [139.4788545002313, 35.36200718980067], [139.47885242560773, 35.36199150893919], [139.47884948311813, 35.361999892699245], [139.47885337148247, 35.36199584496013], [139.47884829638323, 35.36200360306258], [139.47885001831483, 35.361997070085415], [139.47885667219924, 35.361990768223464], [139.47885537252066, 35.36199520076421], [139.4787974864243, 35.361972824684756], [139.47886883687465, 35.361986651471774], [139.4788680713468, 35.3619968021878], [139.4788607408808, 35.36200811663311], [139.4788514136659, 35.36201011140098], [139.47885383589423, 35.3620178258645], [139.47885527467463, 35.36202214310644], [139.4788558582255, 35.36201610066724], [139.47886498240445, 35.362023423468536], [139.47886066248836, 35.36202267125002], [139.47886172254826, 35.36201789068453], [139.4788655746377, 35.36202222473941], [139.47887315994586, 35.36201823883099], [139.47887095157157, 35.36201173160628], [139.47889141179755, 35.36199933131317], [139.47889150842315, 35.36200008616255], [139.4788904994188, 35.36199877481535], [139.47889601815316, 35.36200495329006], [139.47888982079775, 35.36200710085035], [139.47879796932088, 35.36197276349589], [139.4788980827182, 35.36199825714362], [139.47890187772714, 35.362006023983724], [139.478909398608, 35.36201522211795], [139.47889073214657, 35.36201074685294], [139.4788905813391, 35.36199591718788], [139.4788950664744, 35.36198883429874], [139.4788967230823, 35.361988121181156], [139.47888438497296, 35.36198304580063], [139.47888254490417, 35.36198742918837], [139.47887668075515, 35.36198927603901], [139.47887014203843, 35.36199281428346], [139.47888019755223, 35.36199784785806], [139.47887925467217, 35.36200827945656], [139.47886994627132, 35.3619968369798], [139.4788765452239, 35.36199161927394], [139.4788809051496, 35.3619981595296], [139.47886996757595, 35.361994209787696], [139.47887618811, 35.36199268967258], [139.4788761852386, 35.36199284791946], [139.4788371335864, 35.36193800001596], [139.47884004784206, 35.361937690515106], [139.47884231735694, 35.36193677126242], [139.47884331353555, 35.361938479132135], [139.4788460552272, 35.36193617776968], [139.4788565022734, 35.361931663784105], [139.47886526235274, 35.3619341632256], [139.47887291107608, 35.361934436479885], [139.47886713698372, 35.361932182051234], [139.4788670652198, 35.361933367628055], [139.4788680323915, 35.36194021373687], [139.47886076942936, 35.36192795585824], [139.4788602875289, 35.361937726977224], [139.47879828866905, 35.3619724105126], [139.47886405133312, 35.36194226988116], [139.47886471252917, 35.3619423287283], [139.47884903771978, 35.36192329089173], [139.47884680373167, 35.36193162795208], [139.4788543675825, 35.361935506941954], [139.47885752329475, 35.36194132873066], [139.4788468573902, 35.3619432634287], [139.47879950520488, 35.36197235702924], [139.4787460599729, 35.36198388041073], [139.47874500545564, 35.36198267390369], [139.47874372708603, 35.36198391764365], [139.47874373844954, 35.36198448721367], [139.47879954262598, 35.361972181012824], [139.47874819204992, 35.36199298447794], [139.47874388941221, 35.36199480765019], [139.47873986413126, 35.36199808119441], [139.4787403462189, 35.36199648220901], [139.47874192783377, 35.3619979470263], [139.47874474979608, 35.361997278819345], [139.47874088240155, 35.36199816352832], [139.4787468398417, 35.361998213944695], [139.47874745004822, 35.36200089767773], [139.47873818873686, 35.36199699046233], [139.47873598015684, 35.36198637022885], [139.47873932045624, 35.361981507595104], [139.47873910396746, 35.36197918326309], [139.47874539858267, 35.36197748900845], [139.47873857165305, 35.361977598870475], [139.47873900923787, 35.36197417749243], [139.47874087475236, 35.36197123634014], [139.47874413482575, 35.36197748275204], [139.4787429175135, 35.36197823960351], [139.47874007514653, 35.36198294450307], [139.47874534648562, 35.36198337067958], [139.47874101952766, 35.361989803797314], [139.4787401341512, 35.36199557126791], [139.4787386499213, 35.36199713026731], [139.47873883459638, 35.36199863224948], [139.4787341689575, 35.36200131842979], [139.4787370086339, 35.362003162071865], [139.47873830441242, 35.362002239387216], [139.47874432811167, 35.36200413550231], [139.4787447767591, 35.362006231670854], [139.47874318680462, 35.36200852055629], [139.47874829149904, 35.362005552863856], [139.47874907954673, 35.36200631375858], [139.47875319738662, 35.36200151321933], [139.4787542270261, 35.36200307797463], [139.47880027068604, 35.36197223194828], [139.4787534262087, 35.36200451718824], [139.4787516105016, 35.36200787084645], [139.4788002588203, 35.36197231937771], [139.47880021412337, 35.36197141673843], [139.4788582060123, 35.361980066573956], [139.47895377501376, 35.36202837110033], [139.47892824185007, 35.362125001328636], [139.47891925501148, 35.362262950172536], [139.47893165532062, 35.362374588352324], [139.4789548673535, 35.36242792396329], [139.4789392409344, 35.36255381733614], [139.47894066652344, 35.36267993120421], [139.47894313913477, 35.36282243260405], [139.47894411663847, 35.362975410017626], [139.47894703522698, 35.36314041027891], [139.47895147084904, 35.363312650051164], [139.47894017871582, 35.36345762612741], [139.47894025275286, 35.363600154667694], [139.47893864097927, 35.36379459918759], [139.47893598341173, 35.36399071689404], [139.47893160366615, 35.36417398655122], [139.4789325485996, 35.364382096423945], [139.47892913472057, 35.364584091551095], [139.47892962378288, 35.364784382141345], [139.47892048975913, 35.36499850825577], [139.47891749909508, 35.36520922486565], [139.4789169328091, 35.365413467614715], [139.4789178732742, 35.36556880168186], [139.47892211817648, 35.36566888523897], [139.47891771918103, 35.36582009124257], [139.4789157563046, 35.366006190321364], [139.4789152710859, 35.36619200777227], [139.47891118064297, 35.36636852794405], [139.4789082393886, 35.36650346719954], [139.4789234724723, 35.36663735671309], [139.47893262271637, 35.366778091567255], [139.47892992099315, 35.36689360858025], [139.4789284380094, 35.36704543857489], [139.47894424225666, 35.367108092063425], [139.47894804221465, 35.36725593786192], [139.4789448166275, 35.367392651801794], [139.4789364794029, 35.36756431415196], [139.47893975713637, 35.36775744712215], [139.47892699660974, 35.36795142370354], [139.4789196058383, 35.36816184241829], [139.47891669613557, 35.36837071985189], [139.47891520725634, 35.368601186689276], [139.47891017211938, 35.36881983749903], [139.4789031997355, 35.369035607729465], [139.4788972647946, 35.369255806445146], [139.47889498580037, 35.36937263519249], [139.47889422799122, 35.36948229316021], [139.47889158644935, 35.36959257104739], [139.4788851092051, 35.369746409136155], [139.4788803968352, 35.369856116356154], [139.47887200296336, 35.36996720584418], [139.478863062608, 35.37007587118554], [139.47885451832977, 35.37018235900235], [139.4788434658227, 35.370353414904656], [139.47883206676303, 35.370460299451956], [139.4788139365663, 35.37056909880391], [139.47880492350447, 35.37067730802049], [139.47879686606268, 35.37078624682918], [139.47877845419626, 35.370903708236014], [139.47876457093318, 35.37101494087246], [139.47874558881512, 35.37112905583], [139.4787232995426, 35.37124278024025], [139.47870777239274, 35.371358527788296], [139.47868844210456, 35.371467833156885], [139.47867271635502, 35.37158364482692], [139.4786531040562, 35.37169654163162], [139.47863401043486, 35.37180865112296], [139.47858661954737, 35.37202487241648], [139.47854739752043, 35.37220207135972], [139.4785108118885, 35.372359798417186], [139.47848959466003, 35.37246854777376], [139.47843978603044, 35.37269668777556], [139.47837281531406, 35.37292828129478], [139.4783384210791, 35.373046958248274], [139.47831361867563, 35.37316048886205], [139.47827838883006, 35.373284676373075], [139.4782240758017, 35.37347734330392], [139.47817943063097, 35.37359350506926], [139.47814149812942, 35.373708321926365], [139.47808794409937, 35.373831588844254], [139.47804732052936, 35.37394445117552], [139.47798852598933, 35.374105192854465], [139.47791863969258, 35.374337746304114], [139.4778595783742, 35.374491830158874], [139.47781383309115, 35.37463864107741], [139.47774227948264, 35.37483605039386], [139.47768886302995, 35.37503931484041], [139.4776432644996, 35.37523667086794], [139.47756952971486, 35.37543364185636], [139.47748368756325, 35.37560309646294], [139.47742644134777, 35.37579153898914], [139.47737640815654, 35.37597038911984], [139.47732126332474, 35.37613353930854], [139.4772520063586, 35.37629575937178], [139.47720459039553, 35.37641875631209], [139.47716686535435, 35.3765201788826], [139.47713396603666, 35.37663920448167], [139.47709657451014, 35.376733258947354], [139.4770527993175, 35.376834286052976], [139.47703167307515, 35.37692463132124], [139.47696738632004, 35.37704964576218], [139.47686633378638, 35.377021096311545], [139.4767654811571, 35.37695341881035], [139.47663367990802, 35.376879286737676], [139.47648708356348, 35.376781009625496], [139.47632195994163, 35.37666751888951], [139.47613689760587, 35.37655256145773], [139.47596216506486, 35.37643380122404], [139.4758041005442, 35.37630555944235], [139.47565598123427, 35.376173576759825], [139.47551337286828, 35.37605492245629], [139.47542299126434, 35.37597407784648], [139.47529465885736, 35.37588714301811], [139.4751374849533, 35.375872435067734], [139.47500705751986, 35.3757976668928], [139.474900868572, 35.375708857766234], [139.47483093140883, 35.37559950912599], [139.4747286155427, 35.375665649221325], [139.47464943659384, 35.375742774190364], [139.4745599540852, 35.37582374932515], [139.4744494371666, 35.37590315388663], [139.47432209266034, 35.37595875639438], [139.4742026478107, 35.37601960234016], [139.4741235058641, 35.376108146868575], [139.47409329658717, 35.376211042712306], [139.47409907309242, 35.37631903136319], [139.47413076871314, 35.3764675201561], [139.4741829295526, 35.37658004454652], [139.47418445819494, 35.37669297135205], [139.47408860117199, 35.37674500452487], [139.47397231813366, 35.37679682574], [139.47385168231435, 35.376844092094245], [139.47373434218392, 35.37688722897711], [139.47362439776043, 35.376929551441805], [139.47348061003643, 35.376988708937056], [139.4733950674961, 35.37706261222757], [139.47327415065, 35.377123205341924], [139.47314837673466, 35.377139044079996], [139.47308313391892, 35.37710194038205], [139.47312126797243, 35.37699315310261], [139.4731629628864, 35.376872206325565], [139.47321260451864, 35.37672572524748], [139.47326704404293, 35.37657484417806], [139.47331584871446, 35.37643247764345], [139.47336274426618, 35.37628350812123], [139.47341701407873, 35.37613777319204], [139.47346533883342, 35.3759843179054], [139.4735233623903, 35.37584397620329], [139.473607529609, 35.37568579778768], [139.47372474156035, 35.37552098059683], [139.47381642178436, 35.375345171034155], [139.47391991831995, 35.3751711942714], [139.474019687187, 35.37500382669926], [139.47413607354713, 35.37481972687989], [139.47424962916747, 35.3746425685566], [139.47434975619683, 35.37445556975545], [139.47444604891916, 35.374274183295896], [139.47454560644474, 35.374101487581406], [139.4746479650451, 35.373926971314646], [139.4747280985749, 35.37374374144363], [139.4747941796464, 35.37355596193486], [139.4748532212294, 35.37336711239805], [139.47491100783435, 35.37318833775255], [139.47495819830257, 35.373008094067934], [139.474988283226, 35.372839329289555], [139.47500684863485, 35.37266810616608], [139.47500398379879, 35.37255418451867], [139.47501099805578, 35.37241193473225], [139.47504730516962, 35.37227789783876], [139.47514052070736, 35.372125890255084], [139.47521081904134, 35.37202123035871], [139.47530682494528, 35.37189025290925], [139.4754304591332, 35.37174140005314], [139.47550300339873, 35.37162807735972], [139.4756219196227, 35.37146594245548], [139.47571236686898, 35.3713622646541], [139.47578728261908, 35.371271241022356], [139.47587806568714, 35.371175898036704], [139.47598556383502, 35.37106953408706], [139.4760756705001, 35.37093814890543], [139.47611997109564, 35.37080109008811], [139.47613302160707, 35.37062762243757], [139.47614168764036, 35.37054277874436], [139.476142551967, 35.37037028689402], [139.47615749031328, 35.37019322990742], [139.4761775635284, 35.36999717845896], [139.47620877577094, 35.369866089316965], [139.47626535003192, 35.36971847029017], [139.47630688339729, 35.36957655242717], [139.4763176189272, 35.369428114418355], [139.47632601150835, 35.36927897265109], [139.47632891148547, 35.369138303777405], [139.47632837962007, 35.368988962761485], [139.47635122366626, 35.36884454492364], [139.47636522970913, 35.36869124842349], [139.47638938571473, 35.36853520830779], [139.4764114107286, 35.368381725361985], [139.47643393205226, 35.368218272281744], [139.47643514225527, 35.3680637764468], [139.47643836145724, 35.36790644791198], [139.47643307882512, 35.36776466243421], [139.47643075570923, 35.36763688647157], [139.47643723527614, 35.36750220560839], [139.4764262005532, 35.3673688846359], [139.4763960993335, 35.36724159948904], [139.4763396341504, 35.36711357242033], [139.47627154692046, 35.36698077189212], [139.47620010407343, 35.366863251355674], [139.47613533754998, 35.36676982518921], [139.4760297052658, 35.366688278695534], [139.47592106434243, 35.36676224066242], [139.47580879391865, 35.36687754495235], [139.47572042901186, 35.36695055396353], [139.47563065268665, 35.36705319426507], [139.47555289920615, 35.367149932181604], [139.47548163878204, 35.36723688959225], [139.4754101154051, 35.367347137727386], [139.4754270783146, 35.36731837794542], [139.47550930767994, 35.36726978690974], [139.47557332661307, 35.36718395349601], [139.47565449533454, 35.36708230362773], [139.475747544859, 35.366985217873065], [139.47584137331808, 35.366888546849324], [139.47593499402512, 35.36679033142153], [139.47600475284455, 35.36669314583455], [139.47603460982276, 35.36660598690342], [139.47598712714196, 35.3665216258476], [139.47591206192868, 35.36642609144258], [139.475798621934, 35.366283008347445], [139.47568384998584, 35.36614408378305], [139.47561690040803, 35.36606432331697], [139.47547527217418, 35.36594198967296], [139.47534833747167, 35.36582081851372], [139.47523301009207, 35.365721074864524], [139.4750856549047, 35.365609370674925], [139.47495989168632, 35.365503176155705], [139.47483416032375, 35.36540049322689], [139.47473884161715, 35.36532707529344], [139.4746121187081, 35.36521077454302], [139.47449291974087, 35.365085551751264], [139.47436983753806, 35.36496434999805], [139.47425084750336, 35.36483858794788], [139.4741289121915, 35.36472210724438], [139.4740086302953, 35.364618975477306], [139.47387689043805, 35.36451194697567], [139.47377758718704, 35.364449614544114], [139.47360610276834, 35.3643949730161], [139.47347345097106, 35.3643931734214], [139.4733306075498, 35.36439250631533], [139.4732201541006, 35.364399778844486], [139.47307951208253, 35.36440562109962], [139.47293373230318, 35.3643968137559], [139.47283232820493, 35.36439878177828], [139.47280583408454, 35.364497078038696], [139.4727996611424, 35.36461603703418], [139.47279880116355, 35.36477830738206], [139.4727863124783, 35.36489826090952], [139.47278534643536, 35.365091904945125], [139.47276903532202, 35.365286777338014], [139.47276104757648, 35.365392736487024], [139.47274504494658, 35.365595826121606], [139.4727272419968, 35.365799452032746], [139.47271762236417, 35.365952932238905], [139.47270711171257, 35.36613752993425], [139.4727044159751, 35.36630814274099], [139.4727022666888, 35.36642226234824], [139.47270313348236, 35.36658501409583], [139.47270508875368, 35.366730160955306], [139.47269021781997, 35.36686195358872], [139.47268730645962, 35.3669773746333], [139.4726857615774, 35.36710130285277], [139.4726807822786, 35.367191659790066], [139.4726840408792, 35.36729850673155], [139.47267573671814, 35.36744303581345], [139.4726748986124, 35.367593171871626], [139.47267945470932, 35.367699128449765], [139.47268552873282, 35.36787212806086], [139.47269581767566, 35.36805545589898], [139.47270037294956, 35.36823324848629], [139.47270157996567, 35.36837997819649], [139.47269891901556, 35.368518895906455], [139.47269155273545, 35.36871660505233], [139.4726759057574, 35.36891272695763], [139.4726701385131, 35.369116687620064], [139.47266842382237, 35.369325297947775], [139.4726671591794, 35.369537929086306], [139.47265831181633, 35.36971257184087], [139.4726470637701, 35.36982597981687], [139.47262915389945, 35.369936447892876], [139.47260668700937, 35.37004695234825], [139.472581442876, 35.37015918337491], [139.47255390023648, 35.37026830257918], [139.47251684167657, 35.37038049459644], [139.47247791430192, 35.370489902100765], [139.47243680449736, 35.37059536918811], [139.4723910267033, 35.370704977644785], [139.47234329821293, 35.37081534524517], [139.47228734639145, 35.37092409726622], [139.47222334325113, 35.3710303388842], [139.4721603954325, 35.371139096475154], [139.47209540074445, 35.371243967259375], [139.47202406523854, 35.37134858404206], [139.47194516801991, 35.37145384903883], [139.4718655776872, 35.371546668288815], [139.47177760419515, 35.371646686150896], [139.47164321437296, 35.37179672010374], [139.47156399323265, 35.37190044871939], [139.4714806203279, 35.372000990823395], [139.47140819620412, 35.37209687270284], [139.47128761845656, 35.372235174047084], [139.47120741729537, 35.37233900805184], [139.47112792168352, 35.37243675406858], [139.47103912788126, 35.37253703015916], [139.47095185658424, 35.37264241731883], [139.47087054715044, 35.37273976900158], [139.47076951074, 35.37283626523034], [139.47066673314842, 35.3729540649796], [139.47058365572792, 35.37305829190319], [139.47049504697495, 35.3731602004608], [139.47041432626747, 35.37326471229478], [139.47032943023774, 35.37336163694397], [139.47024420186466, 35.37346047234484], [139.47012841014387, 35.37362231192864], [139.4700483892226, 35.37371833174199], [139.46996929582784, 35.37380725791488], [139.46989450744272, 35.37389514369312], [139.46977883536317, 35.37403199436556], [139.46969679374598, 35.37412694451339], [139.46961800031735, 35.374227088112164], [139.46954244500478, 35.37432069801671], [139.4694606846536, 35.3744160291518], [139.46929997992916, 35.37460308885296], [139.46917445863863, 35.37475083317769], [139.46909086526165, 35.37484322501825], [139.46901592076063, 35.374941318401255], [139.46893666996775, 35.375022943756115], [139.46886898509004, 35.37511652600032], [139.46879024553346, 35.37520254010669], [139.46871140063118, 35.37529699229106], [139.46861157239525, 35.37541020347288], [139.46850098965575, 35.375542307420915], [139.46839598850784, 35.37564189775124], [139.4682749135655, 35.37561561810865], [139.46819475285312, 35.37552519784727], [139.46813394817417, 35.37540546814647], [139.4680453596184, 35.375275379696696], [139.46796465581954, 35.3751362714705], [139.4678654406268, 35.374985246641565], [139.46778899925403, 35.37482553401379], [139.46772652851925, 35.374709925469844], [139.4676396337657, 35.37455955293837], [139.46754813361648, 35.37441379726036], [139.46747041236347, 35.37426063279344], [139.4673785731108, 35.37410152636073], [139.46729624171314, 35.37395631109475], [139.46724726069968, 35.37385434868262], [139.46715687652653, 35.37374912077048], [139.46711062966557, 35.373656239396055], [139.46707778125227, 35.373563965048696], [139.4670471297584, 35.373451076909944], [139.46697859327682, 35.37331687648921], [139.46691263697014, 35.373161660964946], [139.46683724914175, 35.37300106633767], [139.4667562501854, 35.37283878161264], [139.46668024352275, 35.372653400353414], [139.4666149568455, 35.372474868164446], [139.46654527501545, 35.37230094531714], [139.46647972378568, 35.37212674499122], [139.4663799471185, 35.371950468858174], [139.4662615320867, 35.371791660485734], [139.46616758019454, 35.371679642171145], [139.4660419204572, 35.37152606221081], [139.4659412004474, 35.371382422510486], [139.46585007055282, 35.37123118534023], [139.46575840422642, 35.37107640129228], [139.46567918522936, 35.37093652317648], [139.46560845302537, 35.3707970780389], [139.46554351264282, 35.370686532815746], [139.46553197425132, 35.3705893909782], [139.46562390009524, 35.37053599564062], [139.4657246019252, 35.37048595990541], [139.46583693927542, 35.370429320213034], [139.46600376993584, 35.37034075225744], [139.46609362735754, 35.37029386315651], [139.46624047953057, 35.370221899228504], [139.46636903509088, 35.37016083591607], [139.46642193535965, 35.37008244150531], [139.4664342160233, 35.370028154683354], [139.466423229508, 35.37010026755519], [139.4665651637956, 35.3701606094773], [139.4667101081165, 35.3701446401367], [139.466790240636, 35.37005776076311], [139.4668489123379, 35.36993162093528], [139.46691562886303, 35.36983123607709], [139.46698235402351, 35.36973074361004], [139.46704440285873, 35.36962634296944], [139.4671017833713, 35.36952642034384], [139.4670325240874, 35.36947086973627], [139.46689502798884, 35.36949761118563], [139.46676732449833, 35.369495098402375], [139.46663175976153, 35.36948714416047], [139.466510191291, 35.3694568025666], [139.46641083164994, 35.369386126690756], [139.46638499476194, 35.369275850645934], [139.46649364094418, 35.36925464104945], [139.46659370798082, 35.3693198632692], [139.46670362525168, 35.36938609024225], [139.46683165404713, 35.36938000234919], [139.46699822892722, 35.3693726064153], [139.46710117916408, 35.36942203963635], [139.46715442464907, 35.369494441045866], [139.4672716282359, 35.36953803756899], [139.46740730418966, 35.36959620576861], [139.4675431388422, 35.36966750624674], [139.46769653983395, 35.369729555883254], [139.4678649077491, 35.36978349981252], [139.468031903201, 35.36983989369783], [139.4681956313657, 35.36987035242889], [139.46836760036933, 35.369883650993415], [139.46850681852322, 35.369891662208396], [139.46863446711504, 35.369866930363294], [139.4687612060429, 35.36984891132432], [139.46892443901424, 35.36980602424689], [139.4690513723307, 35.3697324615294], [139.46917642652753, 35.36964322817963], [139.4693205944294, 35.3695457081903], [139.46948113959806, 35.36946727303517], [139.4696453795366, 35.36940807294416], [139.469811257618, 35.36934695449674], [139.46996687698353, 35.369270003713275], [139.4700599032615, 35.369187998319475], [139.4701913920977, 35.369080169454506], [139.4703354978395, 35.36899146145201], [139.47050835152058, 35.368902432420334], [139.4706894675542, 35.368803847174135], [139.470884900311, 35.36872136050819], [139.47106883843347, 35.36863779207552], [139.47118262965708, 35.36858827263528], [139.47135265140426, 35.36849151421009], [139.47149379485614, 35.36836315133577], [139.47160663297092, 35.368227842119396], [139.47172160871114, 35.368097364087724], [139.47186342639864, 35.36798955896237], [139.47201920707718, 35.367894544061826], [139.47215918556967, 35.36780749772506], [139.47226904613015, 35.367712555029655], [139.47237240286918, 35.36762934640552], [139.47248684737272, 35.36754798496646], [139.47262979510865, 35.36751083039598], [139.4727041299762, 35.367424784679436], [139.47273326351618, 35.36730489707107], [139.472728337715, 35.3671439745634], [139.47273147165797, 35.366974532218244], [139.4727296120342, 35.36678358426679], [139.4727359761288, 35.36659313759014], [139.47274176388308, 35.36639689434643], [139.47275419138546, 35.36620326675377], [139.4727605846647, 35.36601186246936], [139.4727723729581, 35.3658333922618], [139.47278651148957, 35.365697939415185], [139.47280828032677, 35.36554717379444], [139.4728185079271, 35.36538556675266], [139.47282306656595, 35.3652266493253], [139.47283300126043, 35.365071045322196], [139.47283521513236, 35.364920187815244], [139.4728340444344, 35.364764853585065], [139.47284647959125, 35.36464360024598], [139.47284103382194, 35.36455873750637], [139.47284633482957, 35.36444901769196], [139.4727564345497, 35.364380796894], [139.4726229546696, 35.364362155722205], [139.47245700088865, 35.36434986881021], [139.4723936950893, 35.36443993021931], [139.4723878172529, 35.3645483815596], [139.47237226468718, 35.36464731483971], [139.4723601015305, 35.3647692180948], [139.47235038676072, 35.36489157328116], [139.472336290622, 35.365015826263885], [139.47230902512473, 35.36511039322479], [139.47217479395553, 35.36512363363922], [139.47202759594344, 35.36511815296108], [139.47196225062783, 35.36519018854788], [139.4719049568109, 35.36531390287798], [139.47183429237964, 35.36542498598724], [139.471754944726, 35.36554550523673], [139.47167565557987, 35.36566726079363], [139.47160089329375, 35.36578595530689], [139.47155515481154, 35.365891950240915], [139.4715474428777, 35.36600617157611], [139.47154875946114, 35.36614105968616], [139.47155266853602, 35.36628024327203], [139.47154963242747, 35.366407715024174], [139.471552901449, 35.366550770237296], [139.47155740610464, 35.3666839663542], [139.47154862883713, 35.36682435227785], [139.47155015836128, 35.36696490710117], [139.47155164979768, 35.367103744473845], [139.47154715121076, 35.367232659324195], [139.4715401375067, 35.36734160764021], [139.47154962962242, 35.367464299051115], [139.47155001504677, 35.36758108174958], [139.47155444173555, 35.36767964038302], [139.4714951916775, 35.36775278332399], [139.47143213134188, 35.36783651772652], [139.47136289362936, 35.36792311302567], [139.47130363546805, 35.368012837821645], [139.47121790256818, 35.368119888037576], [139.47111118458704, 35.36817423725083], [139.4709844170694, 35.36822286419054], [139.47084109549598, 35.36828067872618], [139.47069758603214, 35.36835183207959], [139.47057550871835, 35.36841746831722], [139.47045641863085, 35.36846736445425], [139.47041125387491, 35.368547480714554], [139.47049502439145, 35.368650836682164], [139.47057413583553, 35.368748639954326], [139.47065946366592, 35.36880243143137], [139.47079669853125, 35.368788511647665], [139.47085223913768, 35.36886954121266], [139.47092102812218, 35.36895044304459], [139.47097747714187, 35.369032471430536], [139.47106005835602, 35.369113391203356], [139.47112337833275, 35.369225734674444], [139.47118325101707, 35.36934455707148], [139.4712536399593, 35.36946337981095], [139.47131359778206, 35.36957542278537], [139.47136324885616, 35.36967233737809], [139.47144551660858, 35.36975836819762], [139.47154317457856, 35.36983057247512], [139.47163588923195, 35.369896676810946], [139.47173350911456, 35.36995767626584], [139.47184426503114, 35.36997765830889], [139.47192130761394, 35.36991022034149], [139.47200068956727, 35.36982867958911], [139.47209567443937, 35.369751757583835], [139.47219026977834, 35.36967251670655], [139.47227883030973, 35.369588223883106], [139.4723732897471, 35.36951209876628], [139.47247200398826, 35.36942901217196], [139.47257872936976, 35.36938781254881], [139.47263581672186, 35.369415656282484], [139.47264759554304, 35.36952390906513], [139.47264086756678, 35.369647180272494], [139.47262488864047, 35.36982130018574], [139.47259477306315, 35.37001004805748], [139.47256050672289, 35.37016729087916], [139.4725356745119, 35.370274955980236], [139.47250067525837, 35.370380147931], [139.47246042286113, 35.37048485619928], [139.47242452635743, 35.370593407715276], [139.47237351151693, 35.370696679184555], [139.47231670199267, 35.370799808542834], [139.47227202229791, 35.3709139354626], [139.47221888124787, 35.371019125394334], [139.47215058251066, 35.37112732191928], [139.47208198655997, 35.37122961170275], [139.47200430473893, 35.37133567623757], [139.47192738934046, 35.37144114697124], [139.4718509564215, 35.37154456560513], [139.47173477947177, 35.3716854818591], [139.4715747747853, 35.371883317503965], [139.47144876655622, 35.372040685196616], [139.47137444527937, 35.37213162606486], [139.47130080977442, 35.37222555712677], [139.47118508294884, 35.372351684584096], [139.47111376986246, 35.37244068053245], [139.4709637494291, 35.372625399289475], [139.4708292064157, 35.37279600523733], [139.47070710718475, 35.37296630016315], [139.47055468059438, 35.373128213554395], [139.47041239113983, 35.373296479677514], [139.47028362181953, 35.373458177602984], [139.47016190817632, 35.37361833140619], [139.47002370676148, 35.37378448623861], [139.46988776547207, 35.373955107153286], [139.46974419529266, 35.37411275944357], [139.46959511836806, 35.37426550016059], [139.46944709739276, 35.3744411602704], [139.4692836125526, 35.37461889038466], [139.46920172267605, 35.37471049203469], [139.46911882143172, 35.37480625611593], [139.46903148082947, 35.374902873626056], [139.46894688897513, 35.37499559814834], [139.46879215351717, 35.37519075038259], [139.46871833947145, 35.37528584395592], [139.46864366878967, 35.375370750466146], [139.4685697130398, 35.37546306407704], [139.46844090943335, 35.37562389049013], [139.4683704482805, 35.37572972018392], [139.46832794165925, 35.37582850132575], [139.46838817045762, 35.37591301171389], [139.4684960991595, 35.375967320449064], [139.46858816914053, 35.37599271774582], [139.46873336810188, 35.37603099325828], [139.4688855392926, 35.37607574073129], [139.4690419582579, 35.37614246874562], [139.4690269986674, 35.37622763057329], [139.46897084418788, 35.37634326778083], [139.46892631118973, 35.37645558632913], [139.4688777446206, 35.37656855991569], [139.46883699409213, 35.37668389235846], [139.46873242551345, 35.376679297194755], [139.46859463802417, 35.376651334349226], [139.46846388059052, 35.3766216465704], [139.46835031693422, 35.376663282977994], [139.46830350664982, 35.376763162004195], [139.46826194760052, 35.37689082685923], [139.46821159020158, 35.377034643639384], [139.46814902732703, 35.377184456712854], [139.46808648505032, 35.37733479990872], [139.46802261970748, 35.377494413264365], [139.46795943393687, 35.377658838856526], [139.46789956156093, 35.37782296798944], [139.4678599105735, 35.377963881901486], [139.46779979050797, 35.37809651112775], [139.46783368064416, 35.37818865032733], [139.46792925967313, 35.37822704765785], [139.46810621516244, 35.37826686088813], [139.46827813151626, 35.3782988171589], [139.46840843793632, 35.378340220051065], [139.4685952523418, 35.37839641739998], [139.46878502592176, 35.378453843972125], [139.4689872780356, 35.37850668133638], [139.469199530959, 35.37856107077083], [139.4694094064524, 35.378617070430124], [139.46961597900292, 35.37867109548638], [139.4698153707685, 35.37871620413362], [139.47001447237201, 35.378757298392436], [139.47018601503552, 35.37880468749452], [139.4703647706399, 35.37885120424306], [139.47053494156282, 35.37890487390014], [139.4707285092727, 35.378947479497825], [139.47092466881213, 35.379002273061054], [139.47113646403807, 35.379044875845075], [139.47135210776258, 35.37908314628786], [139.4715515344145, 35.37911944220259], [139.4717397881806, 35.37916183264805], [139.47186349847001, 35.379185788870046], [139.47199635258602, 35.37919912427519], [139.4719408966356, 35.37915077394896], [139.47180673080084, 35.37914003447238], [139.47162275512358, 35.37911589574197], [139.47144001301055, 35.37907929312971], [139.47129587956013, 35.37905494624055], [139.47112654525745, 35.37901856410162], [139.4709883551728, 35.37897866591816], [139.47085659766955, 35.37894149890589], [139.47073408381797, 35.378910647059264], [139.47060285853607, 35.37887656329418], [139.47041541368938, 35.37882888417687], [139.4702129392335, 35.37878641891849], [139.470013713568, 35.378737439091594], [139.46981800360797, 35.37868946706542], [139.4696317182174, 35.37863131266145], [139.46945629136917, 35.37857852208085], [139.46928273587528, 35.37852425490348], [139.46914434366792, 35.37848957929273], [139.46892306749106, 35.378444504357034], [139.46874130051884, 35.37840051686573], [139.468560755122, 35.378348668459125], [139.46842329658392, 35.378312307451466], [139.4682397721593, 35.3782700423688], [139.46809535939224, 35.37823262287999], [139.46797306199215, 35.37820053187324], [139.46785952451975, 35.378173413690185], [139.4677693884889, 35.37818426108012], [139.467736989612, 35.37828324416076], [139.4676924851211, 35.37840095862103], [139.46762965417173, 35.3785406321593], [139.46758373390938, 35.37865959077338], [139.46755429917775, 35.37874445776105], [139.4675200906245, 35.3788602912438], [139.4675005970946, 35.37894170948183], [139.46744080815648, 35.379056001538686], [139.46738615365297, 35.37916377629269], [139.46733589859437, 35.37929648998228], [139.46729838500585, 35.37940171583821], [139.46728733866277, 35.37948669762423], [139.46724027755195, 35.37960015765823], [139.46716228127414, 35.37976325333984], [139.46710681809313, 35.379902328561585], [139.4670672638276, 35.37999853350136], [139.4670367748512, 35.38009936489046], [139.46700170399558, 35.38019185722944], [139.46696035818854, 35.38029616505261], [139.46691703652007, 35.38039928104003], [139.46688846142376, 35.380507846735306], [139.46684769350455, 35.380610832580444], [139.46689243529252, 35.38071840305432], [139.46707515309942, 35.380760779064246], [139.46726846273413, 35.38082240522178], [139.46746688399926, 35.380878400837695], [139.46768941609082, 35.38094707512069], [139.46779389365415, 35.38098397178997], [139.4679624540289, 35.381044126667206], [139.4680749350595, 35.38108998902474], [139.46818378315874, 35.381143410680586], [139.46829272448375, 35.38119679536191], [139.46839823337936, 35.38125996038718], [139.46850343285703, 35.3813221828717], [139.46860322349733, 35.38139456450263], [139.4686983152577, 35.38146429819713], [139.4688412643376, 35.38156698836328], [139.4689996269593, 35.38168101538749], [139.4691508491252, 35.381776342573374], [139.46923914437758, 35.381814283318946], [139.46937418410252, 35.38185253997806], [139.46953372938728, 35.38187363803756], [139.46971478938283, 35.38186836159285], [139.46989959580418, 35.38184290941391], [139.47009404061063, 35.38181625799806], [139.47030384850785, 35.38178215235628], [139.47050699349577, 35.38174825223102], [139.47068991856736, 35.3817192437705], [139.47085125880545, 35.381724651303564], [139.47099086493844, 35.38177520753308], [139.47107693270428, 35.38187210482339], [139.47109458028928, 35.38199986236227], [139.47106384642956, 35.38213728405553], [139.4710226480761, 35.38227935145457], [139.47096303598462, 35.382444481776716], [139.47088949015344, 35.38258639161736], [139.47079598120587, 35.38273704164578], [139.47073167546716, 35.382873049816645], [139.47068292434327, 35.38301977244437], [139.47063380755296, 35.38315113854293], [139.47056369813905, 35.383274277947514], [139.47044546148516, 35.38332060030457], [139.47032618911246, 35.38343531729957], [139.47023312847267, 35.383557810224964], [139.4701674601639, 35.38368787811323], [139.47013030445254, 35.383817633941256], [139.4701441147378, 35.38394567045681], [139.47016170674178, 35.384074380456404], [139.47010714284266, 35.38417833234052], [139.47003973534189, 35.38428180446219], [139.47002811676504, 35.38427482758835], [139.4700915504248, 35.384356133351], [139.47020430799546, 35.384366439162726], [139.47016974581442, 35.3844860543722], [139.47011931263518, 35.38457845304043], [139.47005682553979, 35.38467947004768], [139.46996807558963, 35.38479656636698], [139.46990426982578, 35.38490872420236], [139.46983411629833, 35.385021059991864], [139.469794567209, 35.38509868738868], [139.46973762321696, 35.38519794633763], [139.46971301100982, 35.3853296370668], [139.46972170351066, 35.38535578953974], [139.46975885284004, 35.38526485878252], [139.4697869125592, 35.38517191038998], [139.46983918877945, 35.38507391512963], [139.46991059541446, 35.38495196689441], [139.46996905107923, 35.38485284290155], [139.4700183893817, 35.38474666436664], [139.47009522772362, 35.38465946682044], [139.4701521878118, 35.38456804178504], [139.47021213883534, 35.38446552226868], [139.47016881002838, 35.38437001578157], [139.47005619581518, 35.38434639559153], [139.4699404347103, 35.384429991736894], [139.46985098979053, 35.384520041302636], [139.46974068728073, 35.3846114239529], [139.46963147026528, 35.38470349176374], [139.46956613954768, 35.38480649791857], [139.46950462867906, 35.38490788109526], [139.4694482352633, 35.385018056672784], [139.4694390197266, 35.3851388083521], [139.4694144964865, 35.385247684364636], [139.46939905004777, 35.38534718158565], [139.46938906091424, 35.38548587543029], [139.46940348324475, 35.38558524838257], [139.46944650353024, 35.38567223950939], [139.46954349076287, 35.38572455806196], [139.46965678489178, 35.38576360504518], [139.46976936401268, 35.3858063663127], [139.46985688085746, 35.38590074124836], [139.4698393945712, 35.385988461229], [139.4697992264406, 35.386077392951684], [139.46975065878613, 35.386144834959836], [139.4697306879337, 35.386208236914904], [139.4697268396075, 35.38632388025874], [139.46984210712694, 35.38641363110659], [139.46993509303758, 35.38641267975583], [139.47005699354844, 35.3864428263926], [139.47019781388275, 35.386467113317615], [139.47035871640855, 35.38650714287049], [139.47054498115855, 35.38655025666977], [139.47075790971, 35.38660491461173], [139.4708755474758, 35.386637485095584], [139.47110747057775, 35.38669705710108], [139.4713377858522, 35.38676896110632], [139.471550931929, 35.38684480016045], [139.4717627645291, 35.386935946464455], [139.47186325271943, 35.38697867061854], [139.47198272865577, 35.38702417891396], [139.47219803191908, 35.38710550186602], [139.47240605889152, 35.387176030246685], [139.4725892212549, 35.38722729869978], [139.472776611513, 35.387238158827486], [139.47285908534184, 35.387210117452], [139.47298461109006, 35.387183095551805], [139.47313782500936, 35.387156254138546], [139.47326102720257, 35.38712841336047], [139.47337769003784, 35.387108376545804], [139.47350305993405, 35.38708193394009], [139.47359522843144, 35.38705783573563], [139.47365938243223, 35.38698700942165], [139.4737170729935, 35.386871842224274], [139.4737625207333, 35.38672154997316], [139.47379469164525, 35.386637965546285], [139.47383055226248, 35.386543892950606], [139.47388722924393, 35.38637425568816], [139.4739509281918, 35.38620672122626], [139.4740177017765, 35.3860361457947], [139.4740730600065, 35.38586913371841], [139.4741288641638, 35.38570040239189], [139.474180859341, 35.38553716453849], [139.47423593287527, 35.38537954141283], [139.4742851466051, 35.38522345094487], [139.47433388064798, 35.38506409044102], [139.47438503646254, 35.38495449465508], [139.47438699083284, 35.38484929841424], [139.47441808361577, 35.384784976089456], [139.47445753789745, 35.38466938030454], [139.47450588236197, 35.38452868887033], [139.47455415960744, 35.38439676265696], [139.47460879332843, 35.38425412164435], [139.47465328839786, 35.38414130796445], [139.47468751546884, 35.384038002315314], [139.47472334136611, 35.38394169824212], [139.47475911278562, 35.38382116771721], [139.47481063369318, 35.38368520734935], [139.47485918951796, 35.38354445502237], [139.47490161301957, 35.38340250771084], [139.4749490152286, 35.383268616630495], [139.47499502443836, 35.38314329486796], [139.47503548347152, 35.383023705857475], [139.47508175253577, 35.382906381679376], [139.47512214985755, 35.3827890909782], [139.47516467965028, 35.38266190844304], [139.47519954713886, 35.3825326017794], [139.47526628693583, 35.382384499282885], [139.47531198627127, 35.382250501572955], [139.47536456362286, 35.382124433411036], [139.4754090240988, 35.38198712252486], [139.47545156602726, 35.381854318558865], [139.4755007322793, 35.381725376155096], [139.47553712077976, 35.38160400580363], [139.47557428072273, 35.38148165106222], [139.4756012905822, 35.38137135880009], [139.47564602878987, 35.38121381922892], [139.47569712981425, 35.381115700344345], [139.47573242359974, 35.38100813200525], [139.47577781482818, 35.38088140715934], [139.47583545287884, 35.380748851552525], [139.47588792575954, 35.38060718174095], [139.47593326664082, 35.3804460319811], [139.4759866901819, 35.380278828164506], [139.47603755293477, 35.38009851292636], [139.47609478203523, 35.37992572382015], [139.47616964264154, 35.37976366236028], [139.47623443197875, 35.37959978807746], [139.4762871372255, 35.37944908116632], [139.47633566590181, 35.3792612853571], [139.47639260944223, 35.3790812374419], [139.47645663413795, 35.37891409759834], [139.4765118467623, 35.378723054253655], [139.47656554651016, 35.37855252129481], [139.47660681225943, 35.378401440866895], [139.4766656309206, 35.37824396357178], [139.47672438129962, 35.37807114755349], [139.47679702210877, 35.377884336017694], [139.47686954865557, 35.37770353904949], [139.47693640125001, 35.37750733959327], [139.47700181443292, 35.37729459479298], [139.4770680008721, 35.377095304095306], [139.47714042373568, 35.37690385607712], [139.47720525760454, 35.376702623206164], [139.477262185529, 35.376550781513984], [139.47728577768095, 35.37643569170847], [139.477333643344, 35.37628058490245], [139.47736776938754, 35.37617538499402], [139.47745470572391, 35.37595164335606], [139.4775232219863, 35.375737892872024], [139.47758138588574, 35.375524787710184], [139.4776545949415, 35.37531017960624], [139.47769959798978, 35.37520658343544], [139.47774915355436, 35.37509587017002], [139.4778203493447, 35.374892405098606], [139.47786916513337, 35.37474111113033], [139.477923110478, 35.3745784739411], [139.47795774118254, 35.37447576942914], [139.47799028209337, 35.37437410267591], [139.47804027756158, 35.37421284842625], [139.47811743568732, 35.374077451592576], [139.47820986110338, 35.3740866299167], [139.47830038898056, 35.37414607398354], [139.47841291569148, 35.3742032279068], [139.47854196667313, 35.374259459140724], [139.47866786481646, 35.3743126864352], [139.4787883933149, 35.374388061735395], [139.4789220320023, 35.37445452821474], [139.47905438141336, 35.374509048056495], [139.47908751317726, 35.37454634377689], [139.47900757458987, 35.37448507024909], [139.47893409480753, 35.3744493293837], [139.47880082318466, 35.37439915330432], [139.47863518972056, 35.37433503670483], [139.47847881874603, 35.37426645469014], [139.47834929808675, 35.3742074230355], [139.47820547627884, 35.374129246428794], [139.47811854122364, 35.374078371596326], [139.47811843874658, 35.37397600523814], [139.4781699122692, 35.37383145080962], [139.47822878725842, 35.37365724578888], [139.47829013146688, 35.37345199867327], [139.47831770304333, 35.373348278387624], [139.47834648730756, 35.373230888543816], [139.47838466845388, 35.37311738116284], [139.47842076566084, 35.37300477905369], [139.4784579645546, 35.37289338462038], [139.4784991596991, 35.37277440473174], [139.4785298410372, 35.372659496320544], [139.47855775429187, 35.372545250496536], [139.4785879304625, 35.372430245479016], [139.478647814221, 35.37220701389042], [139.4786937417973, 35.37199093886577], [139.4787413027765, 35.37179038498882], [139.47878211380925, 35.371601958884995], [139.4788148678041, 35.37142952040755], [139.47883369794204, 35.37128657266795], [139.47883774179095, 35.37117140315854], [139.47885359622774, 35.37103345405463], [139.4788528831819, 35.370956420714], [139.47886607202489, 35.370838101345925], [139.4789497865606, 35.37074671177182], [139.47905260992783, 35.370703144731834], [139.479187325236, 35.3706726319647], [139.4793488087664, 35.37065249057543], [139.4795350503191, 35.37063389422598], [139.47966270707957, 35.370615183637014], [139.47981531625317, 35.37060284265753], [139.4800197171654, 35.37058472589945], [139.48021918580278, 35.370564174885764], [139.48040183250214, 35.37054091133565], [139.48058523537904, 35.3705140081782], [139.48077743642662, 35.37049484936585], [139.48086931893786, 35.37048116825776], [139.48105162618745, 35.370467596999816], [139.48123673774788, 35.37046365998908], [139.48140853766517, 35.37045185383498], [139.48157676176214, 35.37043491952923], [139.48174725540142, 35.370411746868456], [139.4819258380134, 35.3703997740429], [139.48210706268247, 35.37038765225119], [139.48227433023763, 35.37037708677069], [139.48242666177796, 35.370353187704396], [139.48256554559663, 35.37034545153019], [139.48270773312066, 35.37033450713057], [139.48285400106417, 35.37032902144064], [139.48298581877165, 35.37031973649159], [139.48315300020676, 35.37031670791578], [139.48330124283171, 35.370292189607966], [139.48331924219607, 35.37023193308324], [139.48329295212724, 35.37011433918156], [139.4832630528199, 35.369964816171276], [139.48323726996162, 35.36984332493334], [139.4832089392538, 35.36970097511293], [139.48316696268355, 35.36953036592737], [139.48311974125866, 35.369359773839776], [139.48308318648003, 35.36918149784826], [139.48304324169203, 35.369024480011824], [139.482999617441, 35.368882468538395], [139.4829670900655, 35.36877238253412], [139.48294026848612, 35.36865075271295], [139.48289746750734, 35.36856791527977], [139.48286596273377, 35.36846238941175], [139.48283843211408, 35.36833814109871], [139.48281511889658, 35.36821025445312], [139.48278544394194, 35.36809079684276], [139.48276440448308, 35.36797863224988], [139.4827297537653, 35.367871961629554], [139.4826438280563, 35.36779897029497], [139.4825078222485, 35.36779528391633], [139.48239355258164, 35.367811567308195], [139.48222475891993, 35.36783323171166], [139.48204319622013, 35.36785601154691], [139.48186957854978, 35.36788196030501], [139.48168254127762, 35.36790921360894], [139.48150492054106, 35.36793742357267], [139.48135643437533, 35.367958899643774], [139.48122428298058, 35.36798399308524], [139.48117769443553, 35.3680941944075], [139.4811754108438, 35.36816845809985], [139.48117244462802, 35.36829996627032], [139.48116925279004, 35.36844043495527], [139.4811627643157, 35.36861410335472], [139.4811479381377, 35.368774144698925], [139.48112682225965, 35.36889184732994], [139.48112304571615, 35.3690026851299], [139.4811170056118, 35.36911809581669], [139.48108607126184, 35.36926234833073], [139.4810820221612, 35.369400761470985], [139.4810947257337, 35.36952114069861], [139.48112510876865, 35.36965701018001], [139.48105057296613, 35.36971365109497], [139.48091273346998, 35.36973410989908], [139.48090182919142, 35.36984398729638], [139.48092777626292, 35.369953058815284], [139.4809576106378, 35.370079357829404], [139.480987690817, 35.37020784014925], [139.48100759142932, 35.37032183928936], [139.48106566309673, 35.370418306887444], [139.48103799028394, 35.37049856949339], [139.48090470298231, 35.37050194466416], [139.48073857992784, 35.37051674219698], [139.48056770337192, 35.37052476119497], [139.48041342948576, 35.37054225478656], [139.48028710132513, 35.37055155942709], [139.480094403991, 35.370567754289006], [139.47991086715973, 35.37058357539465], [139.47976320057091, 35.370596407321315], [139.47953571286152, 35.370614542229156], [139.47940942699918, 35.37062503949299], [139.47922704482144, 35.37064200191902], [139.47910567163038, 35.370687505957825], [139.4789695068043, 35.37073753495019], [139.47889865254356, 35.37067078774083], [139.47890821949983, 35.37056160807081], [139.47891728889272, 35.370400013285426], [139.47892482483064, 35.37022925588593], [139.47895721348868, 35.370049622424894], [139.47895681791195, 35.3698623404294], [139.47895602633378, 35.36970938014023], [139.47895154028691, 35.36955757179323], [139.47895764163442, 35.36945763723516], [139.47896212190793, 35.369313923438575], [139.47896529048393, 35.369157237659024], [139.47896273310957, 35.36905267528885], [139.47895751390615, 35.36894949073417], [139.4789579693436, 35.36884349417926], [139.4789549202562, 35.36863739350479], [139.4789609960836, 35.36842514573075], [139.47898770217134, 35.36822022744092], [139.47897531857635, 35.36807534344578], [139.47898099241166, 35.367912654402296], [139.47897863576867, 35.3678044530399], [139.478969280899, 35.367656485885895], [139.47896719132353, 35.36748883305505], [139.4789682893441, 35.36727692711542], [139.47896713839842, 35.3670510118563], [139.47894582664424, 35.36682514865146], [139.47895709787753, 35.36662318677397], [139.47898016143495, 35.36644074817039], [139.47898866584515, 35.36628013489467], [139.47897512292198, 35.36613124439526], [139.47896230063702, 35.36600003378097], [139.4789734631381, 35.36589385864939], [139.4789834505962, 35.365775442908415], [139.47899016457782, 35.36565882190815], [139.4789863439776, 35.36553174923597], [139.47898761621104, 35.365400894689216], [139.47899132726207, 35.36524311708482], [139.4789870582182, 35.36506069390428], [139.47900497228107, 35.36490003633812], [139.47900352218838, 35.36472194784443], [139.47900899530876, 35.36464188603128], [139.47901387700878, 35.36441898609173], [139.4790063504107, 35.36423290199831], [139.47900321207604, 35.36408343733384], [139.47899859453443, 35.36389498170557], [139.47899336851114, 35.36370008754319], [139.47899599098818, 35.36351877025094], [139.47898438366147, 35.36333367395214], [139.47898528527793, 35.36320076997939], [139.4789989019619, 35.36308125995489], [139.47899845949638, 35.36296265464508], [139.47907718304248, 35.36290021819268], [139.47915297557947, 35.36303029819044], [139.47921594168366, 35.363131383022086], [139.47930140904845, 35.363241733765186], [139.47938706070713, 35.36333212732346], [139.47951161954634, 35.363444109015944], [139.4796224568631, 35.36353714537047], [139.4797572044006, 35.36366501335033], [139.4798695668989, 35.36378776880707], [139.47999081734017, 35.363908714944756], [139.48012913831326, 35.364030746713425], [139.48025637595555, 35.36415972775208], [139.4803866629254, 35.364270499982354], [139.48052567932126, 35.36437847613172], [139.48066442270417, 35.364499226834496], [139.48077494274483, 35.364631665626305], [139.4809060309567, 35.36476638306591], [139.48100279401552, 35.364871756866684], [139.48113908085986, 35.36501271503577], [139.48127070080636, 35.36515610301579], [139.4813927289737, 35.36528345118601], [139.48149163822399, 35.36539359467631], [139.48157013677002, 35.36547890816007], [139.48168997977416, 35.36558546274047], [139.4818213194967, 35.36569446938136], [139.4819391304645, 35.36582156183329], [139.48202168397674, 35.365911819239464], [139.48212395336532, 35.366075999592894], [139.48223505131733, 35.3662454757988], [139.48232959632975, 35.3664212223683], [139.48239078199632, 35.36660689239482], [139.48242633197546, 35.36670559574079], [139.48248127291606, 35.3668977449749], [139.48253435378632, 35.36707297805788], [139.48258773565288, 35.367250922613984], [139.48261439405098, 35.36739890573122], [139.48264351127847, 35.367520164228175], [139.4826554323269, 35.36764712833971], [139.48263280135328, 35.367744001288905], [139.4825546249543, 35.36780027926534], [139.4824189138421, 35.36781822226378], [139.48224741202185, 35.36783556504732], [139.4820691857534, 35.36786371381018], [139.4818378619337, 35.367899627297255], [139.48162296639924, 35.36792973528187], [139.48140838698515, 35.36795114008335], [139.48118998120236, 35.36798131337923], [139.481024259563, 35.36800369155373], [139.48081936867348, 35.36802480295192], [139.48064563792164, 35.36804823932465], [139.48049572727493, 35.36805505821084], [139.4803170747868, 35.368078641972374], [139.48018740775268, 35.36807815473203], [139.48008656854412, 35.36801351903703], [139.48002830405122, 35.36791315677048], [139.4799898169982, 35.36781749349795], [139.47990729935756, 35.36771297664443], [139.47979300600733, 35.36762044513667], [139.479701593626, 35.367532191822974], [139.47960408660856, 35.367428399721696], [139.47953932814647, 35.36736165811967], [139.47940891195654, 35.36730090792612], [139.47926487565704, 35.367293994917986], [139.4791283726009, 35.36729372809621], [139.47908871413378, 35.367243465109], [139.47908818429138, 35.36723524511923], [139.47909106064188, 35.36723182455144], [139.47909508132392, 35.36723506311625], [139.47912534012357, 35.36729136598299], [139.47912483111443, 35.36729125763556], [139.47910624221558, 35.367240739972374], [139.47902447279216, 35.36729717940201], [139.47895467046902, 35.36719719781923], [139.4789576848089, 35.367095040176416], [139.47894963187616, 35.36695905820893], [139.47894232366883, 35.36680743030665], [139.47894653130962, 35.36665417363637], [139.47895386360193, 35.366485246382865], [139.4789553599413, 35.36632891352197], [139.47895424368159, 35.36618240831012], [139.47895753738914, 35.3660470248909], [139.47895697545178, 35.365916258338906], [139.47896587636302, 35.36579177986094], [139.4789649806485, 35.365651967856124], [139.47895197514882, 35.365560435161], [139.47896044904596, 35.36554735492949], [139.47894468538567, 35.36543338434289], [139.4789413649089, 35.36531405146694], [139.47893523438066, 35.36519811586252], [139.47894316168572, 35.36510152579318], [139.47894226070386, 35.36499208318407], [139.478940864251, 35.36489555181709], [139.47894787792686, 35.36479376971774], [139.47895029372683, 35.36469385928293], [139.4789516709181, 35.364594393604214], [139.47895041213317, 35.364496855333165], [139.4788965051866, 35.36441290482977], [139.47879269037625, 35.36436179353632], [139.47865711418666, 35.36437560500104], [139.47849607070282, 35.36441312822261], [139.4783280722787, 35.36445865299955], [139.47814246897101, 35.364495273951334], [139.47793784448504, 35.36452096072735], [139.4777039750268, 35.36453538384442], [139.4775434583277, 35.36454812634119], [139.47732470570307, 35.36455731242996], [139.47709896553584, 35.3645619870115], [139.47685362195242, 35.364548777014534], [139.47672587225847, 35.36454719126172], [139.47659599204493, 35.36453908800382], [139.47646094114182, 35.364533755325], [139.47632365349395, 35.36452931153797], [139.47618449188184, 35.36452594672667], [139.47593144329363, 35.36451399058757], [139.4756983766923, 35.36450065980712], [139.47550885258767, 35.36449104112311], [139.47527198470962, 35.36448242467434], [139.47505135898584, 35.36446810049151], [139.47486095077824, 35.36446093145249], [139.47469744393146, 35.36445868345567], [139.47455565985695, 35.3644558665462], [139.4744276222106, 35.36445570376397], [139.47429192090468, 35.3644518687005], [139.474147898148, 35.36445510866481], [139.47399996392576, 35.36445006548903], [139.4738550046555, 35.36444892601267], [139.47377175119286, 35.36448436247635], [139.473887576703, 35.36459494828779], [139.4739825887488, 35.36466353484057], [139.47411093251287, 35.36476341691393], [139.47419341633835, 35.36485329398302], [139.47428351861686, 35.36492586497653], [139.47438337936524, 35.36500824179636], [139.47447551922266, 35.36509670933855], [139.47456115233757, 35.365193965102414], [139.47466126356645, 35.36528895708424], [139.47474005614245, 35.365361740628934], [139.4748341471581, 35.36543979571574], [139.4749241944779, 35.365527286984424], [139.47500527880052, 35.36561154762022], [139.47510786772975, 35.36569311815689], [139.475208581482, 35.36577655309299], [139.47530450193577, 35.365855888528095], [139.47538679481775, 35.36592297488625], [139.47549309533295, 35.3659958483222], [139.47560605815326, 35.366086679063194], [139.47571223669695, 35.36618179134177], [139.47581090243207, 35.36629183446359], [139.47588464818142, 35.366392490290146], [139.47595531818706, 35.36649804810682], [139.4760507033651, 35.366560330334124], [139.47613260443455, 35.366495898366765], [139.47622465383162, 35.36639989038488], [139.4763025161981, 35.36630212574331], [139.47637683612913, 35.36619494204895], [139.47644273546737, 35.36610180314499], [139.4765219794436, 35.366017912196384], [139.47660186743929, 35.36590575588168], [139.47666317532435, 35.36581732826379], [139.47677802692283, 35.365696541793355], [139.47685759220974, 35.36556968805043], [139.47697317708605, 35.365462207675996], [139.47708038469622, 35.36533700243096], [139.47717444660836, 35.365218297225255], [139.47726909565054, 35.36509853706404], [139.47736717995747, 35.36497940804635], [139.47743046792792, 35.364889534391736], [139.4775089878941, 35.364796079148505], [139.47759012914813, 35.36470925773639], [139.47765118363196, 35.36461545940224], [139.47778541836797, 35.36459934006872], [139.47787670160488, 35.364583110244496], [139.47804912214812, 35.36455845284585], [139.4782299668941, 35.364524050206896], [139.47839001729065, 35.36450394631395], [139.47854308452992, 35.364468229967635], [139.4786543989239, 35.36444143871659], [139.47879955997053, 35.36442932569333], [139.47890593179667, 35.3644911661433], [139.47892228298662, 35.36457302551279], [139.47892348845218, 35.364698496669824], [139.47892299215448, 35.36484116402444], [139.47892867145532, 35.36500395655563], [139.47892570829544, 35.365172403904864], [139.47892123459715, 35.36531420155067], [139.47891739946743, 35.36547538439742], [139.47891539365688, 35.36564039296223], [139.47891091976834, 35.36577417424392], [139.47885020058447, 35.36585490070165], [139.47874772828015, 35.36591711950504], [139.47863943161406, 35.36599572465689], [139.47855579992333, 35.366046785556584], [139.47844622352918, 35.36612493033245], [139.47834179385376, 35.36618296147306], [139.47823801631998, 35.366247860815186], [139.47813119081297, 35.36631719515313], [139.47804014429053, 35.366369614117446], [139.47792023002816, 35.36644138297895], [139.47779930882433, 35.36651837748171], [139.47767394028784, 35.366568260935374], [139.4775708877336, 35.36652634462897], [139.4774512333695, 35.366482624992216], [139.47732869908185, 35.36644275827645], [139.47718102275726, 35.36642323610538], [139.47728377328866, 35.36643603791225], [139.47717816782068, 35.36643484477753], [139.47703543774827, 35.366435499544835], [139.47690047716597, 35.366473898724806], [139.4767848482069, 35.366504486412246], [139.47673538259164, 35.36658293816926], [139.4768298146424, 35.3666535121738], [139.47691760598133, 35.366754546958525], [139.4769976814226, 35.366840551532846], [139.47708536179286, 35.36692022275026], [139.47716822845902, 35.36699106566916], [139.4772572549074, 35.36706169355703], [139.47734549308345, 35.367129367652694], [139.47739804476, 35.367227052301246], [139.4774312977616, 35.36732125060343], [139.47744583426606, 35.36745762334973], [139.47742993031977, 35.36757348082079], [139.47738771839025, 35.36768746220083], [139.4773366482384, 35.367759742625076], [139.4772622387193, 35.36788779344775], [139.47726964515337, 35.367984957983786], [139.4772934437669, 35.368105631825316], [139.4773061672012, 35.36822981807459], [139.47732137554425, 35.36837891264439], [139.47731783764607, 35.36848171108186], [139.4772943449679, 35.368613156404166], [139.47725232746035, 35.36874498460881], [139.47719912688623, 35.36887805381046], [139.47715499391094, 35.369009641569086], [139.47710326966285, 35.36915153633448], [139.47709280761472, 35.3692814260517], [139.47710069332163, 35.3693989920716], [139.4771304902682, 35.369514508681426], [139.47716495914773, 35.36962557243646], [139.47719084115107, 35.369741455307484], [139.47717668317316, 35.369851317418686], [139.47714179163174, 35.36996859373659], [139.47711212058275, 35.37007814368849], [139.47710129347453, 35.370182872684865], [139.4771340532745, 35.37028895679369], [139.4771606974527, 35.370408286310216], [139.47715663753564, 35.37051791627228], [139.47710543472405, 35.37062530373208], [139.47705354759663, 35.37072905229631], [139.4770582495822, 35.37083033385042], [139.477065023723, 35.370918277289654], [139.47704385547598, 35.37101446088156], [139.4770130072372, 35.37113955527563], [139.47696036003794, 35.37128129940738], [139.47690801126538, 35.37140054366663], [139.47686533179092, 35.371502362905844], [139.4768296087139, 35.3716225742406], [139.47688243890292, 35.371690509478995], [139.47698138978492, 35.37166269694982], [139.47710126345976, 35.371592857131496], [139.4772292549152, 35.37152716029408], [139.47737316459512, 35.37145497384689], [139.4775472877484, 35.371391968877134], [139.47772959542343, 35.37131537209222], [139.4778552637621, 35.37125678434786], [139.4779948812066, 35.37119272041279], [139.47815578765926, 35.37111644898284], [139.47829569212104, 35.37104977533324], [139.47840913775997, 35.3710002289044], [139.47855522153517, 35.370935064626956], [139.47865415886164, 35.37089218931127], [139.478792042337, 35.37081351521785], [139.47890403544793, 35.37076416031707], [139.47901673929152, 35.37070372292458], [139.47915658722002, 35.37066457930393], [139.47928845987437, 35.37064532019007], [139.47941789940668, 35.37063317084518], [139.47957492486248, 35.370621099618816], [139.4797421471407, 35.37062236463111], [139.47989234372494, 35.37061430988334], [139.4800236680082, 35.370599676791066], [139.4801701111414, 35.37058570760199], [139.48032377783088, 35.370579818241026], [139.4804577969881, 35.37055793876561], [139.48063419227427, 35.3705415526191], [139.48081779473765, 35.37053521314095], [139.48099327821436, 35.37051091373346], [139.4811638355027, 35.37048890498859], [139.48134246934532, 35.37046886152332], [139.48153561777977, 35.37045045707747], [139.48173312643817, 35.37043148331435], [139.48191444524167, 35.370411663052465], [139.48210139875653, 35.3703953175917], [139.48227936485748, 35.3703787911377], [139.4824538790687, 35.370353254500905], [139.4826418337584, 35.370354852893094], [139.4828211164112, 35.37034125553716], [139.48298540948232, 35.3703358227329], [139.4831803882515, 35.37031579241595], [139.4833080443901, 35.37033148859946], [139.48332188792244, 35.37043673922663], [139.48335401142532, 35.37056962320511], [139.48337471722994, 35.37064669716021], [139.48343180761512, 35.37080722519041], [139.48349106679638, 35.37097744157826], [139.48354852521422, 35.37114285322048], [139.48359709634713, 35.371296615568866], [139.48365305726654, 35.37146184771458], [139.4837078443037, 35.37160541773683], [139.48373230636412, 35.371682792216184], [139.48377914138374, 35.37183582439776], [139.4838220546846, 35.371995767659236], [139.48386941378692, 35.372171318200834], [139.48391243393235, 35.37234050180751], [139.48395000208987, 35.37250212337274], [139.4839945003284, 35.37266304321332], [139.48403257541756, 35.37282408626603], [139.48406471475982, 35.37297810752528], [139.48412057711244, 35.37314106627139], [139.4841662335265, 35.37331363052348], [139.4841906926313, 35.37347091549088], [139.48421834420188, 35.373638689342705], [139.4842263187865, 35.37377892570624], [139.48425813020825, 35.37393572342171], [139.484278914051, 35.37408192477758], [139.48429543143922, 35.37422745647356], [139.48429537879778, 35.37434622171647], [139.48429285804914, 35.374457668201465], [139.48435046288924, 35.374543847056884], [139.48444989745536, 35.37454289651266], [139.48456618350195, 35.37453775953524], [139.48471479226723, 35.3745198113877], [139.48486264419498, 35.37449041263548], [139.48501193837188, 35.37443628977745], [139.48516438040159, 35.374372611514374], [139.48528759592924, 35.374325751679386], [139.48541845127357, 35.37427491159124], [139.48553191534654, 35.37422763765533], [139.4856285096734, 35.37416910126561], [139.485695147892, 35.37407427567658], [139.48573738758617, 35.373968774968], [139.48578527698317, 35.37386572440241], [139.48578655203553, 35.37374929725706], [139.48577293211167, 35.37359735378131], [139.4858194185626, 35.37351561913724], [139.48591574022225, 35.37344252796834], [139.48598903809676, 35.373306473262815], [139.48596586981992, 35.37323113350829], [139.48583879879126, 35.373148225065584], [139.4857025512552, 35.37312246761079], [139.48561437701807, 35.373066421932954], [139.48566669750727, 35.372969139267006], [139.48577956469768, 35.37295228406345], [139.48588741837074, 35.372979247362224], [139.4860225314794, 35.37303358678844], [139.48616302373756, 35.37309727004639], [139.48622974304658, 35.37319445234268], [139.48628574164786, 35.3733022733222], [139.48631112502818, 35.37342273262449], [139.4863520522152, 35.37354275677152], [139.48637627842325, 35.37364500978698], [139.48645001225248, 35.373759120745625], [139.48656011949996, 35.373771161540795], [139.48665898160405, 35.3736678839524], [139.48668996346154, 35.37358035605645], [139.4868160368068, 35.37349958985685], [139.48691846235346, 35.3734589041745], [139.4868937530031, 35.373383230586036], [139.4868333087002, 35.373291216434865], [139.48676082484712, 35.373159595458475], [139.48670305878198, 35.372985631708254], [139.48664390802904, 35.3728136075697], [139.48656436853474, 35.37266094732979], [139.4864946871524, 35.372499275808316], [139.48644217288322, 35.372333435457904], [139.48642697759863, 35.372164517916566], [139.4864169500175, 35.371998068184084], [139.48640740809833, 35.37181119299652], [139.48640226263026, 35.371619453645074], [139.48639052518953, 35.37142310413259], [139.48638378622442, 35.37125516283173], [139.48637979155038, 35.37114911613804], [139.48638501262639, 35.3709960170648], [139.48638210611108, 35.37077322055092], [139.48638484164348, 35.37067570696631], [139.48638202140438, 35.37056530223486], [139.486380329144, 35.370410281992235], [139.48636939094655, 35.37025812216044], [139.48638076424814, 35.37009875604255], [139.486406230271, 35.369943574944955], [139.48644470717946, 35.36973249532544], [139.48646806955298, 35.36959232907105], [139.4865110233256, 35.36944610955047], [139.48656149268194, 35.369264944983925], [139.4866030058654, 35.369102796157954], [139.48659750538607, 35.36893963290523], [139.48656714653984, 35.36877456057449], [139.4865316045723, 35.36860412629903], [139.48650302737522, 35.36842627500536], [139.4864638787364, 35.36824767903393], [139.48638693152344, 35.368075973579835], [139.48633950459262, 35.36798631566164], [139.48620962278346, 35.367830155574595], [139.4860668559692, 35.3676856149665], [139.4859327381545, 35.36755554717264], [139.48583783587887, 35.3674084628572], [139.48578803846812, 35.36727749884327], [139.48575368306078, 35.36713660624356], [139.48574496407397, 35.36702686610113], [139.48572671063462, 35.3669210449255], [139.48570999931252, 35.366815496575086], [139.4856910523402, 35.366706509158355], [139.4856738359593, 35.366598657355816], [139.48564950191565, 35.366405270951454], [139.48568467531993, 35.36626012739618], [139.48572873226928, 35.36611101202033], [139.4857866298509, 35.3659118745614], [139.48585539504077, 35.36572343025113], [139.4858906194935, 35.3656208644009], [139.48590757055496, 35.365470349519626], [139.4859145431966, 35.36530833100901], [139.48590212485945, 35.365159370708376], [139.48589870135945, 35.36500069506368], [139.48597286843233, 35.36481184661259], [139.48605416476826, 35.3646328512925], [139.4860889800115, 35.364446404311025], [139.48606665552725, 35.364313827383974], [139.4860320205869, 35.36414946259818], [139.48599202006815, 35.364043385192076], [139.48594437872765, 35.36393724324657], [139.48590453760988, 35.36383172703472], [139.48586618647138, 35.363724542096364], [139.4858075947896, 35.363572236349114], [139.48576333843496, 35.36345881987611], [139.48571480174047, 35.363346672620935], [139.48566809584912, 35.36323196602046], [139.48561973068067, 35.363120189168384], [139.48557414737058, 35.363003298161885], [139.48553279294467, 35.36288715815743], [139.48548820076672, 35.36277843780915], [139.48542503131588, 35.362620134339934], [139.4853821737123, 35.362464380732696], [139.48535080890812, 35.362299066579176], [139.48534733461776, 35.36219352553551], [139.4853271036379, 35.362098017517894], [139.48524833915087, 35.36205194194487], [139.4851598601347, 35.36206116199962], [139.48500756283573, 35.362116408865], [139.48491066079328, 35.362120344593095], [139.48478727855493, 35.362106825160566], [139.48466243892918, 35.36203952744565], [139.48453306454016, 35.3619570685665], [139.48438855217768, 35.361888336900066], [139.48423606539816, 35.36183038755402], [139.4840923306765, 35.3617846459688], [139.48395284319767, 35.361743926181475], [139.48382290186493, 35.36172959850312], [139.48369577750088, 35.36174032357267], [139.4835613068679, 35.36176584191821], [139.48342178079716, 35.36184351222281], [139.48326310128095, 35.36194339718201], [139.48310120629455, 35.362046387068055], [139.48293846546758, 35.362141384159415], [139.48278880988937, 35.36224318861273], [139.4826535652173, 35.36232655896455], [139.4824956431531, 35.36238121906321], [139.48233548505692, 35.36239430663376], [139.4821735982851, 35.362336699919325], [139.4820234945782, 35.36229745354462], [139.48189761087795, 35.36235515018086], [139.48176694527007, 35.36244902028572], [139.48169297274993, 35.36249809835675], [139.48155294599084, 35.36263278719703], [139.4814325052583, 35.36277267992098], [139.48131699659476, 35.36290264639796], [139.48123949694502, 35.36302470329313], [139.48122170221603, 35.3631512019185], [139.48127606259214, 35.36326739125159], [139.48133785857058, 35.36337478100352], [139.48126324323638, 35.36349304989359], [139.48114255251392, 35.36349191422707], [139.48107087690033, 35.36338718234043], [139.48095706886593, 35.363298947547634], [139.48080215321815, 35.36327237515204], [139.48064017778228, 35.36329332685064], [139.4804912186576, 35.36334258722908], [139.48038718948135, 35.36342318680453], [139.48037686083373, 35.36352859328711], [139.48040264233157, 35.36360945814213], [139.480457171635, 35.36373742854639], [139.48039483708794, 35.36381434404642], [139.4802204063498, 35.363746010836486], [139.480142577886, 35.36364025475557], [139.48005705433548, 35.363526757558645], [139.47998253542698, 35.36344692760051], [139.4798655804493, 35.363408704805245], [139.47971275445812, 35.36344714600166], [139.47961832507065, 35.363476383375314], [139.4795093290294, 35.36338969438457], [139.47942700450128, 35.36330245553391], [139.47945257808948, 35.36332485783603], [139.47945503511008, 35.363338899081626], [139.479474034304, 35.36336701570191], [139.47945762609072, 35.36334568913048], [139.4794274230773, 35.363320709814516], [139.47931422982262, 35.36317280136803], [139.4792440615613, 35.36306614104295], [139.479154138431, 35.362946753863696], [139.47907077813267, 35.36282466163894], [139.4790271397646, 35.36270213771405], [139.47901780106258, 35.362562255753495], [139.47900979660363, 35.36241072422064], [139.4789960350714, 35.362265396179254], [139.47897978801976, 35.36214392056115], [139.47895127417402, 35.361986732797796], [139.47884309973483, 35.36193549033438], [139.478760357912, 35.36194990462648], [139.47876224534158, 35.36195069806899], [139.4788180013536, 35.361955497643635], [139.4788895652695, 35.36201005024283], [139.478919040922, 35.36210059559997], [139.47890624540355, 35.362202293462325], [139.47891364000785, 35.36229835137595], [139.4789204173931, 35.36241815426004], [139.47892356739504, 35.36253340702004], [139.478927779517, 35.36264062404889], [139.47892859310497, 35.362763072927834], [139.47894593856196, 35.36289695502255], [139.47893759059622, 35.363049864145076], [139.47895587295176, 35.36321893109741], [139.47894746765542, 35.363404899668154], [139.47893225373923, 35.36360481049153], [139.4789240219678, 35.363791235316725], [139.47892544311688, 35.36390795227018], [139.4789313727086, 35.36401163394653], [139.47893406205603, 35.3641208981698], [139.4789322855203, 35.364199978025766], [139.4788046767662, 35.36430524376668], [139.47866087662362, 35.3643599142003], [139.47847652536143, 35.364405160144436], [139.47827676506446, 35.364443030079904], [139.478057344711, 35.36448295840271], [139.47789882579121, 35.36451743986554], [139.47778972825765, 35.364535881168145], [139.47762356586898, 35.364544873072795], [139.47750289805884, 35.36454549396077], [139.4773286746828, 35.36456417158594], [139.47709235201913, 35.364562672198915], [139.4768939233475, 35.364551753974176], [139.47671219870804, 35.36454653018679], [139.4764609964865, 35.36453765002639], [139.47620097108071, 35.364527603218555], [139.47595087808838, 35.36452194411498], [139.4757305952822, 35.364514029047776], [139.47550560426967, 35.36450218083374], [139.4752961393409, 35.36449201299209], [139.47510587951888, 35.36448277469534], [139.4749257898853, 35.364472451566286], [139.47474813860126, 35.364455545864466], [139.47461099463393, 35.36445028234973], [139.47447761704117, 35.36444064033024], [139.4743550423179, 35.36443303931934], [139.47421881405322, 35.36443144159969], [139.47407371623248, 35.36442868752297], [139.47390548112122, 35.36440186649551], [139.47377542046158, 35.36440269117547], [139.4736603704119, 35.364412611513785], [139.47354772467085, 35.36440439459768], [139.47340812362407, 35.36439572258551], [139.4732911256296, 35.364395065545224], [139.47315967627543, 35.36439927825249], [139.47300706459342, 35.36439047500539], [139.472890496278, 35.364389667121955], [139.47286300444023, 35.36451936969593], [139.47283901674672, 35.36466927434935], [139.47282698369713, 35.364823329569205], [139.47280929081438, 35.364950348818184], [139.47278233694394, 35.36508681495558], [139.47278876098602, 35.36522097897026], [139.47276810091742, 35.3653970102438], [139.4727611162003, 35.365590736933335], [139.4727549458191, 35.365755580818266], [139.4727490684715, 35.3659455807575], [139.47273560610554, 35.36613754614515], [139.47272276556504, 35.36634364020041], [139.47271399586725, 35.366526377874685], [139.47271446273015, 35.366728592896926], [139.4727002018599, 35.36693414374217], [139.47269314396402, 35.36716158422431], [139.4726870191426, 35.36739211626283], [139.47267093107536, 35.36759425350968], [139.4726733321006, 35.36774659806984], [139.4726756366171, 35.36794621801193], [139.47268159560167, 35.36805616822766], [139.47268254722886, 35.36822692586079], [139.4726870517694, 35.36838246403372], [139.47268512736952, 35.36849692124578], [139.4726759953025, 35.368607361114805], [139.47268260079542, 35.368819548365295], [139.47268522201583, 35.3689836920081], [139.47269406294922, 35.369188555525774], [139.47269158271934, 35.36939091444218], [139.47269334785585, 35.369591618600175], [139.4726672953213, 35.36978171120601], [139.47263609967396, 35.36996294629246], [139.4725957497038, 35.37014073696807], [139.4725575401971, 35.370269223945435], [139.47249006295274, 35.37045159363334], [139.47244205444517, 35.37060898761214], [139.47238148405012, 35.37074945069029], [139.472326920379, 35.37087483710064], [139.47240671189607, 35.370957523131], [139.4725405484678, 35.37099545911391], [139.47268196613254, 35.37102668227239], [139.47279027272506, 35.37099416796842], [139.47289114589182, 35.37092045653951], [139.472978056516, 35.37083395810458], [139.4729790017403, 35.370722043052034], [139.47304233571037, 35.37059381745509], [139.4731283779995, 35.370478278818354], [139.47319892875308, 35.37038122995414], [139.47327287442116, 35.37027687071177], [139.47332092195353, 35.37018485322024], [139.4734079921471, 35.37009010005117], [139.47351576204676, 35.36998943027981], [139.473631147827, 35.3698890712564], [139.4737483465914, 35.36979823457559], [139.47385762610674, 35.36971067989271], [139.47394912631003, 35.36962675418489], [139.47404144847005, 35.36953753448744], [139.47415272783925, 35.36947865025357], [139.47418439269185, 35.369372217466776], [139.47414674096166, 35.369253374150475], [139.47409105735892, 35.36914349355246], [139.47403261326852, 35.36905650280901], [139.4739468666285, 35.36911034331776], [139.47385855584693, 35.3691931272819], [139.47377943647854, 35.369294121614296], [139.4736981827168, 35.369385941431716], [139.47362271772968, 35.36947697345069], [139.4735332437879, 35.36956750372975], [139.47358429121223, 35.36954698761605], [139.47367200641156, 35.369441107284885], [139.47373224711842, 35.36936703250723], [139.47382970518368, 35.369254067850946], [139.47394078390437, 35.369160262772105], [139.47402923327334, 35.36902398257892], [139.47410038114472, 35.369079716128425], [139.47413086914227, 35.36917341694578], [139.47416199243727, 35.36927816505133], [139.4741696333212, 35.36939412939155], [139.47413409184242, 35.36949973063125], [139.47402344004078, 35.369583272979796], [139.47390015111478, 35.369672203821175], [139.47380758476513, 35.36974531840086], [139.4736996515371, 35.36984032782489], [139.4735855445963, 35.3699349813605], [139.47347130497772, 35.3700325525483], [139.4733625810339, 35.370127148585716], [139.47336243621857, 35.37023087852079], [139.47345014372607, 35.370292710988515], [139.47359968119153, 35.37037658805757], [139.47373318373567, 35.37044803107376], [139.473869966903, 35.37052314811729], [139.47402446685626, 35.37059195826698], [139.4741706698802, 35.370671590906476], [139.4742983946526, 35.37073405250873], [139.4744506654335, 35.370820098994145], [139.47457249570598, 35.37090640240193], [139.47469749161723, 35.371002899076764], [139.47481884382327, 35.37109863542738], [139.47494505163635, 35.37118417256711], [139.47506962196346, 35.37120763742104], [139.4751688028349, 35.37125493807885], [139.4752698343308, 35.37131047976572], [139.47539832857373, 35.37133290906885], [139.47550675469253, 35.37137342569598], [139.4756168486797, 35.371410395067336], [139.47573090805756, 35.371447028395245], [139.47585200712405, 35.37150815122522], [139.47595846496364, 35.37156207114768], [139.4760750313098, 35.37159198967574], [139.4761934941797, 35.37162587884981], [139.47633452219486, 35.37166167580978], [139.47645540875743, 35.37167529537291], [139.47659413742298, 35.371693204812196], [139.47672251569236, 35.37170797580136], [139.4768511273293, 35.3716915036916], [139.4769843449756, 35.371640649659334], [139.4771403063478, 35.371569223440055], [139.4773106058042, 35.3714955049337], [139.4774905815483, 35.37142406290414], [139.4776830927003, 35.37134161681193], [139.47787031767763, 35.37125417625106], [139.47805270407045, 35.371172082194875], [139.47821326231949, 35.37108837667711], [139.47837000934706, 35.371038709729085], [139.47848063871285, 35.37096992802083], [139.47859225996393, 35.37089395734128], [139.47870296383158, 35.370838295381475], [139.4788101068774, 35.37082230999412], [139.47877486148585, 35.37095955479126], [139.47877231854997, 35.3710511063633], [139.47875592919763, 35.3712185529384], [139.4787228175443, 35.371407918831935], [139.4787042476307, 35.37150755412803], [139.47867735106686, 35.37165527965941], [139.47863093177713, 35.371832195361556], [139.47859276095645, 35.37202968195168], [139.47855108645112, 35.372227380627194], [139.47849879238044, 35.37244094939166], [139.4784423066657, 35.372658960352446], [139.47837964116712, 35.37288070830177], [139.47832036186196, 35.37309194354139], [139.4782903051907, 35.37323618507622], [139.4782622276445, 35.373345957015324], [139.47820925713188, 35.373495262186026], [139.4781398422517, 35.37370359338292], [139.47810036511257, 35.37384878478446], [139.4780859112721, 35.3739587398487], [139.4781793301538, 35.37406275744544], [139.47828167323584, 35.3741131553831], [139.47836916410805, 35.37416274370931], [139.47851857450485, 35.37423118975898], [139.4786478168873, 35.3742987933907], [139.47877408170626, 35.37436422747462], [139.47891189578644, 35.3744224372745], [139.47904621823858, 35.37447554715418], [139.47915770312224, 35.374488209596], [139.47928395645184, 35.37444185692902], [139.47942042446948, 35.374399216451444], [139.47955480223314, 35.374348264287896], [139.4796869519317, 35.37427876307457], [139.47982853224565, 35.37420128598165], [139.47996458970252, 35.37413368541773], [139.48011244313346, 35.37412074343244], [139.480288930851, 35.374119087404814], [139.48044498601888, 35.37411873320773], [139.48058645983218, 35.37410101742093], [139.48071574352878, 35.37407610636399], [139.48084378497305, 35.37405854565057], [139.48100388663235, 35.37407165016471], [139.48110601700574, 35.374108329802255], [139.48127540278898, 35.3741751129273], [139.48143000155196, 35.374240402190836], [139.4815733484303, 35.374283192319744], [139.48170264401287, 35.37426844000612], [139.48178335684173, 35.374196933342986], [139.48193732378573, 35.374146685587924], [139.48207438504303, 35.374126661780174], [139.48214394269544, 35.37403703274532], [139.48222627902314, 35.373945408793645], [139.48237055349202, 35.37392369113753], [139.48249827404823, 35.37389469153239], [139.4826636415076, 35.373863663719675], [139.48279373374677, 35.373840608969466], [139.48291110637126, 35.37385490524176], [139.4829464591569, 35.37395785213187], [139.4829418411913, 35.374049340546016], [139.48296309471075, 35.37414194968677], [139.48296890214624, 35.37428634055903], [139.48297427988896, 35.374414182409446], [139.48297935555274, 35.37451548732921], [139.48299217649702, 35.37462487698374], [139.48300526749966, 35.37473943390651], [139.4830129837264, 35.374863953005345], [139.4830088042663, 35.37498572757378], [139.483021140174, 35.375094432358054], [139.4830304990299, 35.37518077063062], [139.48304239463442, 35.3753108391809], [139.4830447082368, 35.37543410896441], [139.483054379265, 35.37553963857379], [139.48316249711763, 35.37557592633237], [139.48325475156147, 35.37559729981509], [139.48335816870517, 35.37560630175934], [139.48348918918552, 35.37561380983646], [139.4836266168078, 35.375624317283524], [139.4838173248355, 35.375629239897876], [139.48397652202183, 35.37563715302834], [139.48411149190179, 35.37562933281081], [139.48424446463076, 35.37562712343923], [139.4843111406321, 35.37553682649708], [139.48431270069852, 35.37542269657348], [139.4843191761393, 35.375319621405794], [139.48431870281118, 35.37518848535125], [139.48431899050485, 35.3750626334257], [139.48432232286913, 35.37492761531923], [139.48432434797866, 35.374746693183106], [139.4843273328968, 35.37455475746907], [139.4843269848476, 35.37445464778492], [139.48431868704046, 35.374314218417524], [139.48432042104636, 35.374204805497705], [139.4843028634, 35.374053550301284], [139.48430297995978, 35.37396066247386], [139.48429625223832, 35.373858553959536], [139.48427438309236, 35.37374820292718], [139.48425650527832, 35.3736391465565], [139.4842197618674, 35.37343308861635], [139.48420136538064, 35.37333718641466], [139.48415819545718, 35.3731265753401], [139.48408669902804, 35.372927637718035], [139.48402620941778, 35.37272198755808], [139.4839676778936, 35.37250700950991], [139.48390971169763, 35.37229750069709], [139.48385016643573, 35.372082545654386], [139.48378254436042, 35.37186791114409], [139.48373609696554, 35.371658181850975], [139.48367785727584, 35.37144717870986], [139.48361190385089, 35.37124766025284], [139.48355188663646, 35.37105221240308], [139.4834780456254, 35.37085380673465], [139.48344691162532, 35.37075032454221], [139.48342178662733, 35.37064636066104], [139.48337740678133, 35.37046137679519], [139.4833269885627, 35.37028209600912], [139.48329040706872, 35.37011958518189], [139.483255195522, 35.36995486364303], [139.48322172224303, 35.36980523374449], [139.4832031910791, 35.3696729825748], [139.48318118066103, 35.3695549224406], [139.48315681583807, 35.36947740499939], [139.483207322031, 35.369420052709444], [139.48333118637032, 35.369400720926734], [139.4834769333049, 35.369381515845994], [139.48364522769162, 35.36936056038518], [139.483821051937, 35.36933346800172], [139.4839590454155, 35.369312306101044], [139.48409185373873, 35.36930377062898], [139.48422027772276, 35.36931607789465], [139.48434696667303, 35.36935891373645], [139.484486484324, 35.36945238353877], [139.4845647796529, 35.369508715813296], [139.48463551459852, 35.36959771500542], [139.48468413477428, 35.36969234536364], [139.48470448857393, 35.36982964394747], [139.4847630443274, 35.36993288598142], [139.48487957512913, 35.36994895913836], [139.48505023483622, 35.36992842377697], [139.4851798333803, 35.36988624523908], [139.48520407699456, 35.369775686623214], [139.485213980995, 35.369692242752684], [139.4852026020754, 35.36959389963162], [139.48519707662075, 35.369488143959416], [139.4851922363414, 35.36937004643866], [139.4852289508253, 35.369263005279066], [139.48527673457448, 35.36915121978886], [139.48536578191604, 35.36906474571269], [139.48546748732844, 35.368971016708166], [139.4855858908192, 35.368921284693826], [139.48572637750763, 35.36890558636459], [139.48588251441205, 35.36891033493786], [139.48602818189391, 35.36890603544182], [139.48615521908258, 35.36888372341641], [139.48628926421875, 35.36883955561327], [139.48641399940473, 35.36879709556337], [139.48653013895387, 35.36880208080443], [139.48654221058555, 35.36890320962209], [139.4865478304105, 35.36904234070751], [139.48651740040745, 35.36917936939235], [139.48647277548574, 35.36932223580483], [139.4864508489444, 35.369406206002836], [139.48640419948578, 35.36957987899091], [139.4863641667356, 35.36974819679821], [139.48632936925594, 35.36992943260489], [139.48630641028498, 35.37007921096984], [139.48629319793935, 35.37023187689975], [139.4862950294162, 35.37037882114456], [139.48629924573765, 35.37054196620971], [139.48630257493633, 35.37065168416065], [139.48630395725024, 35.370761897555695], [139.4863105120746, 35.37087034445889], [139.4863139719522, 35.37098253253119], [139.4863131327777, 35.371095854470866], [139.48632203563855, 35.37120756753784], [139.48632301173382, 35.37143628672076], [139.48633239103884, 35.371547945114656], [139.486336424273, 35.37166836301026], [139.486346027708, 35.37178128503535], [139.48636089080904, 35.37193911462166], [139.48636432630593, 35.37210987406517], [139.48637121808656, 35.37221667851394], [139.48640061768998, 35.37236408011596], [139.4864563627125, 35.37251796786484], [139.4865282195855, 35.37265463660733], [139.48658555475663, 35.37281525837098], [139.48661690189485, 35.37291820686133], [139.48669155089001, 35.3731147248148], [139.486774763976, 35.37324647590117], [139.48687467327895, 35.37338308031503], [139.4870084700683, 35.3735577136391], [139.48712120326462, 35.37374588674832], [139.48720891920942, 35.37394726036667], [139.48728462454747, 35.374088030452796], [139.48733716322366, 35.37418242963193], [139.48743217262427, 35.37431297174515], [139.48750972635796, 35.374397657297], [139.48759947101232, 35.374480068119205], [139.4877981760197, 35.37459700118381], [139.48790167596084, 35.37467360789874], [139.48801545752502, 35.37472028835117], [139.4881271210657, 35.3747801648158], [139.4882373789607, 35.37484121981512], [139.48837208708835, 35.37493726220606], [139.48846265272613, 35.37501780109083], [139.48855993138042, 35.375104556660936], [139.4886632877293, 35.375196060414], [139.48879127639609, 35.37531149704059], [139.488882117501, 35.37538500804124], [139.48896470011243, 35.375462176403474], [139.48910776918407, 35.375629166346904], [139.4892395884596, 35.3758096591121], [139.48937649200064, 35.37596166812434], [139.48945539969728, 35.37602336239216], [139.4896392603164, 35.37610839674747], [139.48985982078136, 35.376168142784834], [139.490072549872, 35.37621720110774], [139.4902561887678, 35.37631358820887], [139.49038607904694, 35.376449383896144], [139.4904594377568, 35.376615568566685], [139.4904515860359, 35.37679519316392], [139.4903872652993, 35.37695524580033], [139.4902861631507, 35.377108058347126], [139.49023920204493, 35.37719015853219], [139.4901693254604, 35.3773677035334], [139.49014650478648, 35.377501824887176], [139.49013488575113, 35.377655515465236], [139.49013241188848, 35.37779682337909], [139.49012689872768, 35.377954773201445], [139.49011487845462, 35.37805466477299], [139.4901032672123, 35.37823259965206], [139.49007269184892, 35.37835594816739], [139.48999559162655, 35.37846928178272], [139.48993247579008, 35.3785455639653], [139.48977904886166, 35.37857620760191], [139.48968682157218, 35.3785113546575], [139.48955287085684, 35.37843986046648], [139.4894293546208, 35.37839128755188], [139.48928572520074, 35.37834840626469], [139.48909914174416, 35.378314172459106], [139.4889078670737, 35.37833971798334], [139.4887064680961, 35.3784093208993], [139.4884958808413, 35.37850864667604], [139.4882571021701, 35.37859569966148], [139.48800706508308, 35.37869091573223], [139.48775048924142, 35.378781880110225], [139.48763265775253, 35.37884553233257], [139.4875002385058, 35.37889349806525], [139.48736946813654, 35.378945433616316], [139.48715797242508, 35.37901909036451], [139.48698578821586, 35.379095350938904], [139.48675081496546, 35.379187408776296], [139.48655611364234, 35.37928034553653], [139.48638149650412, 35.37935797499599], [139.4862402328033, 35.3794021433989], [139.48612198836054, 35.37944695193698], [139.48606548798043, 35.379472988787995]]}}, {"type": "Feature", "properties": {"route_id": "RNA1401003013_New_Site_Drive_FTP_DL_1_43939225_18082026", "source_file": "data\\RMI Datasets-20260831T060855Z-1-002\\RMI Datasets\\Data by Sukayat\\RF - Data Requirements\\data\\DT Agent\\DT_FTP_DL_csv_files\\RNA1401003013_New_Site_Drive_FTP_DL_1_43939225_18082026.csv", "points": 3794, "avg_rsrp": -91.84}, "geometry": {"type": "LineString", "coordinates": [[139.50161494122753, 35.50149527061185], [139.50163269249836, 35.50145265356533], [139.50161494544213, 35.50149522779114], [139.50161729166018, 35.50149213495333], [139.50167327769068, 35.50141338424549], [139.5016173050097, 35.50149208321834], [139.5016776203319, 35.50140760414802], [139.50168281370048, 35.50141261670455], [139.5016175583932, 35.50149173616572], [139.50167833902194, 35.50141749701453], [139.50167613021173, 35.501416045610576], [139.501674340408, 35.50141448450393], [139.50167756608892, 35.50140741813861], [139.50161764842147, 35.501491593533416], [139.50168642094894, 35.501398342052596], [139.501617793039, 35.501491276694715], [139.50168621355684, 35.50140163204965], [139.5016179064546, 35.50149104058224], [139.50168842895098, 35.501400310088776], [139.5016921864842, 35.5013964271837], [139.5016931702418, 35.50139108661131], [139.50161798553168, 35.501490895412815], [139.50169383513614, 35.50138731699621], [139.50161800921458, 35.50149082813039], [139.50169028913234, 35.50138999617655], [139.5016181091456, 35.50149056251624], [139.5016884409569, 35.50138961078443], [139.50161815567444, 35.50149040707954], [139.50168971107072, 35.5013899409576], [139.5016923389709, 35.50138719350171], [139.50161820406987, 35.501490242906605], [139.5016956643504, 35.501383655515205], [139.50170045788303, 35.5013804350002], [139.50161826361497, 35.501490140595074], [139.50170001087184, 35.501382778269864], [139.50161842911072, 35.501489979693986], [139.5016960166245, 35.50138639368554], [139.50161850397694, 35.50148989540647], [139.50169106899074, 35.501388462998875], [139.50168783791682, 35.501391561514744], [139.50168544711832, 35.50139645652426], [139.50168441150572, 35.5013952644172], [139.50168600428725, 35.501401012011236], [139.50161857921609, 35.501489748154455], [139.50168581823797, 35.50139948209365], [139.50161872867284, 35.50148957770505], [139.50168811643962, 35.50139359878297], [139.50168618514473, 35.5013937388235], [139.50167986439786, 35.50139486773387], [139.50161883960305, 35.501489364911734], [139.50167885430994, 35.50139123857808], [139.50167768946994, 35.501395621465576], [139.5016188280363, 35.50148929837904], [139.5016784666025, 35.50139358946215], [139.50167349542568, 35.501399913622194], [139.50161897500487, 35.50148903737832], [139.5016752808443, 35.50140210659236], [139.5016762694045, 35.50139999714839], [139.5016791789601, 35.501400484309734], [139.50167528005198, 35.50139873067764], [139.50161909182785, 35.501488882233964], [139.5016747023338, 35.50140305588188], [139.50167945250865, 35.501401430103265], [139.5016800614033, 35.50140389903016], [139.501687027274, 35.50139306693129], [139.50169293767308, 35.50138762190391], [139.50169094540314, 35.50138732776128], [139.50161931427596, 35.501489376661404], [139.50169025194091, 35.50138966147378], [139.50161932208616, 35.501489353884075], [139.50169181579048, 35.501391225629845], [139.50161949660543, 35.501489684585984], [139.5016942452635, 35.50138960033414], [139.5016957691591, 35.50138441138201], [139.50169948100958, 35.50138486315014], [139.50161969287672, 35.5014899209595], [139.50169866891747, 35.501383033548535], [139.50170358207524, 35.501382263095245], [139.50161973459439, 35.50148973822509], [139.50170381307092, 35.50138824668513], [139.50171190449905, 35.501387709781596], [139.5017104154594, 35.50138648281137], [139.50171247305218, 35.50137934951807], [139.50170896211006, 35.50138090120218], [139.50170762569851, 35.50137880763342], [139.50161994653553, 35.50148987160762], [139.50170701733975, 35.501378045726035], [139.50170459514482, 35.50137786785177], [139.50162004287193, 35.50148972538321], [139.5017018433398, 35.50137752932215], [139.501701541568, 35.50137669280254], [139.50162011223804, 35.501489636870794], [139.50169871244586, 35.501378348899], [139.50169632970267, 35.50137948040532], [139.50169711358515, 35.501380076854595], [139.50169847464022, 35.5013775846325], [139.50169653163036, 35.50138205547493], [139.5016963987342, 35.50138766676516], [139.50170138503293, 35.50138231821135], [139.5017021227793, 35.50138711516403], [139.50170020016265, 35.501389301393544], [139.50169842492835, 35.50139179703077], [139.50161971133105, 35.50148869899494], [139.50170481219806, 35.50138868388268], [139.5016197512329, 35.50148895807305], [139.5017062837372, 35.501390206601656], [139.5016197852919, 35.50148905522919], [139.50170518926564, 35.501392109526215], [139.50170480595787, 35.50139073257874], [139.50170742460432, 35.50139377115206], [139.50170449059033, 35.50139464860571], [139.50170661855284, 35.50139499906623], [139.50170544002802, 35.50140098033769], [139.50162011118502, 35.5014887358773], [139.501708747688, 35.50140015320591], [139.50162016676094, 35.50148865377243], [139.5017079175749, 35.50140120187748], [139.50162009047256, 35.501488979711766], [139.50170900342277, 35.50140245334716], [139.501620070401, 35.50148913892614], [139.50170746572272, 35.501402062638036], [139.50171130911443, 35.5014007659038], [139.50162008572786, 35.50148926867672], [139.50170808473243, 35.50140183878325], [139.50170822701392, 35.50140456295172], [139.50170122523815, 35.50140489784677], [139.50169803504164, 35.501404901823065], [139.50169637117958, 35.50139902508599], [139.50169191938934, 35.501395112754246], [139.50168764227547, 35.501394053468864], [139.50168722546408, 35.50139045564735], [139.50162032357483, 35.50148942563514], [139.50168164736536, 35.501390565469976], [139.5016776594304, 35.50139041906606], [139.5016770192842, 35.50139103440154], [139.5016760608242, 35.501390371522135], [139.50162039342234, 35.50148920915082], [139.50167370185122, 35.501391851042875], [139.501620305329, 35.50148964208537], [139.50167100946945, 35.50139512317104], [139.50162025074667, 35.50149027699222], [139.50166583007348, 35.501397747950314], [139.50162022402174, 35.50149060118702], [139.50166700852554, 35.50139726652533], [139.5016661610789, 35.50139487880042], [139.50166436917695, 35.50139624696101], [139.50166404869128, 35.5013920617498], [139.50162024850482, 35.501490808233555], [139.5016666559016, 35.50138422273743], [139.50166682195567, 35.50138688388153], [139.50166709876822, 35.50138124207658], [139.50166734828534, 35.501383159474074], [139.5016688208425, 35.50138049519501], [139.50162022000924, 35.50149104064432], [139.5016702522187, 35.50138429696621], [139.50166931056313, 35.50138419623607], [139.50162014378654, 35.50149153890282], [139.50166915229465, 35.50138686822628], [139.5016201097602, 35.50149182910228], [139.50166884425195, 35.50138866494394], [139.50166869357105, 35.501391717199745], [139.50162008857225, 35.50149200857103], [139.50167168756295, 35.501399090789704], [139.5016200964941, 35.50149205136105], [139.50167547961917, 35.50139765146382], [139.50162012304662, 35.50149205869098], [139.50167272317353, 35.50140159489461], [139.50162003687865, 35.50149245679359], [139.50167675017823, 35.501409557335954], [139.5016803453605, 35.50141280976257], [139.50162009712272, 35.501492649755164], [139.50168005945608, 35.50141512431558], [139.5016850459546, 35.501417998374734], [139.50168471425863, 35.50141884873671], [139.5016857867888, 35.501416747436586], [139.50168204558653, 35.50141477300613], [139.501680900106, 35.50140862117451], [139.5016202843849, 35.501492477795644], [139.50168271379457, 35.50140711883871], [139.50162029399772, 35.501492699965134], [139.5016844370192, 35.501400593016385], [139.5016202291558, 35.50149318058806], [139.50168393953857, 35.50139816349891], [139.50162020419802, 35.50149339872732], [139.5016835034392, 35.501400905057444], [139.50168518964924, 35.50140191717128], [139.50168767805448, 35.501404804470056], [139.5016881119464, 35.50140683846674], [139.50169006248842, 35.50140788198629], [139.5016200904469, 35.50149416117767], [139.50169195836975, 35.50141012979042], [139.50169034528804, 35.50140672500495], [139.501691407326, 35.50140586045821], [139.5016909983129, 35.50140629456871], [139.50162019872633, 35.501494035677986], [139.50168726117698, 35.501408768474874], [139.50162019569407, 35.50149408911024], [139.50168958837105, 35.501411405310535], [139.5016201919986, 35.501494337725646], [139.50169062012372, 35.50141446628533], [139.5016202029613, 35.501494476478555], [139.50168918530545, 35.5014190452233], [139.50162019612313, 35.50149464666607], [139.50169198258195, 35.50142384869247], [139.50169221361358, 35.50142019231399], [139.50162022010775, 35.501494854775515], [139.5016964111177, 35.501422733300345], [139.5016972625576, 35.501424628968415], [139.50169900987564, 35.50142472866996], [139.50169921852014, 35.501425336920974], [139.5016983297902, 35.501432247617515], [139.5016989144605, 35.50143287670171], [139.50169489014934, 35.50143203600528], [139.5016204186084, 35.50149499895936], [139.50169328067196, 35.50142967060692], [139.50162049816566, 35.501494787056735], [139.50169382551678, 35.50142979211019], [139.50169056043478, 35.501431999905485], [139.50169082720936, 35.501432561490354], [139.5016205916619, 35.50149455704669], [139.50168961491374, 35.50143311069648], [139.50168547890019, 35.5014347618326], [139.50168715379132, 35.50143542105471], [139.5016901479897, 35.50143018652517], [139.5016868936129, 35.50142864252025], [139.5016857668371, 35.50143069379408], [139.5016831019212, 35.50143396575375], [139.50167725408588, 35.501437135813745], [139.50162072490704, 35.50149439343248], [139.50167597101589, 35.50143609008517], [139.501675716021, 35.501440212995874], [139.50162077823333, 35.50149426057295], [139.50167896390303, 35.50144170563978], [139.50167990027805, 35.501443176443935], [139.50168190385122, 35.501441678639374], [139.5016791327592, 35.501443877459344], [139.5016787612388, 35.501447528925524], [139.5016209076217, 35.50149415567357], [139.50168281698544, 35.501446778035834], [139.50168051572786, 35.50144708662703], [139.50168050381723, 35.50143920391494], [139.5016839500272, 35.50144079374184], [139.5016211139251, 35.50149388914527], [139.50168492601122, 35.501435189894984], [139.5016830992311, 35.50143381565616], [139.50168780200522, 35.501427141663044], [139.50162119652734, 35.50149375013484], [139.50168893456413, 35.50142439127463], [139.5016914545778, 35.5014202861989], [139.5016911874297, 35.50142015232593], [139.50168918930194, 35.501422459510046], [139.5016213074134, 35.501493560799005], [139.5016854969582, 35.501418713317804], [139.5016890039086, 35.50141989715963], [139.50168864476174, 35.50141862567554], [139.50168680241168, 35.501421016270946], [139.50168729596803, 35.5014223152719], [139.50162146149563, 35.50149347685363], [139.50169007165118, 35.501421678393115], [139.5016928431792, 35.50142125298041], [139.50168665127782, 35.50142409689015], [139.50168336319146, 35.50142708620729], [139.5016215461414, 35.5014934037084], [139.50168192026808, 35.501428721182236], [139.50168018881968, 35.501430288952854], [139.50168474357653, 35.5014234207033], [139.50168387798672, 35.501423031519295], [139.5016865313124, 35.501423760207295], [139.50162177439367, 35.50149313560998], [139.50168848761848, 35.50142576164973], [139.50168997933903, 35.501426560949774], [139.5016885023143, 35.501424998717816], [139.5016217939842, 35.50149331807509], [139.50169232895954, 35.50142595381815], [139.50168571004733, 35.50142600296564], [139.50168569911898, 35.501429339538475], [139.50168979876364, 35.5014271107805], [139.50168882640213, 35.50142742843644], [139.50162186062562, 35.50149335019093], [139.50168843018798, 35.501428129065395], [139.50168631426732, 35.501428822736564], [139.5016893611692, 35.50143060607757], [139.50168878043104, 35.50143063936516], [139.501684734451, 35.501430855777535], [139.50168785344567, 35.501428695067084], [139.50168841271494, 35.501429888181875], [139.5016865598065, 35.501431574298614], [139.5016878150265, 35.501430105402896], [139.5016848774807, 35.50143200741773], [139.50168133530755, 35.50142868936833], [139.5016801075433, 35.501425758866446], [139.50167759739068, 35.50143176542711], [139.50162207522715, 35.50149309278958], [139.5016802135285, 35.501436047288315], [139.50162211732754, 35.501492961458545], [139.50167983662615, 35.50143653625365], [139.50162214688564, 35.50149288667423], [139.50168013633532, 35.50143149320393], [139.50168125122838, 35.50143432034015], [139.50167989948233, 35.50143356094379], [139.50167437357982, 35.50143113423619], [139.5016736720478, 35.501431312403454], [139.50162222470397, 35.501492778161804], [139.50167048315674, 35.501427583966546], [139.50167092552832, 35.501424084996714], [139.5016661686189, 35.501421359177115], [139.50162233125516, 35.50149254559757], [139.50166488291222, 35.501420857230144], [139.50166179335065, 35.50142222113789], [139.5016624827294, 35.50142394027667], [139.50166504907858, 35.501428674855084], [139.50162236006994, 35.50149238724006], [139.50166260456865, 35.50143251586313], [139.5016635497746, 35.50143117810035], [139.5016652436542, 35.501430749466856], [139.50166736571305, 35.501425058680006], [139.5016696795732, 35.50142608755352], [139.50162242789725, 35.50149224747299], [139.50166715383102, 35.50142791106365], [139.501664635683, 35.50142945453583], [139.5016611344703, 35.50143568413679], [139.5016615493065, 35.50143694756572], [139.501657324511, 35.50144235158038], [139.50165520342304, 35.50144567247583], [139.5016226004755, 35.50149238292921], [139.50165495336816, 35.50144552595663], [139.50165594194124, 35.50144636089494], [139.50162280322874, 35.50149230668903], [139.50165508398365, 35.501446398007964], [139.50165438332664, 35.50144711045009], [139.50165173046247, 35.501445344049614], [139.5016527239329, 35.50144738250331], [139.50165489037892, 35.50144142539176], [139.50165646956506, 35.50143624960978], [139.50162297754315, 35.50149233992528], [139.501654415956, 35.50144103392012], [139.50162298278062, 35.501492607807975], [139.50165199093257, 35.50143736381534], [139.50165285444592, 35.50144207186987], [139.50165384876797, 35.50144150426805], [139.50165368707795, 35.501441801447456], [139.50165555852018, 35.50144417368094], [139.5016230218382, 35.50149282466591], [139.50165183665712, 35.50144001950997], [139.5016495827473, 35.501443560232445], [139.5016482371302, 35.501444080616196], [139.50164393225032, 35.501446637215956], [139.50164308518353, 35.50145002274387], [139.50163763038105, 35.50144895719104], [139.50162381375353, 35.50149375866144], [139.5016701461062, 35.50146169924671], [139.5016684106381, 35.50146465987495], [139.50162385417462, 35.50149373166658], [139.50167045880622, 35.50146660118784], [139.5016238918619, 35.50149360207097], [139.50167067888611, 35.50146490613479], [139.50167388598857, 35.50146745221571], [139.50167525776718, 35.501469003598444], [139.5016239948655, 35.50149341707635], [139.50167688082658, 35.50146804030057], [139.5016774211054, 35.50146329600753], [139.50167671912396, 35.50146753773411], [139.50167758407667, 35.50146939410755], [139.50167665889737, 35.50147214644459], [139.50162416671174, 35.501493163767066], [139.5016749203832, 35.501472078487595], [139.501625217114, 35.50149412982862], [139.50167730712988, 35.501474044053566], [139.50167909640712, 35.501469929930245], [139.50167761041658, 35.501477037197965], [139.50162573631968, 35.50149476219786], [139.5016774984352, 35.501472675083114], [139.5016750395169, 35.50147336195706], [139.501625782166, 35.50149490293667], [139.5016772978796, 35.50147451780898], [139.50167591009497, 35.50147458571714], [139.50167541536405, 35.501474134836876], [139.5016258167096, 35.50149490999408], [139.50167649607127, 35.50147385283664], [139.50167757687055, 35.50147562628198], [139.50167951371307, 35.50147700997214], [139.50168446725013, 35.50147115423724], [139.50168688230985, 35.50146763730319], [139.5016899072375, 35.50146631599656], [139.5016259609071, 35.50149485811652], [139.50169056175127, 35.50146705009877], [139.5016877610463, 35.50146503411323], [139.50162612590276, 35.50149505665614], [139.50168839611646, 35.50146477938262], [139.50168978998394, 35.501467914626176], [139.50168960733612, 35.50147392363475], [139.50169095910945, 35.501478779468805], [139.50169545205858, 35.50147419134587], [139.50169467005037, 35.501470560063105], [139.50169825280378, 35.501477287117304], [139.5016988680906, 35.50148045847281], [139.50170304906226, 35.50147111029692], [139.50170945609918, 35.501468477314155], [139.5017080379728, 35.501465851934164], [139.50162647343151, 35.50149514231061], [139.50170646378285, 35.50146918784865], [139.50170709438453, 35.50146793590763], [139.50170610388298, 35.5014700581287], [139.50171059483893, 35.50147026824854], [139.50170716012443, 35.501470498575785], [139.50162649139295, 35.50149529125173], [139.50170580049434, 35.50147380765393], [139.50170346042168, 35.50147121763697], [139.50170233893576, 35.50146989464215], [139.50170734848518, 35.5014725662192], [139.50170543515927, 35.50146942307023], [139.50170168963606, 35.501471236908465], [139.50170208258692, 35.501468793515706], [139.50170213722924, 35.50146895813958], [139.5017051244918, 35.501467605746754], [139.50162674933563, 35.501495208733004], [139.5017055673846, 35.501469673647186], [139.5016268110535, 35.50149526554479], [139.5017080994918, 35.50147172077398], [139.50170348846265, 35.50147323070622], [139.50170405134318, 35.50147529260677], [139.50170423458027, 35.501474388951785], [139.5017030638778, 35.50147467573228], [139.50170187248747, 35.501473097196666], [139.50170577901474, 35.50147189916614], [139.50170212740957, 35.50146930491166], [139.50169985384701, 35.50146236023256], [139.50169774179682, 35.50145840816245], [139.50169954105684, 35.50145854606041], [139.50162702867024, 35.501495219620445], [139.50170241046652, 35.50146245595231], [139.50170682584942, 35.50146226912574], [139.50162711236445, 35.501495394129314], [139.50170798488747, 35.501464928458226], [139.50162714547074, 35.50149541513551], [139.50171220485905, 35.50146140642306], [139.50171374702043, 35.501462204453084], [139.5017140757492, 35.5014674568561], [139.50171729743047, 35.50147119861973], [139.50172051773083, 35.5014703753008], [139.50172065744235, 35.501468655571244], [139.50171956251248, 35.501470538807546], [139.5017218383799, 35.5014710797825], [139.50171987840957, 35.50147367641173], [139.50172143907875, 35.50147194496219], [139.50172333672708, 35.50147464729191], [139.50162742112101, 35.501495405010104], [139.50172355685717, 35.5014739795566], [139.50172451678046, 35.50147166659587], [139.5017278851965, 35.50146990957562], [139.50172752833478, 35.50146887147791], [139.5016274874906, 35.50149533176289], [139.50172728383464, 35.50147044728449], [139.50172529194109, 35.50146891320984], [139.50172378289383, 35.501469492155394], [139.50172331106333, 35.501470585965414], [139.50172408808177, 35.501474682759415], [139.5017237903963, 35.50147136745328], [139.50172394397984, 35.501465771868936], [139.50172554485587, 35.50146077072811], [139.50162764249745, 35.50149521469847], [139.50172465472488, 35.50146234322052], [139.50172416267267, 35.50145962493482], [139.5017235536234, 35.50146098206125], [139.50172480218401, 35.501462704948906], [139.50172298641615, 35.501463074327], [139.5017195738339, 35.50145981351766], [139.5017202283844, 35.50146382300954], [139.50172006930282, 35.50146915444249], [139.50172159541643, 35.50146861398742], [139.5017234734656, 35.50147008541016], [139.50172554769935, 35.50147477097542], [139.50172816999634, 35.5014784724565], [139.501722372827, 35.50148125140632], [139.50171496914334, 35.5014788392354], [139.50171907860428, 35.50147697459339], [139.50162777348436, 35.501495394847865], [139.5017177912817, 35.501476552551416], [139.501717822978, 35.501476295304755], [139.50171882775086, 35.501483194329964], [139.50171854184845, 35.50148991946395], [139.50171682107123, 35.50148904400722], [139.50162782414998, 35.50149544668824], [139.50172526296925, 35.501490621849356], [139.50172247776703, 35.50149750004138], [139.50171790184888, 35.50149249278003], [139.50171859927784, 35.501491054244674], [139.50171758051025, 35.501484794433615], [139.50171549104522, 35.50148207711847], [139.5017143445936, 35.50148370391966], [139.50170624739746, 35.501482812501486], [139.5017043983067, 35.50148644168351], [139.50170678170895, 35.50148286734882], [139.5016279965605, 35.50149574104034], [139.5017076699666, 35.50148218626016], [139.50170734047327, 35.50148284677828], [139.50170827414885, 35.501483435552686], [139.50162794950216, 35.50149555575951], [139.50170710013512, 35.50148453716298], [139.50170983064842, 35.50148488388689], [139.50162813002854, 35.50149556632473], [139.50170747396152, 35.50148472851991], [139.50170304858102, 35.50148457852503], [139.50169949899998, 35.50147984822148], [139.50169605429807, 35.50147882505911], [139.5016283073918, 35.50149561615876], [139.50169427343488, 35.50147529324151], [139.5016921509079, 35.501472565510404], [139.5016284507697, 35.50149549040419], [139.50169212283487, 35.501471310133645], [139.50168734846616, 35.5014695572257], [139.5016834867079, 35.50146667455245], [139.50168215757745, 35.50146679932845], [139.5016286703406, 35.501495522913], [139.50168064650111, 35.501465528594615], [139.50162853961783, 35.50149579730329], [139.50167702008784, 35.5014675071623], [139.501628535306, 35.50149596191741], [139.50167738039931, 35.50146918077197], [139.50162846220397, 35.50149628992008], [139.50167646955035, 35.501472020528595], [139.50162822641838, 35.50149702445777], [139.50167502386324, 35.501470736463], [139.50167698128817, 35.50147482392592], [139.50162822120816, 35.501497081063064], [139.5016781465575, 35.50147362835988], [139.50168067422837, 35.5014712430067], [139.5016806574271, 35.501466288531674], [139.5016801745822, 35.50146712350234], [139.5016816536475, 35.50146838031495], [139.50168263489468, 35.50146742911104], [139.50169028552259, 35.501465396409394], [139.50169322837309, 35.50146561764614], [139.501697101601, 35.50146304071762], [139.50170065123, 35.50145992154723], [139.50169677640395, 35.501456504861075], [139.5016957949699, 35.501453200271094], [139.50169674284209, 35.501449243602124], [139.501628468365, 35.501496917637674], [139.50169119352347, 35.501445748654056], [139.5016899532043, 35.50144542322439], [139.5016892243367, 35.50144814821368], [139.50168759562703, 35.50145087735731], [139.50168463377224, 35.50145319279069], [139.50168091352606, 35.50145317203633], [139.50162862102746, 35.501496626651786], [139.50167890928228, 35.50145258438146], [139.5016749261136, 35.50145667570647], [139.50162877716585, 35.5014968851514], [139.50167108302324, 35.50145888773095], [139.5016741830867, 35.50145973873696], [139.5016769604994, 35.5014611390805], [139.50167662875327, 35.50145851681605], [139.50167537460993, 35.501460428269226], [139.50162882551865, 35.501496923103026], [139.5016770016989, 35.50146161660578], [139.5016737193405, 35.50146079574236], [139.50167645945461, 35.50146162444622], [139.50167366605115, 35.50146044853537], [139.50167320381163, 35.5014594627038], [139.5016714378629, 35.501461843927046], [139.50167093787886, 35.50146288536297], [139.50162936708224, 35.501496547223894], [139.5016327226804, 35.50149579653384], [139.5017120295202, 35.50143940650751], [139.50171555726936, 35.50143590968645], [139.5017104055337, 35.50144156398263], [139.50163273704894, 35.50149578972634], [139.50170635156482, 35.501442370407524], [139.50170843798364, 35.5014448544922], [139.50171183326495, 35.50144255347014], [139.50171412525685, 35.501444194997866], [139.50171664691305, 35.5014453549984], [139.50171073991922, 35.50144188757341], [139.50170825235162, 35.501447454830625], [139.50163282891143, 35.50149554933244], [139.50170759951013, 35.50144962552407], [139.50163284572406, 35.501495562792634], [139.50170733763773, 35.50145033465225], [139.50171060799565, 35.501447311793655], [139.50163288062066, 35.50149556280834], [139.50171065096893, 35.50145031550276], [139.50163290014459, 35.50149547289208], [139.50170496220596, 35.50145611031789], [139.50170044479083, 35.50146019697736], [139.5017006401993, 35.501460553376546], [139.50170367725164, 35.50146015524265], [139.50170325983686, 35.501462146361895], [139.50170418315443, 35.50146081076986], [139.50163307832722, 35.50149529583418], [139.50170393581666, 35.50145684038239], [139.50163311175731, 35.5014951490054], [139.50170378861333, 35.5014532224766], [139.50170705032053, 35.5014525011601], [139.50163315180922, 35.50149491324735], [139.50170767560243, 35.50144528406128], [139.50163316271158, 35.50149476665026], [139.50170829474237, 35.50144261686942], [139.5016331751858, 35.5014946391413], [139.5017071015836, 35.50143826411935], [139.50163318425336, 35.50149455090269], [139.50170846483763, 35.50143382799586], [139.50163320455488, 35.501494436119714], [139.5017151264561, 35.50142493788289], [139.50163323355363, 35.50149423071242], [139.50171398671213, 35.50142332141533], [139.50163325675365, 35.50149406005068], [139.50170163627905, 35.501426912222925], [139.50163325107772, 35.50149399359333], [139.50169467654104, 35.501427175863974], [139.50163330252255, 35.501493808064176], [139.5016952017427, 35.50142723370237], [139.50169394204093, 35.501428667289495], [139.50169520109594, 35.50143116264572], [139.50169259306287, 35.501431720849446], [139.50169344343422, 35.50143125724875], [139.5016905361056, 35.501435873507155], [139.50163337862435, 35.501493569817285], [139.50169134892724, 35.50143692365954], [139.50169172702903, 35.50144102480529], [139.5016927280363, 35.501443574960604], [139.50169472971461, 35.501443807378976], [139.50169579329872, 35.501442284285986], [139.50169257891685, 35.501439068046075], [139.50169549597484, 35.50143841713612], [139.50169253885414, 35.50144004687534], [139.50168930615095, 35.50143896808543], [139.50163352483264, 35.501493502310076], [139.50168922618366, 35.501435901847316], [139.50168404277383, 35.501443702689336], [139.5016847485744, 35.50144296617429], [139.5016864112862, 35.50144793527743], [139.50163358166353, 35.50149346912471], [139.5016883761186, 35.50144816205414], [139.50168735160753, 35.501455419332025], [139.50168792833728, 35.50146268468432], [139.50168983538262, 35.50146581551456], [139.50169056361906, 35.501469512404924], [139.5016922734617, 35.50147270679964], [139.5016337978654, 35.501493647516966], [139.50169403606606, 35.50147369699026], [139.50169521795115, 35.501473827566], [139.5016961749064, 35.50147367237334], [139.50170029808328, 35.50147295523454], [139.5016996682976, 35.50147326169402], [139.50170089958524, 35.50147334442995], [139.50170202581097, 35.50147256100464], [139.50163419192234, 35.5014937840022], [139.50170078419922, 35.50147226452607], [139.50170433710255, 35.50147004311209], [139.50170595878188, 35.50147014448782], [139.50170864362767, 35.50147234119947], [139.50170915756894, 35.501473543977156], [139.50171046606982, 35.50147556534148], [139.5016344770476, 35.501493867519535], [139.501711444307, 35.50147368021695], [139.5017081193226, 35.501471046848735], [139.50170801230226, 35.501470366794265], [139.50170488387687, 35.50147396583685], [139.50170481498063, 35.50147349519834], [139.50170300803222, 35.50147227735168], [139.5017048496782, 35.50147070795811], [139.50163476520606, 35.501493922288304], [139.50170507025786, 35.501467819452145], [139.5017045353766, 35.50146532440121], [139.50170784693194, 35.501464456384774], [139.5017102700899, 35.501463529875934], [139.50171287801888, 35.50146870958181], [139.50171177995168, 35.5014690607031], [139.5017074383793, 35.501467315989295], [139.50171081074518, 35.501465646544574], [139.50163513222927, 35.501493719193356], [139.50171228034063, 35.50146464235719], [139.50171570945966, 35.50146360930182], [139.50171512618178, 35.50145817103932], [139.50163519595938, 35.50149366378989], [139.50171445618494, 35.50145581285923], [139.50171364386387, 35.501459504316536], [139.50171050420914, 35.50145742422918], [139.50163523457303, 35.501493576809295], [139.50171711211578, 35.501456098398904], [139.50172143295853, 35.501453634113886], [139.5017207558138, 35.501453820767665], [139.50172321301127, 35.50145244355734], [139.50172512246522, 35.501452076836465], [139.5017285870432, 35.50144939429427], [139.5017267176169, 35.50145291451715], [139.501726549528, 35.50145198938963], [139.50172733819284, 35.50145141286348], [139.50172932174868, 35.50145539466105], [139.50163545828534, 35.501493383486036], [139.50173115316156, 35.50145190037739], [139.50173451453978, 35.50144805875512], [139.5016354943251, 35.501493355888186], [139.50173097726642, 35.50144569876618], [139.501730543231, 35.50144434697133], [139.5017299754034, 35.50144361432516], [139.50173106634307, 35.501444263143675], [139.50173131000093, 35.50144489264645], [139.5017301311429, 35.50144457430531], [139.5017293968695, 35.50144719358578], [139.50163567558604, 35.50149335741709], [139.5017262469278, 35.501447096258225], [139.50172464615065, 35.50144754362652], [139.50172233663008, 35.501449653751244], [139.5017244454508, 35.50145118192063], [139.50172270014284, 35.501450653295365], [139.5017216358759, 35.5014511948191], [139.50172230168312, 35.50144938877476], [139.501635777843, 35.50149353372284], [139.5017187929656, 35.50145277659399], [139.50172546246608, 35.50145230779885], [139.50172220839997, 35.50144863285941], [139.50172406053812, 35.50144882311476], [139.50163587773835, 35.501493615789464], [139.5017266452852, 35.5014476082678], [139.5017245468347, 35.50144592775137], [139.50172244239425, 35.50144869820611], [139.50172051438582, 35.501449160794934], [139.50172080623815, 35.50145047594307], [139.5017176250133, 35.501450927083155], [139.50171353144793, 35.501448955531046], [139.5017109357774, 35.50144950134443], [139.50170855909354, 35.50145163107926], [139.5017103351569, 35.50144851011267], [139.50163606295726, 35.50149352589494], [139.50170624762802, 35.50145266425221], [139.50170742756166, 35.501451177964675], [139.5017078501535, 35.50145215855166], [139.5017070988117, 35.50144963149268], [139.50170989255713, 35.50145032111875], [139.50163619439164, 35.5014935633713], [139.50170994954217, 35.5014521159557], [139.5017074843518, 35.501452570531974], [139.50170420897692, 35.501453689251264], [139.50169555844647, 35.50145053374587], [139.50169028111804, 35.50144808555286], [139.50169023043435, 35.50145011802357], [139.50169044843116, 35.501449428283244], [139.50169457044024, 35.50145045862309], [139.50169706769262, 35.501447329998726], [139.50169107923625, 35.50144606857846], [139.50169167747126, 35.501442679008086], [139.5016363688136, 35.50149338937526], [139.50168990202653, 35.50144258398503], [139.5016935234812, 35.50144218363821], [139.50169516951473, 35.50143847278159], [139.5016938895333, 35.50143685677513], [139.50163641474748, 35.50149322551244], [139.50169538206478, 35.50143422430727], [139.50169487060063, 35.50143034958597], [139.5016934895992, 35.50143224107974], [139.50169482381898, 35.5014318490057], [139.50169248165358, 35.501433746613635], [139.50163648160105, 35.50149306874972], [139.50169038393025, 35.50143738031579], [139.5016953550807, 35.50143668408655], [139.50169195654297, 35.50143981514402], [139.50169115131163, 35.50144020843787], [139.5016365355518, 35.50149300049623], [139.50169418914587, 35.501441141408115], [139.50163655079754, 35.50149299768606], [139.50169563391805, 35.50143695378926], [139.5016972615244, 35.50143559756719], [139.50169786780967, 35.501435079151854], [139.5016976759452, 35.5014358168307], [139.50169830664802, 35.50143316990149], [139.50170257776156, 35.50143247591606], [139.50170229072546, 35.501428669813805], [139.5016970555648, 35.501428882732554], [139.50169685246414, 35.501429458393645], [139.50169857297877, 35.50143160582171], [139.50169884930054, 35.50143223831605], [139.50169529600163, 35.501433224792194], [139.50169362181606, 35.50143594026886], [139.50169388159972, 35.50144013378645], [139.50169428621052, 35.50144267694306], [139.50169600226113, 35.50144410160477], [139.50163688488465, 35.501493106065766], [139.50169707604698, 35.50144305463378], [139.50169821011298, 35.501440781034525], [139.50170212307881, 35.501442754634795], [139.50170706901937, 35.50144719842096], [139.50163698810942, 35.50149307476426], [139.50170316953066, 35.50144905375652], [139.5016369897034, 35.501492945054366], [139.50170278153516, 35.501450238909484], [139.50170273920412, 35.50145139020798], [139.50170279198932, 35.5014558646026], [139.50170558211627, 35.501454100543214], [139.501705373373, 35.501453291294865], [139.50170484778397, 35.50145454273129], [139.50163706231535, 35.50149278021159], [139.50170492790514, 35.501457576371905], [139.50170603418596, 35.501461349498314], [139.501705902619, 35.5014652649606], [139.50170284244848, 35.50146405380479], [139.50170473156695, 35.50146165085968], [139.50170476436287, 35.501461143784475], [139.50170494062107, 35.501459778176134], [139.50170305116748, 35.5014598649097], [139.5017056268008, 35.50146344519762], [139.50163721115106, 35.50149256427245], [139.50170428091116, 35.501465490213974], [139.5017054407929, 35.50146739246158], [139.50170443109008, 35.50147157556011], [139.50170340320278, 35.50147476600741], [139.5016372700205, 35.50149260393758], [139.5017015337393, 35.50147028844843], [139.50170275036905, 35.501471095205694], [139.50170023544322, 35.501473070694004], [139.50163739438787, 35.50149240574946], [139.5016953073282, 35.50147827134781], [139.5016331738341, 35.50150122537146], [139.50169092334855, 35.50149058277184], [139.5016272786302, 35.50151579824054], [139.5016901363759, 35.50150758806364], [139.50162470003272, 35.50153087603418], [139.50168120263365, 35.50152853117849], [139.50162231594888, 35.50154801130484], [139.50167908552677, 35.5015377102703], [139.50165310123305, 35.50159472661563], [139.50161707574514, 35.50163826797078], [139.501705511021, 35.501672816983145], [139.50166686759368, 35.50169425591701], [139.50175372540974, 35.50173540685214], [139.50183655217575, 35.50176919628353], [139.50188367136977, 35.50180915976291], [139.50184518823912, 35.50185710152478], [139.5018166183886, 35.501899051023166], [139.50179087205845, 35.501940636869584], [139.50177373942, 35.50199209646841], [139.50176255296347, 35.502045812270005], [139.50175431932354, 35.50212708693462], [139.50172917705515, 35.50216403702728], [139.50169156356313, 35.502200480298555], [139.50164181676172, 35.502224089119736], [139.50159005321598, 35.50225987750126], [139.50153968230833, 35.50228579301311], [139.50147961116008, 35.502339503102945], [139.50142345850563, 35.50238239425335], [139.50138154908694, 35.50241933305164], [139.50133716415942, 35.502454497518194], [139.50127147473174, 35.50250768345753], [139.50121294621815, 35.50253430789433], [139.50115585139287, 35.50256806922252], [139.50110419656292, 35.50260517435227], [139.50105209209207, 35.50263597455297], [139.50099859257398, 35.502667052451685], [139.50092723175572, 35.502705666354984], [139.50086811219, 35.50274174989861], [139.50080974964925, 35.50276494238168], [139.50074787213697, 35.50274215069261], [139.50072851993608, 35.50270149013021], [139.5007059412231, 35.50264338858212], [139.5006900919796, 35.5026026292872], [139.50067355901743, 35.50256577114193], [139.50065387933887, 35.50249380097155], [139.50063366768967, 35.5024341218763], [139.50061539737857, 35.502373590910885], [139.5005840811274, 35.502293421015935], [139.50056459268325, 35.502250829362666], [139.50056164561641, 35.50224150654319], [139.50055007121702, 35.502182467630846], [139.50054315176718, 35.50212192986092], [139.50053619341756, 35.50206893383052], [139.50052784359707, 35.50200872365913], [139.50052916493212, 35.50195342385946], [139.50057066343794, 35.50191384475797], [139.50060700167313, 35.50187326708352], [139.50064204659793, 35.501847877195665], [139.50072433862576, 35.50180819684353], [139.50076049844805, 35.501772499455576], [139.50082968167237, 35.501728553188464], [139.50088051120076, 35.50169584738289], [139.50092567466504, 35.501663207854904], [139.5009833303727, 35.5016181183889], [139.5010176433138, 35.501570635194085], [139.50103815041325, 35.50151239509864], [139.50104029081916, 35.50145817322363], [139.50108536068964, 35.5014174770745], [139.50114757629785, 35.50143143689764], [139.5011951639253, 35.501444601603325], [139.501253378353, 35.50147885972501], [139.50132053876317, 35.501501427267506], [139.50135996340404, 35.5015140816181], [139.50145096990443, 35.50154660244867], [139.50154656703035, 35.50158613675064], [139.50163995985758, 35.50162193777163], [139.50171355320953, 35.50164567214965], [139.50177447027016, 35.501673169630145], [139.50181911659354, 35.50170642586004], [139.5018614362441, 35.50175552824559], [139.5018611246312, 35.5017985897235], [139.5018417250925, 35.50184837605435], [139.50181351804798, 35.5019023078009], [139.50178750218785, 35.50196911411543], [139.50176524448267, 35.50204211941256], [139.50174573156863, 35.5021175868638], [139.5017132260212, 35.50218736300483], [139.50168120189403, 35.50224191980629], [139.50163195197445, 35.50229338243372], [139.50157536056173, 35.502343887258554], [139.50152140512586, 35.50239524068584], [139.50145672526997, 35.502444621639356], [139.50138104490338, 35.50249078094738], [139.50130678077272, 35.502551327998894], [139.50123214830083, 35.50261414060332], [139.50115835586323, 35.50267424159902], [139.50109728595564, 35.502729924735156], [139.50102963831728, 35.502783092966396], [139.5009727109903, 35.5028338297693], [139.50090680335387, 35.50288704973939], [139.50084927694476, 35.50293305981259], [139.5007793889083, 35.50296884934802], [139.50067616624202, 35.50300537653762], [139.50059023678037, 35.503024896690235], [139.5005187006424, 35.50303897256723], [139.5004547870457, 35.50305575137881], [139.50037584507646, 35.503074460053774], [139.50030190138617, 35.5030948695233], [139.5002478025675, 35.50310727097918], [139.5001983106991, 35.503122432865865], [139.5001438447155, 35.5031251540467], [139.50009006387236, 35.50309146761421], [139.50003902872956, 35.50304602923285], [139.4999867101205, 35.50300064078296], [139.4999259544748, 35.50294830149001], [139.49988977572295, 35.50293028292782], [139.49981877755096, 35.502882261126395], [139.49973731986768, 35.50283137580302], [139.49965764551288, 35.50278031576379], [139.49958315645955, 35.50272132473019], [139.4995224803158, 35.5026607517205], [139.49947344943317, 35.502598756251466], [139.49943563531068, 35.50252932839028], [139.49941154730342, 35.50245318159367], [139.49939766910055, 35.50237596544467], [139.49939449576277, 35.50233289662675], [139.49939549771392, 35.502255367563635], [139.49938884454554, 35.502169319681414], [139.49938821422862, 35.50208680522204], [139.49938825938906, 35.502002691617264], [139.4993700235554, 35.50193295958157], [139.49936848784452, 35.501855263641175], [139.4993511080474, 35.50178720766839], [139.49933076695527, 35.50172139729292], [139.4993018324711, 35.50165811591895], [139.49927517196332, 35.50160386912235], [139.4992533866458, 35.50152741714894], [139.49925077544677, 35.50148161269345], [139.4992704468899, 35.50142415625771], [139.49927500586327, 35.50140337508531], [139.49936976690387, 35.50138727816823], [139.49943134927932, 35.50136716543927], [139.4995021724147, 35.5013446173697], [139.49956736881992, 35.501329569313924], [139.49962585245996, 35.50131127371256], [139.4997101678775, 35.50128387006278], [139.49976392863567, 35.50126084484434], [139.49982427428952, 35.501240262974264], [139.49986665529516, 35.50123000566779], [139.49993935509409, 35.50120215419124], [139.50000142346724, 35.501181746181636], [139.50005271245033, 35.50116544876705], [139.50013108356316, 35.50115872125767], [139.50019806235187, 35.50115782242237], [139.50026346436042, 35.5011657243984], [139.50033651896928, 35.501176482826516], [139.50040698209762, 35.501196085824056], [139.5004772864377, 35.5012206832413], [139.50055092069564, 35.50124673316894], [139.50062643895282, 35.50126950644117], [139.50069546783604, 35.50128569062187], [139.50076127581642, 35.5013024215062], [139.50081982614978, 35.50132393357958], [139.50088365682117, 35.501340285707634], [139.500950406121, 35.50135234906988], [139.50100227839172, 35.50136613251392], [139.50106290050238, 35.50138443589939], [139.50111437448575, 35.501368602785], [139.50115688628742, 35.501345853738], [139.50117334088603, 35.501280787809876], [139.50116120236487, 35.50120291864556], [139.50113986344812, 35.50116065134685], [139.5010984827451, 35.50111077996505], [139.50108542539613, 35.50104714032613], [139.5010861092917, 35.501003276001875], [139.5010912566297, 35.5009555183342], [139.5010851537907, 35.500906672097294], [139.5010781963333, 35.500859922665775], [139.50106645479795, 35.500815624785815], [139.50104980412027, 35.5007466846468], [139.50104227476774, 35.500697912573344], [139.5010379290196, 35.500647297395716], [139.50102641017324, 35.50059524756333], [139.50101756399056, 35.50054867483012], [139.50100543820545, 35.50048660821067], [139.50101208157156, 35.500437790970274], [139.501019421788, 35.50044381482989], [139.50102129556265, 35.50052092011033], [139.50103394983586, 35.50058149508808], [139.50104209657312, 35.500633884770025], [139.5010480766067, 35.50068976723488], [139.50105428812304, 35.50074337728542], [139.50106304668776, 35.50079433324797], [139.50105315378562, 35.50085869934326], [139.5010750097183, 35.50089835447293], [139.5010889446469, 35.50095774670014], [139.5011548370372, 35.50097134533726], [139.50121612048008, 35.50098156787221], [139.50126676775835, 35.50097225258934], [139.50133685602788, 35.50098149269843], [139.50140305999432, 35.500970347656015], [139.50149917339002, 35.50095480907254], [139.50156268573502, 35.50094327423405], [139.5016276606463, 35.500945659845236], [139.50169426654404, 35.500950871301576], [139.50176185854156, 35.50094596155338], [139.5018196547619, 35.50094377892717], [139.50191618099, 35.50094243039306], [139.5019646566532, 35.50093344866576], [139.50202839017436, 35.50091095192259], [139.50207227680497, 35.500882448351454], [139.50213638553362, 35.50085411462596], [139.50217877801165, 35.50082710714395], [139.5022450799546, 35.50078508198613], [139.50228640347086, 35.50076522592801], [139.50234213829543, 35.50071903621789], [139.5024028941952, 35.500674250037015], [139.50244401385547, 35.50064381714471], [139.50250397295596, 35.500586734003974], [139.5025527975626, 35.500539439303424], [139.50258552656123, 35.500523050003835], [139.5026355229286, 35.500489740841324], [139.50268065934577, 35.50044713138895], [139.50272639457648, 35.500410151515794], [139.50277386847134, 35.50037668607402], [139.50284166613915, 35.50032449942335], [139.50286338673916, 35.50028416652218], [139.50290509830506, 35.500227627099754], [139.50292543511526, 35.50016302097916], [139.50293512563053, 35.50010929240306], [139.50297371270364, 35.5000735809968], [139.50301853920817, 35.500090777186344], [139.50307171342322, 35.500129699388815], [139.50313253501346, 35.500161341736984], [139.50318842218078, 35.500195850141246], [139.50323408993782, 35.500234137378264], [139.50326857508915, 35.50027481728925], [139.50330527998216, 35.500314725345646], [139.5033343665226, 35.50033266612356], [139.50338942922897, 35.50036848361684], [139.5034519171165, 35.50041203740692], [139.50353428678113, 35.500448345237764], [139.50358558546247, 35.500479171164315], [139.5036314525117, 35.50050112013913], [139.50368349270155, 35.50052435762045], [139.5037336384327, 35.50054170390133], [139.50381257022036, 35.50057784325314], [139.50386917251228, 35.50059638564368], [139.50392171247447, 35.50061864719806], [139.50397345345687, 35.50064395371345], [139.50404374386306, 35.50066937698656], [139.5040956695817, 35.500690110533206], [139.50416921802253, 35.5007187077277], [139.50422755514433, 35.50075677264391], [139.50428599364236, 35.50080358684719], [139.50432011712047, 35.500828255820885], [139.50438422177092, 35.500873706512195], [139.50444378690426, 35.50092581541368], [139.50448962418008, 35.50095548151155], [139.50453688263767, 35.50099975003087], [139.50460309354827, 35.501027552133564], [139.50467406427066, 35.50103710200284], [139.50475584293042, 35.50105067331621], [139.5048447212234, 35.50105858281572], [139.5048985761739, 35.501068083667036], [139.5049723134687, 35.501096975980104], [139.505024177928, 35.50111738304218], [139.50511288814428, 35.501162318166294], [139.50520023751506, 35.501205541784664], [139.50527727951902, 35.5012425452015], [139.50535249884678, 35.5012752322696], [139.5054246099831, 35.5013205469299], [139.50547945456194, 35.501367125624675], [139.50551875714928, 35.501418667607346], [139.50554155763845, 35.50148380884464], [139.50555994385334, 35.501547078302224], [139.50557153407354, 35.5016223308763], [139.50558499910994, 35.50169263678267], [139.50559603988884, 35.50175576135116], [139.5056132923349, 35.50182902612668], [139.50563695015177, 35.50190674956757], [139.5056633452468, 35.50198033709688], [139.50568419419582, 35.50202143946293], [139.50571314102135, 35.50210121009284], [139.50572815049338, 35.502179144264055], [139.50574722089476, 35.502251564767754], [139.5057544060658, 35.50231869245982], [139.50576840054183, 35.50238383327182], [139.50577672506992, 35.50244943188745], [139.50577929312357, 35.502525868467735], [139.50579472822784, 35.50259660501568], [139.5057963694126, 35.502688692401996], [139.50578811683832, 35.502728759687464], [139.50579107357967, 35.50280967681218], [139.5057909724565, 35.50285831562979], [139.50579794722861, 35.50290745826866], [139.50579924544806, 35.502957306350766], [139.50580995231508, 35.50300227107592], [139.50582280660146, 35.503092852446336], [139.50582413488416, 35.50318094926028], [139.5058264726073, 35.503265710557336], [139.50582909349748, 35.50335064106433], [139.5058302184069, 35.50344151847393], [139.50584055183649, 35.50352521461601], [139.50583524410538, 35.503601159798926], [139.50582817707533, 35.50366860072279], [139.50581996255818, 35.50373702935646], [139.5058075066883, 35.503802489976025], [139.50580039226824, 35.50386566012528], [139.50579232282038, 35.503928196408786], [139.5057795280337, 35.503992063677416], [139.50576797731796, 35.50405240721781], [139.5057533817844, 35.50410570668327], [139.5057444430411, 35.504165874672914], [139.50573423879393, 35.50421689765215], [139.5057117587067, 35.504259038221036], [139.50565431586085, 35.504308289798004], [139.50560448666124, 35.50433845805837], [139.50548602751138, 35.50431225503136], [139.50541371808131, 35.504320095422855], [139.50533329196824, 35.50431428169164], [139.50525596378463, 35.50432200202665], [139.50518652801154, 35.50432574113971], [139.50511605706754, 35.5043309030252], [139.50505712078842, 35.504331808364], [139.50499713163683, 35.504334787272555], [139.50493780277537, 35.504342887182254], [139.5048775922582, 35.50434956012303], [139.50480200913566, 35.504361055948415], [139.50474097573874, 35.50437598231826], [139.5046614036826, 35.50436955364048], [139.5045803424068, 35.50436448229014], [139.50454367452585, 35.50433697355282], [139.50448987857175, 35.504311340008655], [139.50444861262017, 35.504278833460056], [139.50445094742634, 35.50421939447698], [139.50445866425284, 35.504176863535875], [139.50447705035, 35.50412186433983], [139.50449514294974, 35.50406042848295], [139.5045206053058, 35.503989198934896], [139.50452613891963, 35.5039014805783], [139.5045241558229, 35.50381797415802], [139.50452145173585, 35.50377392849554], [139.50451812563898, 35.503723148391536], [139.50451605028442, 35.503640123426216], [139.50450826159235, 35.50359266012898], [139.5044927862906, 35.50354715183217], [139.50447376527816, 35.50346596911424], [139.50443922910418, 35.503385468097584], [139.50439992993407, 35.503305072084835], [139.5043540234812, 35.503225442357575], [139.50430436552668, 35.50314682307099], [139.5042431722859, 35.50306918181814], [139.50417870225021, 35.50299924142125], [139.50414069512215, 35.502958793074264], [139.504074032144, 35.50288856359219], [139.50400698911312, 35.5028300132926], [139.5039774368865, 35.502810062401856], [139.50389725864673, 35.502752132315926], [139.5038085475161, 35.50270533410336], [139.5037240176314, 35.502653659925556], [139.5036363797363, 35.50260527448921], [139.50354124660294, 35.50255557043477], [139.5034426788892, 35.50250440352309], [139.50334123980616, 35.502453410148284], [139.50323073628462, 35.50240148044487], [139.50317420555908, 35.5023650641729], [139.50312445872245, 35.502345496645525], [139.50301869766838, 35.50229151501175], [139.50295913686674, 35.50225486201818], [139.5029085472846, 35.50223278951228], [139.50284935902692, 35.502195784018525], [139.50279857924167, 35.50217670402866], [139.5026883271355, 35.50212529982219], [139.50262704568868, 35.50208804367679], [139.50257690739178, 35.50206926584009], [139.50251647046275, 35.50203126255031], [139.502465658951, 35.50201347490119], [139.50240694879895, 35.50197574539239], [139.50235622237662, 35.50195625828701], [139.50224857224453, 35.501899305788335], [139.50218602091977, 35.5018612484056], [139.50213426144273, 35.50184068217112], [139.50207070834202, 35.5018022561899], [139.5020203393607, 35.501782890939296], [139.50195495882127, 35.501743863542984], [139.50190372369093, 35.50172453986576], [139.50183716829193, 35.50168673065657], [139.50178778109964, 35.50166503239958], [139.5017214018253, 35.501630297315906], [139.50166881310926, 35.50161406521488], [139.50160443209606, 35.50158055902264], [139.50155185172542, 35.501565371963096], [139.50144633190624, 35.50151673047468], [139.50134105064586, 35.501476574158595], [139.50127416874628, 35.50145198543596], [139.50117090934702, 35.501432979587186], [139.50106522040366, 35.501390394314576], [139.50096932447195, 35.50135785768737], [139.50087775530582, 35.5013233903569], [139.5007927970425, 35.501292366217044], [139.50071555075337, 35.5012727569843], [139.5006439361707, 35.501250227940616], [139.50054420479543, 35.50122113548246], [139.50047309108626, 35.5012048020874], [139.50040188527657, 35.5011784624862], [139.50037353509143, 35.50114805709828], [139.50028205595518, 35.50111500313222], [139.5002366080005, 35.50108852207844], [139.50015378802522, 35.50106546483282], [139.5000860716225, 35.50106405633885], [139.50007273748588, 35.50106730066646], [139.499976221289, 35.5011061367192], [139.49990763584884, 35.501131936373326], [139.499845526617, 35.50115302139224], [139.49977138554942, 35.50118084777543], [139.4997005354955, 35.501209058193034], [139.49964148814527, 35.501235268713906], [139.49957693744201, 35.50125998310342], [139.49950234635443, 35.50129146761545], [139.49945649185926, 35.501305434734675], [139.49938899670457, 35.50132620983493], [139.49932876414582, 35.50135057212827], [139.49924515746665, 35.5014008505361], [139.49922646837123, 35.50143070081892], [139.49922040963614, 35.501447961027935], [139.49921167799704, 35.50150425417622], [139.49923251940024, 35.50156883495758], [139.4992662382757, 35.50163231160582], [139.49929712410983, 35.50171700592216], [139.49932929678542, 35.50180119600833], [139.49934460195496, 35.50188674376768], [139.49935825978815, 35.50198653241255], [139.49935649669442, 35.50207791168464], [139.4993618022939, 35.50216938149528], [139.4993609703097, 35.502253388858556], [139.49936150780368, 35.50233833545711], [139.49937216752, 35.50242207042377], [139.49938858052224, 35.5025075346939], [139.49943280319678, 35.50257586626333], [139.4994823270585, 35.5026488882819], [139.49954684951985, 35.50271177120733], [139.49962504787038, 35.50277386531293], [139.49969868299007, 35.50283093318609], [139.4997813161639, 35.50289381362578], [139.49984563088108, 35.50295238784458], [139.49992599620552, 35.50301242276444], [139.4999540589427, 35.50303688851338], [139.5000115256659, 35.503114705462195], [139.50006156023883, 35.50318820453653], [139.50008922272576, 35.50327347434051], [139.50010807969267, 35.50335687963012], [139.5001176884058, 35.50343980212089], [139.50012384469, 35.50348873459466], [139.50013615380965, 35.503543443057794], [139.5001382923325, 35.503595470756835], [139.5001354649818, 35.503641969366605], [139.50013558869585, 35.50373716807116], [139.5001316499417, 35.503824341910736], [139.5001395908148, 35.50391156546509], [139.5001425065699, 35.504000657426836], [139.50015035816872, 35.50409020573683], [139.5001454051784, 35.50416940299824], [139.50014650040433, 35.504260514260494], [139.5001382027678, 35.504345822156935], [139.50011995136032, 35.50443841714271], [139.50010588750615, 35.50448704352188], [139.50008485602513, 35.504531296871725], [139.5000465690822, 35.50461766566853], [139.50000558370184, 35.504699417915106], [139.4999801439212, 35.50474501158422], [139.49995470287172, 35.504787770773596], [139.49990027710786, 35.504867870618824], [139.49987034626193, 35.50491035648455], [139.49981354786786, 35.504983218208466], [139.49975209497578, 35.50507377604724], [139.49971360505995, 35.50515616557611], [139.4996795975364, 35.50522878307799], [139.4996587770462, 35.50530977511445], [139.49964403234242, 35.50539119186753], [139.49963093359887, 35.50548808747146], [139.49963667195183, 35.50557764866025], [139.4996290665961, 35.50565796899424], [139.49961660528095, 35.50574866274687], [139.49960865597816, 35.50584241624827], [139.49961196402674, 35.505933767051864], [139.49961934417286, 35.506029077169785], [139.49961850428096, 35.50611955341461], [139.4996137848906, 35.50621447849007], [139.49961165645357, 35.50631022610965], [139.49959803754038, 35.5063964177236], [139.49958100402645, 35.50648495011299], [139.499512951115, 35.50657152854988], [139.49946501818334, 35.506624384782874], [139.49940997066736, 35.5066660090612], [139.49935136482557, 35.506688975866865], [139.49928925391572, 35.50670953770305], [139.49923155764498, 35.50672728168956], [139.4991766459826, 35.506736116296466], [139.49910478043554, 35.506737144466506], [139.4990375290671, 35.50674092657945], [139.49896130930267, 35.50674026527813], [139.49888772394695, 35.50674486050349], [139.49881544649466, 35.50674644624505], [139.49875004619435, 35.50675004943558], [139.49869033942647, 35.506755041675866], [139.4986320726123, 35.506757759674706], [139.4985696259356, 35.50676333071891], [139.49849873656865, 35.50676477842259], [139.4984221460073, 35.5067672406711], [139.49833656553366, 35.50677536940441], [139.49824730707985, 35.50677071485832], [139.49816152997371, 35.50676920403831], [139.49807708780264, 35.50677062461022], [139.49799820457994, 35.50676725169562], [139.49795918025205, 35.50676542244501], [139.49788714222447, 35.50675818441709], [139.49777411915815, 35.50674730166091], [139.49771485618845, 35.50672820139556], [139.49765297066114, 35.506693643865], [139.49762408977656, 35.50666992588606], [139.49758707472148, 35.506631073950174], [139.49755585595042, 35.50658441969633], [139.4975332097166, 35.50652741524412], [139.49752552552874, 35.50646470785069], [139.49752273230297, 35.50638934458501], [139.49752526604104, 35.50631546629657], [139.49752883601815, 35.5062382849803], [139.49752575268087, 35.50615165045797], [139.49752151262874, 35.506069966861446], [139.49752400910452, 35.50598653380388], [139.4975249774056, 35.50594046395835], [139.49752733440891, 35.505859977218094], [139.4975259860819, 35.505798804647796], [139.4975333824452, 35.50574402225566], [139.49752495121393, 35.505699027377965], [139.4975145187888, 35.50561807458175], [139.49744561454702, 35.50557624889989], [139.49739408118592, 35.505572110551235], [139.49731984920598, 35.50556661644376], [139.49723476799966, 35.50556615029344], [139.497140781205, 35.50556337275701], [139.4970522084496, 35.505565452853084], [139.4969595615202, 35.50555432321085], [139.49685120105934, 35.505540435558444], [139.4967730691305, 35.505522516451784], [139.4967221663075, 35.50548754464512], [139.49667188124144, 35.505464962872196], [139.49663247332086, 35.5054378334986], [139.4965851174799, 35.50540533084344], [139.49653831916825, 35.50537111016207], [139.49648032955264, 35.50534601426508], [139.49642343886103, 35.505322632890284], [139.49637226286617, 35.50529242559097], [139.4963313581307, 35.50526252490099], [139.49626796311935, 35.50522339754924], [139.49621391618905, 35.50520697482485], [139.49615210786982, 35.50519422096993], [139.4960829712776, 35.50517898021864], [139.49604268201205, 35.50516588006836], [139.4959676974421, 35.505151963642525], [139.49589166715523, 35.50514870336826], [139.49580420401503, 35.50516223012585], [139.49569120833152, 35.505164241120504], [139.4956649650832, 35.505157293089226], [139.4956035478834, 35.50512899234451], [139.49554101141686, 35.505106525495904], [139.49549137737105, 35.505076971284055], [139.49544763163087, 35.50504349503983], [139.49540469321124, 35.504999124719646], [139.4953730655925, 35.50494937291155], [139.49534162260733, 35.50486445985708], [139.49534211953804, 35.504805798959325], [139.49533376124165, 35.50473970503635], [139.49533070591488, 35.50467135471517], [139.49530876824073, 35.50460473925992], [139.4952833554687, 35.50453625031843], [139.49524636681545, 35.504476993402214], [139.49520248294567, 35.50442195347285], [139.49514894139142, 35.5043770404159], [139.49510539733942, 35.50430684840855], [139.49505764820393, 35.504252124715116], [139.49499199045312, 35.50419924456156], [139.4949358026837, 35.50415154513793], [139.49489815285443, 35.50409368900306], [139.49486781836302, 35.50402591616824], [139.49485085905573, 35.50395553161886], [139.49484268079158, 35.50389024698514], [139.49483573974965, 35.50385319636982], [139.49488087124232, 35.50377833142516], [139.49490468781994, 35.503715986476834], [139.49493769121096, 35.503650006400065], [139.49498590304782, 35.50360303849624], [139.4950332506457, 35.503541343160755], [139.49508081002193, 35.50348916437419], [139.49513370983684, 35.50343364081471], [139.4951718593607, 35.50338783923627], [139.49520567820144, 35.50334544768827], [139.49524422965436, 35.50329732080703], [139.4952996126043, 35.503252459885246], [139.49534175465348, 35.50323347689088], [139.49539079859133, 35.50320150193655], [139.49543605840822, 35.503183279713994], [139.49547766356883, 35.50318953658343], [139.4955321363941, 35.503220724060135], [139.4955917965623, 35.503250361180385], [139.49565139942092, 35.503290073673654], [139.4957172709217, 35.50333503831123], [139.49574479710304, 35.50336022057529], [139.49582193419502, 35.503413912293254], [139.49591045522695, 35.50347130283315], [139.4959993429197, 35.50352577855918], [139.4960865627241, 35.50357322512176], [139.49618192285232, 35.50362663899469], [139.4962393870008, 35.503664992792686], [139.49628197830796, 35.50369561395275], [139.49637725152098, 35.50376665650482], [139.49643533475748, 35.50380318752915], [139.49647670836367, 35.503837471894755], [139.49657461916297, 35.50390098924298], [139.49667168989595, 35.50395791242103], [139.49672716147714, 35.50399605672024], [139.4967741463351, 35.50402002712946], [139.49687164067163, 35.504083508230444], [139.49696432290995, 35.50414808947266], [139.49705923094243, 35.50421397951101], [139.4971546836592, 35.504274153135185], [139.49723659683767, 35.50434923835244], [139.4973108234642, 35.50442350732892], [139.49737772079845, 35.504495138394184], [139.49741346718687, 35.504541211805325], [139.49740990273372, 35.50460798442694], [139.49744820772113, 35.50470036413683], [139.4974704437626, 35.5047551369165], [139.49745918412935, 35.50480527642066], [139.49746140583548, 35.50486714627186], [139.49747174089714, 35.50491271122315], [139.49747213347888, 35.50497475175598], [139.49747628381135, 35.505023660268854], [139.49747530060105, 35.505086448653216], [139.49746875743998, 35.50513306984519], [139.49747115987762, 35.50523463802544], [139.4974752503267, 35.50531254153168], [139.49747187322572, 35.50539147161614], [139.49746908597749, 35.50545730344969], [139.49746931256232, 35.505511491015824], [139.4974706879874, 35.50554954034937], [139.49747257105957, 35.505601382491065], [139.4974740328114, 35.505666825483544], [139.49747486969758, 35.505739276653834], [139.4974775334148, 35.50581842528387], [139.4974708019567, 35.505910137976294], [139.49747175951998, 35.505997141790616], [139.49747108213631, 35.50608879994352], [139.49746847748045, 35.506181120434434], [139.49746829466278, 35.506255047557495], [139.49746599897819, 35.50634283629206], [139.4974754517188, 35.50642447810929], [139.49749060607274, 35.50649925542668], [139.49750484483098, 35.50656880362525], [139.49752815707507, 35.506630413189725], [139.49756026819634, 35.506673438895675], [139.49760416258803, 35.506716133451455], [139.49766322597293, 35.50675844473152], [139.49774039013093, 35.50678201244232], [139.49781837346504, 35.50680363786357], [139.49789678888214, 35.50680541251256], [139.4979746184859, 35.50680725452159], [139.49804654369817, 35.50681018767989], [139.49811431973612, 35.506816717517005], [139.49820297507276, 35.506862725209785], [139.49820889502558, 35.506874453406745], [139.4982289592872, 35.50693295556892], [139.49823410166584, 35.507003191536], [139.49823928721534, 35.50707966643583], [139.4982414417683, 35.507162995472775], [139.4982560483197, 35.50723907097043], [139.49825393868292, 35.507326754737385], [139.49825905546908, 35.507362585847574], [139.49825375103586, 35.507448534189436], [139.4982549137537, 35.50753949644422], [139.49826437272563, 35.50763069708672], [139.4982874175021, 35.507717078622285], [139.4983319860561, 35.50779718589246], [139.4983867097279, 35.5078855217504], [139.49845895922044, 35.50796350267911], [139.49854024041448, 35.50803853898139], [139.49861694190696, 35.50810421466365], [139.49870528060788, 35.50816588685577], [139.49879397536566, 35.50823250714346], [139.49884338555677, 35.50827217103886], [139.49892712490444, 35.50833931309163], [139.49898962285255, 35.50840875403955], [139.4990344861256, 35.50846595631094], [139.4990758365548, 35.50854698894672], [139.49909537494685, 35.50859052367725], [139.49912425340256, 35.508659337341875], [139.49912704919993, 35.50868082796125], [139.49913118479037, 35.50872948492909], [139.4991503891839, 35.508786226099524], [139.49915963914447, 35.50886944769938], [139.49916297887734, 35.508915093297816], [139.49916878416457, 35.50896926528616], [139.49917728793216, 35.50902909743521], [139.49916768630294, 35.50908581663325], [139.49916937153176, 35.5091464419542], [139.4991721908306, 35.50925040592085], [139.49917045347664, 35.50931455119411], [139.4991665211385, 35.50933972060778], [139.4991570067187, 35.509410787741366], [139.49912252182654, 35.50947645960903], [139.4990866580168, 35.50954018525015], [139.49904532521236, 35.509608614529505], [139.49900129633104, 35.5096834465174], [139.49895156820457, 35.50976009887771], [139.49890385715844, 35.50983992504623], [139.4988545362638, 35.509916912741815], [139.4988024761709, 35.50999543000964], [139.49875540429056, 35.51007636100721], [139.4987177403468, 35.51016079781015], [139.49866711980874, 35.51023878324599], [139.49859553345937, 35.510314548939036], [139.4985304257537, 35.5103997211671], [139.4984798303215, 35.51048699745602], [139.49842329935964, 35.51057832427784], [139.49836278012395, 35.51066652283985], [139.49830866558946, 35.510753774121], [139.4982411040465, 35.510838846702214], [139.49820996395988, 35.51086998650113], [139.49814926699872, 35.51095310211903], [139.49811554385644, 35.510999047022665], [139.49808747872726, 35.51103818856333], [139.49805360727186, 35.511084487788], [139.49802529044885, 35.51112703438217], [139.4979912308594, 35.51117305389315], [139.49796071653665, 35.51121604101772], [139.49792719857822, 35.51126316013679], [139.49789594587364, 35.51130411160791], [139.49783358105358, 35.51138185452502], [139.49776950325295, 35.51146845304373], [139.49773382081247, 35.51151994308154], [139.49770512941174, 35.51156200505921], [139.4976419828548, 35.511650712940735], [139.49757807734179, 35.51173730966549], [139.4975152868338, 35.511822962868294], [139.49748217307706, 35.51187160190836], [139.49742424367088, 35.51195662838185], [139.49736835059005, 35.51203958972114], [139.49732179917189, 35.512108864050525], [139.4972664932554, 35.51217994835859], [139.4972183319461, 35.51224696565287], [139.49717391301155, 35.5123103927825], [139.497146023953, 35.51235965468439], [139.4971066334641, 35.51240856325845], [139.49707542241347, 35.512457147934626], [139.49703044410725, 35.512528435830085], [139.4969991666144, 35.512593979868534], [139.49697056327176, 35.51262411468131], [139.49693722108466, 35.51266391263394], [139.49690359443616, 35.512695436759444], [139.49684717279513, 35.512734725950814], [139.49678575897732, 35.51267588965848], [139.49674737979169, 35.51264693591487], [139.49669926869012, 35.512595176694106], [139.49664534703822, 35.512548031031045], [139.49658381189448, 35.512495108683865], [139.49650955495778, 35.5124267166679], [139.49644591798835, 35.512354211864775], [139.49637227943256, 35.51228467762229], [139.49629809208236, 35.51221512616041], [139.49622243211905, 35.51213033571703], [139.49613519134596, 35.51204886751351], [139.49605270622217, 35.5119705212161], [139.49596463004883, 35.511889916412876], [139.49587768919696, 35.511803876425056], [139.49579561484646, 35.511724419485446], [139.49571558894021, 35.51164060230112], [139.49562000111723, 35.51156064752131], [139.49553400124393, 35.51148124150586], [139.49545136673544, 35.51140505619731], [139.49537602793026, 35.51133704560505], [139.49529760389473, 35.511255678696344], [139.49522060457787, 35.51118292772771], [139.49513955686177, 35.511112528171665], [139.4950522096336, 35.51103828438497], [139.49496632559772, 35.51096204171612], [139.49488151436847, 35.5108824287155], [139.49479961312983, 35.51080507114081], [139.49471776967428, 35.510718760883414], [139.49467627786214, 35.51067781133644], [139.4946003363682, 35.51060109209847], [139.4945114232533, 35.51052359534251], [139.49446045705741, 35.5104783635713], [139.49442510035735, 35.510442877121065], [139.4943397214807, 35.510364230635616], [139.49425944442905, 35.51028822784239], [139.49420950086494, 35.51024325431255], [139.4941724151873, 35.51020962151375], [139.4940871278193, 35.51013001186845], [139.49400144930053, 35.51004854592933], [139.49391576591464, 35.5099672915674], [139.493862151598, 35.50991647549805], [139.49382027641587, 35.50988536405427], [139.49376737853743, 35.50983346661061], [139.4937239384969, 35.50980189764094], [139.49367109365951, 35.509747102982075], [139.49363446900972, 35.509708119595764], [139.49357927767903, 35.50965366609865], [139.4935433167101, 35.50961894167128], [139.49348487865691, 35.50956196502873], [139.4934518565382, 35.50952176775883], [139.4933941131081, 35.50946758023574], [139.493306708365, 35.50937530983101], [139.49321746267793, 35.509283497094565], [139.49313239875585, 35.50919093043728], [139.49304457222692, 35.50909136070305], [139.49295790759692, 35.50900039945557], [139.49287955182356, 35.50892002992477], [139.49284051706653, 35.50888203499099], [139.49280098299278, 35.50884816144556], [139.49273059145972, 35.508781248996144], [139.49266238239537, 35.50870872581029], [139.49259551642683, 35.50864663386467], [139.49253559122567, 35.50858092953222], [139.49247317906864, 35.50852202336566], [139.49240875550842, 35.508455828127694], [139.49235576727784, 35.50839950729995], [139.4922957224377, 35.50834846371518], [139.49224144715342, 35.50829544845368], [139.49219051976632, 35.50824237517792], [139.49213349642875, 35.50818979220266], [139.49208759290175, 35.508137694183624], [139.4920311938406, 35.508099428080136], [139.4919838291041, 35.508053283690536], [139.4919356210778, 35.50801338598592], [139.4918864472787, 35.50797121361478], [139.4918215275977, 35.507917352158756], [139.4917825241896, 35.507866435440135], [139.4917434600384, 35.50779896278807], [139.49176407337504, 35.50775041645591], [139.49176665135468, 35.50770824548086], [139.49180429704552, 35.507661185150745], [139.4918563214335, 35.507585923868085], [139.49190017226775, 35.50753618113387], [139.49192007649555, 35.507511892087074], [139.4919661836281, 35.50745720226454], [139.49203111765368, 35.50737579143508], [139.49206151276525, 35.50731932576844], [139.49209617781332, 35.50727139292656], [139.49212025567388, 35.50722312484083], [139.4921552084195, 35.50716670039572], [139.4921853657682, 35.50712671579585], [139.49221837276295, 35.50707974906367], [139.49226233972306, 35.50705645113884], [139.49232349389922, 35.50706864949884], [139.49237382979723, 35.50708731731206], [139.49243244153791, 35.50710439985932], [139.49247088310554, 35.50711832200217], [139.49254489683258, 35.50712058917961], [139.49262777034596, 35.50712868269601], [139.4927084330527, 35.50712700136481], [139.49282516664317, 35.50712513436092], [139.49291566267297, 35.50711889006819], [139.49301200669467, 35.507114508671826], [139.49310270907807, 35.507120420637555], [139.4931950040049, 35.50710024847917], [139.49326064194292, 35.50708192786199], [139.4933424679948, 35.5070415451], [139.49343055900684, 35.50700203351775], [139.49351323665175, 35.50695876363756], [139.49357798148878, 35.506913698609594], [139.4936460072754, 35.506873572240366], [139.4936792004949, 35.50684918656462], [139.49378280757188, 35.506820936004296], [139.49386628514762, 35.50678826693308], [139.49395906582214, 35.5067750539044], [139.49406010276834, 35.50676325900932], [139.49415015328734, 35.506758355980196], [139.49424870952134, 35.50675464819001], [139.49434558848702, 35.50675034381806], [139.49444781006196, 35.50675013357922], [139.49454693939916, 35.506755239043436], [139.4946439047658, 35.50677206570866], [139.49468591847057, 35.50678226296215], [139.49478224253963, 35.5068083522153], [139.49487212236428, 35.5068484024766], [139.49495360438416, 35.50688803053412], [139.49502078795817, 35.50693968983887], [139.49508675647763, 35.506997388548406], [139.4951451873411, 35.50703385099156], [139.49517929848142, 35.50706456517371], [139.495182373997, 35.50711558852801], [139.49522565401375, 35.50719033214109], [139.49528133800243, 35.507257251796105], [139.49533030461342, 35.50732536251008], [139.49539789875, 35.50738957206391], [139.49546920300298, 35.507448338250015], [139.4955410032203, 35.50750163914442], [139.49558401014718, 35.507535647630064], [139.49565257465045, 35.50758901676387], [139.49573411827873, 35.507637361755954], [139.49580740760598, 35.50769525373648], [139.49589125164562, 35.507750144816846], [139.495964894819, 35.50779880131214], [139.49605925473733, 35.507845436784635], [139.49614781130845, 35.507886543094], [139.49625033016122, 35.50792825543811], [139.4962899019036, 35.507936571947134], [139.49639283765129, 35.50796622087252], [139.49648308707148, 35.50799453358667], [139.49657398065492, 35.508019037894165], [139.4966598273577, 35.50803288520833], [139.49675105610584, 35.50805038383796], [139.49683554400139, 35.50806764187683], [139.49691131081198, 35.508085699591476], [139.4969817377957, 35.50809843642001], [139.49706173856234, 35.508107095809265], [139.49713329317723, 35.50810352832431], [139.49721978293812, 35.508105641853355], [139.49730485368943, 35.50811072126009], [139.4973943250413, 35.50809596900971], [139.49748051348413, 35.508081691211316], [139.4975534639107, 35.50807564011797], [139.4976383605135, 35.508066977184995], [139.49772351459063, 35.50806116089537], [139.49778479759092, 35.50805665365189], [139.49786717972114, 35.50806075539196], [139.49791176719083, 35.50805456781591], [139.49798073753337, 35.508039918078474], [139.49804847554353, 35.50804159415025], [139.49809049891795, 35.50800470273534], [139.49814477007797, 35.5079988962808], [139.49818090168537, 35.50799071389866], [139.49825978858738, 35.5079699317903], [139.49831922436044, 35.507960111640806], [139.49838365237832, 35.5079487701825], [139.4984458515549, 35.507955914173785], [139.49848738545276, 35.50799495008744], [139.49854948340783, 35.50802914334039], [139.49858602520197, 35.50806160968736], [139.49863285659603, 35.508096571388606], [139.49866631680564, 35.50812348942736], [139.4987282649498, 35.50817140436623], [139.49874706508785, 35.50818564753385], [139.4988000604264, 35.508224671185786], [139.49887200075685, 35.50828201374023], [139.4988932880766, 35.50829939664756], [139.498941651772, 35.50833943292902], [139.4989846441468, 35.50837863191776], [139.49904619328765, 35.508443655870245], [139.49906557170294, 35.50848429254069], [139.4990976862452, 35.50854806712118], [139.4990974046323, 35.508573644322055], [139.499097511686, 35.508574320992786], [139.49911363427407, 35.508645713837424], [139.49912672466382, 35.50869979272467], [139.49913784640765, 35.508754687210065], [139.49914780329036, 35.508815802596196], [139.4991575921775, 35.50887211713833], [139.49916749791092, 35.50894114093956], [139.4991673197956, 35.50899206317854], [139.49916751928976, 35.50900821903731], [139.49916524373847, 35.509068020528744], [139.49915954721658, 35.509134543359906], [139.49915913549088, 35.50920787910399], [139.49916232399497, 35.509282742702155], [139.49915901291618, 35.509359339474884], [139.49913387958412, 35.509433151545174], [139.49910373017266, 35.509501737931124], [139.49905671058846, 35.509564082754544], [139.49901389101825, 35.509628673696994], [139.498970846629, 35.50970053426424], [139.49892733191535, 35.50977794845717], [139.49888214966936, 35.50984656229145], [139.49883564478446, 35.50992623672556], [139.4987892692037, 35.51000358096336], [139.49874040102577, 35.51008871169628], [139.49868402095885, 35.510163042499165], [139.498639021012, 35.51022356345301], [139.49856918813052, 35.51030890918414], [139.4985126654859, 35.51038218496015], [139.49846004293332, 35.510473335061945], [139.49841166035512, 35.51055996734625], [139.4983546801761, 35.51063611780605], [139.49829997474947, 35.51071673617386], [139.4982448115, 35.51079856973485], [139.49818713464364, 35.51087836665982], [139.49812987223527, 35.510955699488974], [139.49808340248808, 35.511023366843474], [139.49803769959888, 35.5110799874509], [139.49800878341995, 35.5111429093933], [139.4979693979854, 35.51118812833487], [139.4979349075071, 35.51123380150124], [139.49791692692133, 35.511306428151485], [139.49787434875017, 35.51135371285472], [139.49782092506507, 35.51135694831828], [139.49775794426387, 35.51134442348994], [139.4976896675085, 35.51132024840016], [139.49763246527917, 35.511287612464656], [139.49759905776597, 35.51124394239035], [139.49760067875476, 35.511193719478854], [139.49763824390553, 35.511135842098426], [139.49767305028368, 35.511099890884076], [139.4977118838828, 35.51105665220936], [139.49773902766668, 35.51101423080356], [139.4977741494127, 35.51097322325158], [139.49784581826793, 35.51091782553247], [139.49790966508561, 35.510862835874235], [139.4979430927147, 35.51082451968496], [139.49796833965783, 35.510778288072764], [139.4979422670433, 35.510743234417895], [139.49792708876075, 35.510779223596714], [139.4979364747249, 35.51082520977037], [139.4979154557708, 35.510875352224055], [139.49788091209888, 35.51090082860757], [139.49783435671026, 35.51094516942341], [139.49781642719321, 35.51096856492216], [139.49777206256545, 35.51101881684728], [139.49772156099885, 35.51107858837664], [139.49769367894436, 35.51110927921172], [139.49764488985983, 35.511152308935756], [139.49759108385808, 35.51116651347016], [139.49751525964223, 35.511127850641095], [139.4975012613052, 35.51107042634549], [139.49752720519945, 35.510984108612625], [139.49754108960678, 35.510938978677814], [139.49753485884065, 35.51088212704756], [139.49751991166423, 35.51084746756045], [139.497470637483, 35.510779162460054], [139.4974430822758, 35.51074335812628], [139.49741899739297, 35.51070407688427], [139.4973952051338, 35.51066218206098], [139.4973606402604, 35.51060302299517], [139.49731757304446, 35.510556247125265], [139.49727770790494, 35.51052748644355], [139.49721287890546, 35.51048811370255], [139.49716219160223, 35.510456366917964], [139.49710796751626, 35.510414334687404], [139.49705677135591, 35.510376699164084], [139.49701951980998, 35.51034817355773], [139.49696367833047, 35.51031240884455], [139.4969037809808, 35.51026956299841], [139.4968312301616, 35.51024018252803], [139.49677781757543, 35.510220381159144], [139.4967018002048, 35.51021027385379], [139.49662314347606, 35.51021417424832], [139.49655923460853, 35.510220703112495], [139.4965267661183, 35.51025817731204], [139.4964809323928, 35.51028381530689], [139.4964417213516, 35.51032440669706], [139.49640079671974, 35.510354456242155], [139.4963454211234, 35.510390363040706], [139.49628995656647, 35.5103807399857], [139.49625302809355, 35.51035615835495], [139.4962159714903, 35.51030648012502], [139.4961356002677, 35.51025871735364], [139.4960961563547, 35.51022369987139], [139.49604282968318, 35.510189147008695], [139.49599411471547, 35.510158248148336], [139.49593574342776, 35.5101153555114], [139.49586372136423, 35.510086704842884], [139.4957932174609, 35.510092279924926], [139.4957357979464, 35.51011858295719], [139.49568233891623, 35.51015787351914], [139.49562015439463, 35.510185727002565], [139.49556359599578, 35.51019144461391], [139.49550906543098, 35.5101805099766], [139.4954850308313, 35.51017522841861], [139.49542320715815, 35.51016445645528], [139.49535733674358, 35.510148634453564], [139.4952857418471, 35.51014451594248], [139.4952215525412, 35.5101400090401], [139.49515719515512, 35.51013435974007], [139.49509032736566, 35.51014254865581], [139.4949928183887, 35.51018381410045], [139.4949408047928, 35.51019735311266], [139.49488703467762, 35.51020521130979], [139.49477010614748, 35.510215862631235], [139.49471613043508, 35.51021825263343], [139.4946234712249, 35.51022480934727], [139.4945722429944, 35.51021211217677], [139.4945386899569, 35.510220327360635], [139.49447046137863, 35.51026328081585], [139.49437881879481, 35.51029188904267], [139.49434298950956, 35.51031651359366], [139.49429931554008, 35.51034658860163], [139.49425522276562, 35.51038165306999], [139.49417628856054, 35.51043539646413], [139.49413542183822, 35.51046034975254], [139.49408828090043, 35.510488448764086], [139.49403390250703, 35.510533716420966], [139.49399978863568, 35.510569068720926], [139.49395087993892, 35.51064492286163], [139.49393512389742, 35.510703554047595], [139.49392743509512, 35.51074050470649], [139.4939212191031, 35.510800560400554], [139.493901392063, 35.5108916824898], [139.49389096934962, 35.51094199011789], [139.49387722099044, 35.51099142243477], [139.49385590470106, 35.511043452451595], [139.49382303714296, 35.511091756670744], [139.49377385960102, 35.51114006671503], [139.49372609633812, 35.51119506116657], [139.49368258200607, 35.51124752953531], [139.49364285418275, 35.5113032043532], [139.4936177837466, 35.51134850909829], [139.4935914204752, 35.511392587481566], [139.49357497056434, 35.51144308594726], [139.4935595631331, 35.51149016529801], [139.49354722658347, 35.51151540841295], [139.49354247938575, 35.5115943967612], [139.4935502190008, 35.51165534753452], [139.49358489136037, 35.511698356283205], [139.49365197733138, 35.51170788588744], [139.4936933545308, 35.51171940622789], [139.49377843898557, 35.51175416594092], [139.49382056077238, 35.511772815280686], [139.49389266439812, 35.51180464916574], [139.49398080487845, 35.511806491359096], [139.49403027453434, 35.51179603146401], [139.49408139979502, 35.51177980506245], [139.49413234303208, 35.51176169734436], [139.49419090271184, 35.51172829479694], [139.49425277493438, 35.511747298686956], [139.49436255158065, 35.5117697651947], [139.4944216934774, 35.51177357595958], [139.49448649025763, 35.51175766994254], [139.4945549396956, 35.51174940085158], [139.49462190244293, 35.511744607656524], [139.4946861785422, 35.511735701251524], [139.49475387584883, 35.511726855903675], [139.49481110264142, 35.511718500498276], [139.4948659359236, 35.51170669216602], [139.49495997532193, 35.511696426138194], [139.4950283013911, 35.51167842233731], [139.49508365008205, 35.51166444610445], [139.49515192392494, 35.51164387305669], [139.4951989332389, 35.511624262713454], [139.49524943346313, 35.511595030840745], [139.49529539282085, 35.51156009340315], [139.49533035006945, 35.51152407629175], [139.4953673553436, 35.51148710745019], [139.49540028274942, 35.51144979047967], [139.49543321012658, 35.51141247349784], [139.49546561482188, 35.511375748834794], [139.49553861510324, 35.51127134276416], [139.49556718008435, 35.51122433881134], [139.4956254118017, 35.51117845904396], [139.49568230297268, 35.511149291604816], [139.49573423150275, 35.511116129958914], [139.49577890599176, 35.51108315759031], [139.49583839060884, 35.511025878315344], [139.49586021120822, 35.51097559532237], [139.49585090970317, 35.51092721339535], [139.4958692395657, 35.510878916333795], [139.49590632738435, 35.51083209034364], [139.49593717248376, 35.510789200820355], [139.4959750189302, 35.51074576387989], [139.4960069857356, 35.51069880569584], [139.49603640929308, 35.51064885512802], [139.49608192116227, 35.51058916152831], [139.49612868503004, 35.51054716393719], [139.49618666246164, 35.510504425070835], [139.4962406636279, 35.51046155551245], [139.4962883097611, 35.510416248438034], [139.49634879387733, 35.510381899114094], [139.4964003701998, 35.510346053249265], [139.4964484639852, 35.51031218121183], [139.49649666893498, 35.5102781100728], [139.49651985741403, 35.51023971174269], [139.49657234832836, 35.510207269656384], [139.49661165905357, 35.51020677285861], [139.4967037769165, 35.510209426840774], [139.4967607521116, 35.51021660229032], [139.49681895309712, 35.51023097548519], [139.4968806036153, 35.51023519490169], [139.4969348653583, 35.51025533353882], [139.49699250069344, 35.51029905210139], [139.4970412462757, 35.51033142742097], [139.49708406172945, 35.51036518003018], [139.49712759931356, 35.51039757384025], [139.49716852973827, 35.510429458311066], [139.4972361221364, 35.5104794815745], [139.49730085663862, 35.51052918119326], [139.4973279562269, 35.51054997829593], [139.4973817578427, 35.510609908600834], [139.49740061733593, 35.51065346011493], [139.4974194144321, 35.51069558857438], [139.4974383638511, 35.51074397418051], [139.49748949180795, 35.510820454645035], [139.49750913955856, 35.510855069065116], [139.49754633308837, 35.510926696451314], [139.49754051002972, 35.51096401414081], [139.49752965551164, 35.51103211301805], [139.49751274216743, 35.51108344114324], [139.49752367200173, 35.51113094283212], [139.49754209841305, 35.51115371401588], [139.49758185899037, 35.5112162074075], [139.4976089714301, 35.51126600372189], [139.49764122545224, 35.51130468906133], [139.49770284372576, 35.51133529058655], [139.49778358533368, 35.51135841320719], [139.49780912995206, 35.5114008889378], [139.49778690761622, 35.511441907736575], [139.49777491990187, 35.51145906524612], [139.49773713350282, 35.511507669313445], [139.49770384499743, 35.51156486959103], [139.49767095053525, 35.511627609521106], [139.49763190994366, 35.51168937846323], [139.49758942097517, 35.51175379093094], [139.49754253097592, 35.51181936670203], [139.49750269539354, 35.51188483817824], [139.49745545908962, 35.51194032293482], [139.49740831516166, 35.5119870967837], [139.4973693260522, 35.51204063149548], [139.49732223906582, 35.51209702060604], [139.49728763761544, 35.512158165594144], [139.49722833255495, 35.51223366189086], [139.49719739042706, 35.51227645696911], [139.49715375880544, 35.512312435573016], [139.49713165910185, 35.51235120341624], [139.4971051772238, 35.51238306582561], [139.49706209786277, 35.512456593241694], [139.49704977969876, 35.512462289915895], [139.49700033698676, 35.512540423187794], [139.4969886024137, 35.51254995276665], [139.49694312949197, 35.51260356867568], [139.49689815553074, 35.512651325375955], [139.4968627704597, 35.51269662682577], [139.4968334490919, 35.51273915038305], [139.4968306026786, 35.51278545170764], [139.4968366460737, 35.512830773290894], [139.496900059401, 35.512918613306454], [139.49694799851696, 35.51296902803958], [139.49696857411257, 35.512984258885545], [139.49704184963724, 35.513052642582274], [139.49710688386048, 35.513115641209396], [139.4971801309994, 35.51317963044705], [139.49726032842102, 35.513251137649675], [139.49733679500423, 35.51331697368869], [139.4974133008826, 35.51338262723313], [139.49747757699254, 35.513446813829965], [139.49754118798097, 35.51351329646337], [139.49760549509747, 35.51357330251507], [139.49766478248495, 35.5136313268245], [139.497716366164, 35.51368642330971], [139.49776796561858, 35.51372482037285], [139.49781693343442, 35.51378036664974], [139.49785486751463, 35.513817954504965], [139.4978982395221, 35.513874873948154], [139.49792776797145, 35.51389626860258], [139.49798178705163, 35.513949167779444], [139.49801802994213, 35.51397772739479], [139.498075534495, 35.51401258758058], [139.49811699819446, 35.51404982382655], [139.49816261149584, 35.5140942843033], [139.49817902956647, 35.51410848626469], [139.49821539215617, 35.51412792041025], [139.49829287707183, 35.51410742903775], [139.4983253923034, 35.51407587560952], [139.49834236479177, 35.51400808617402], [139.49836717990325, 35.51395303488441], [139.49839247846185, 35.51389509444654], [139.49842540213652, 35.51384299073098], [139.49846083496573, 35.51379564778228], [139.4985032590122, 35.51373067434537], [139.49853441983834, 35.51366816424126], [139.49857787496106, 35.51360091803342], [139.49862535469367, 35.513530954184226], [139.49866700466876, 35.51346135130708], [139.49871190538013, 35.513384320883986], [139.49875746793126, 35.51331005702849], [139.49880138630922, 35.51323394112164], [139.49885235785078, 35.51315780611842], [139.49889385968723, 35.51307773780449], [139.49894471129832, 35.51299757804171], [139.4989792005468, 35.51291783054894], [139.49902730962953, 35.5128470430868], [139.49906730220044, 35.51275600717454], [139.49911098970918, 35.51268315529209], [139.49914637966825, 35.512608734083585], [139.49919043089457, 35.512541779374914], [139.49922553205832, 35.51248101898738], [139.49926038695693, 35.51242216505503], [139.49928760945906, 35.51236191579296], [139.49932370356987, 35.512301723615856], [139.49936261265435, 35.512251027306064], [139.4993839152798, 35.51220065374675], [139.49940012718974, 35.51215665050202], [139.49944546825753, 35.51208799858603], [139.49946638430748, 35.51202205579725], [139.4994523018079, 35.5119920418105], [139.4993668042864, 35.51195540824952], [139.4992909129994, 35.511929074578724], [139.49922089678168, 35.51190338962424], [139.49914356219304, 35.51187362507451], [139.49906064351913, 35.51184064913844], [139.49897284414357, 35.51180314663801], [139.49890029322097, 35.511763960891784], [139.4988276974735, 35.511734125013795], [139.4987754943477, 35.51171841147136], [139.49872399060996, 35.511696325411855], [139.498647028981, 35.51169647456956], [139.49862101267908, 35.5117225731726], [139.49858234684208, 35.51175815616247], [139.4985602909004, 35.51180490838866], [139.4985174271082, 35.511869485020654], [139.49849095757216, 35.511919267755125], [139.49844644650912, 35.511973491633704], [139.49842671371277, 35.51202462820537], [139.49840499827783, 35.5120716793286], [139.49837083711364, 35.512121082509346], [139.49836104155384, 35.51214217193935], [139.49833293803343, 35.51219533363872], [139.49830074224448, 35.51225883026804], [139.49826390966683, 35.5123163534898], [139.49822448153841, 35.51237257653183], [139.49818449109912, 35.51243667405917], [139.49814278952576, 35.51250431455826], [139.49810670478118, 35.51256227814724], [139.4980748507222, 35.512621280655864], [139.49804328142713, 35.51268000093486], [139.49800817952126, 35.51273766303071], [139.4979643047388, 35.51282137700193], [139.4979176702975, 35.51287238640035], [139.49790120339887, 35.51290930942342], [139.49786780972724, 35.51297824813074], [139.4978513831553, 35.513024514217214], [139.49786371464617, 35.513054997857154], [139.49792147385529, 35.51311555753886], [139.4979552654551, 35.51315269955354], [139.4979773539389, 35.51317423429529], [139.49803289105063, 35.51322380317426], [139.49809399773014, 35.51327423001596], [139.4981476282738, 35.51332678446639], [139.4982009260653, 35.513383279346726], [139.49825652444216, 35.51343293508078], [139.49830691084946, 35.513479422613365], [139.49835040560623, 35.513517809477094], [139.49839167130702, 35.51356436657099], [139.49846280921017, 35.513623338442535], [139.4985060759483, 35.5136774656685], [139.498502973973, 35.51371502867011], [139.49845984701184, 35.51378799764506], [139.4984345149324, 35.51385135817164], [139.49840206584523, 35.51391001290214], [139.49836197169174, 35.513971495997545], [139.49834046839305, 35.51399732859582], [139.49830964570026, 35.514054544756775], [139.49828323831716, 35.514121665690084], [139.49826811123205, 35.51416468570576], [139.49828139911483, 35.51421173341567], [139.49830543138924, 35.51426296048153], [139.49831930480408, 35.51427916708385], [139.49835881211084, 35.51432708313631], [139.49841735510861, 35.51439277178542], [139.49847678419607, 35.514456533282505], [139.49854346102637, 35.51451485855294], [139.49861431851775, 35.51458011848304], [139.49867507549143, 35.51463755258923], [139.49875101281282, 35.51470919970013], [139.4988219095626, 35.5147784016754], [139.49889317531785, 35.51484095712006], [139.4989597016145, 35.51490785883186], [139.49903119708867, 35.514974550206354], [139.49911321277932, 35.515042241633374], [139.49917923614868, 35.515101236943245], [139.49925161634363, 35.51515739910984], [139.49932546525892, 35.51521399887162], [139.49940166423153, 35.51527262239358], [139.49943526670097, 35.51532311693986], [139.49946453775593, 35.51535115292867], [139.49950514029038, 35.51539349899088], [139.49955567701423, 35.515434419146374], [139.4995838771455, 35.5154820791664], [139.49964148517273, 35.51550555977049], [139.4997284077493, 35.515488734813644], [139.4997982713194, 35.51546140469313], [139.49984519879155, 35.5154351504797], [139.49987146426446, 35.51541795113206], [139.4999319256401, 35.51537760972076], [139.49999734442335, 35.515329340661026], [139.50005424384602, 35.515274294057576], [139.50012865392026, 35.51521957783584], [139.50019959161213, 35.5151604419927], [139.50026707595876, 35.51509856256711], [139.50033411899253, 35.51504852758455], [139.5003939434849, 35.51499423560752], [139.50043951744294, 35.51492581521512], [139.50048791493418, 35.514858042742055], [139.50055167314977, 35.51477242825984], [139.50057303896406, 35.514688398251046], [139.50059610398904, 35.514621195127795], [139.50060866852257, 35.51453654883839], [139.50062181074506, 35.51444869547857], [139.50062057201453, 35.51435717128656], [139.5006090100627, 35.51427078947927], [139.50060142139137, 35.5141853811132], [139.50059585091225, 35.5140903553622], [139.50058097734598, 35.51400149731274], [139.50059234192048, 35.513913071036], [139.50059183341517, 35.51381855356891], [139.50058798093042, 35.51372170553926], [139.50058884830804, 35.5136315747911], [139.5005879269221, 35.513536012862794], [139.50059688306553, 35.51343126976523], [139.5005941547643, 35.51338586319864], [139.50059979610816, 35.513283635980095], [139.50059850549007, 35.5131822320994], [139.50060411172296, 35.51312237710837], [139.50061617271788, 35.51307378486776], [139.50062959328048, 35.51301639601162], [139.50063640800073, 35.512968118641545], [139.50065077395055, 35.51290944364173], [139.5006594389485, 35.51286091188906], [139.50070025149904, 35.51276508453795], [139.50072584815612, 35.51270725643261], [139.50074046954555, 35.512659954433715], [139.50076924720017, 35.51260188871323], [139.50079300265216, 35.512558531124], [139.50082504575795, 35.51250174631658], [139.50084900336398, 35.512450698767076], [139.50088148224253, 35.51239379571801], [139.5009132674142, 35.51234984076986], [139.50094864888385, 35.51229343298919], [139.50097364394378, 35.51224945539782], [139.50103122728288, 35.51215698110617], [139.5010646578638, 35.512101922355725], [139.5010902666504, 35.512054338309945], [139.50112339652273, 35.5119945923774], [139.50115230891504, 35.51194972288113], [139.50120425293832, 35.51185833832673], [139.50125583078375, 35.51176668908889], [139.50129568911746, 35.511707033137874], [139.5013246293367, 35.51166872718128], [139.5014025248753, 35.511587199985094], [139.50148058409408, 35.51151360305536], [139.50156848667976, 35.511442550874094], [139.50166893955932, 35.51138573502247], [139.5017702494159, 35.51132807749862], [139.50187517521178, 35.51128013042744], [139.50198142491885, 35.51124560224283], [139.50203850906104, 35.51122653117663], [139.50213222359548, 35.51120566652533], [139.50221586539627, 35.51119078729902], [139.50229518987015, 35.51116831486935], [139.50238141288918, 35.51115793554046], [139.5024407279319, 35.51116176202458], [139.50251399563788, 35.511151821620125], [139.50258919314345, 35.51114808662485], [139.50264908987398, 35.51117825696887], [139.5026895103829, 35.51118197121519], [139.5027590685653, 35.51118138568185], [139.5028369276825, 35.5111688208684], [139.5029090272815, 35.51114811090866], [139.50295382180775, 35.51112172733131], [139.50300059611777, 35.5110716662956], [139.5030086896155, 35.51101879062404], [139.5030035038247, 35.510945890348935], [139.5030113107718, 35.51091017990528], [139.50301363188146, 35.51084408244426], [139.50301319159414, 35.510765643676315], [139.50301299579172, 35.51071803409995], [139.50300940260666, 35.51066682280039], [139.5030138815054, 35.510653788028215], [139.50300480907418, 35.51058957961594], [139.50300171526735, 35.51053424781554], [139.50298860967789, 35.51047573751049], [139.502986676762, 35.510413064769146], [139.50299005539674, 35.51033564555624], [139.50299916858674, 35.510269315796606], [139.50299715582747, 35.51022134498516], [139.50300506786408, 35.510160380437384], [139.50301943927133, 35.51007170722053], [139.5030206456334, 35.510048566549685], [139.50301621374308, 35.509958135361536], [139.50301046029207, 35.50990574377956], [139.50301581143557, 35.50985051624458], [139.50300541336972, 35.50977895262067], [139.502991979724, 35.50971033342], [139.50300146753042, 35.50964845774594], [139.50300776738453, 35.509597210333936], [139.50300913927524, 35.509554622187096], [139.50300632349973, 35.50949789798949], [139.5030085516994, 35.50944839410191], [139.50301632225916, 35.50940405508647], [139.50301472220175, 35.50935246665178], [139.50301184275725, 35.50930565756069], [139.50301539280287, 35.50926073661553], [139.50301734923175, 35.509210014007266], [139.5030069582702, 35.50915322001139], [139.5030055913344, 35.50909826654175], [139.50300792899043, 35.50903899790821], [139.50300759810577, 35.508979849126824], [139.503008290064, 35.50891299551949], [139.5030096579968, 35.50888599738581], [139.50301459571017, 35.508814083188874], [139.5030226734613, 35.50873581882659], [139.50301941994985, 35.508658799554084], [139.50302221632774, 35.5085812999729], [139.5030219279383, 35.50855067588043], [139.5030137578529, 35.50846979641858], [139.5030146340438, 35.50842568885829], [139.50300995542946, 35.508309121822606], [139.50301483861352, 35.50823180952682], [139.50301885262155, 35.50815413206064], [139.50301926324363, 35.50808078580243], [139.5030203205755, 35.50799492942169], [139.50301919960216, 35.50790693084165], [139.50301499358423, 35.50782096089184], [139.50300996970893, 35.50772801308718], [139.5030111869923, 35.50763909805884], [139.5030082916607, 35.507549326463895], [139.5030105635351, 35.50746631468522], [139.5030076361795, 35.50738527528017], [139.50300763169483, 35.507294827260786], [139.5030117060598, 35.50719777641989], [139.50300691317958, 35.50710635911206], [139.50301003136371, 35.50705121061946], [139.50301736270325, 35.507005884397664], [139.50302320213382, 35.50690622956301], [139.50302937390077, 35.506847402460664], [139.50304860147332, 35.50680498469057], [139.50305995363757, 35.50674705337724], [139.50308097220523, 35.5067022348554], [139.50309494395265, 35.50664480745153], [139.50311482578613, 35.50659723805365], [139.5031324182401, 35.5065417398], [139.50318056051816, 35.5064433466813], [139.5032218097775, 35.50634748217251], [139.50327379823315, 35.50625450841613], [139.503298090942, 35.50620854132834], [139.50334518869758, 35.50611791110087], [139.50337374405774, 35.506066062635846], [139.50340222518184, 35.50602363975175], [139.50345811736736, 35.50593784366702], [139.50351255642022, 35.50585333311124], [139.5035603190281, 35.50577335541796], [139.50360771762743, 35.50569991742762], [139.50365664479435, 35.50561930861968], [139.50369894963205, 35.505553960438434], [139.50374170645955, 35.505486477128706], [139.50378144501832, 35.50541812416755], [139.50382335020853, 35.50534191339535], [139.50386400808497, 35.50526424462025], [139.50390696023172, 35.505183698809994], [139.5039586231622, 35.50510601193566], [139.50400737175505, 35.50502145844446], [139.5040571125946, 35.5049360960758], [139.5041085595726, 35.50484274366564], [139.50416414927398, 35.504759201453155], [139.50421667395184, 35.504675259467284], [139.5042601819592, 35.504594009066324], [139.5043024473627, 35.50451843955572], [139.50433686300107, 35.50445413326649], [139.50436126975922, 35.5044004236297], [139.50440246772573, 35.50435474465576], [139.50446114980582, 35.5043066731215], [139.50454143283054, 35.50433022399525], [139.50460500171576, 35.50432677287492], [139.50468140609354, 35.50432733324807], [139.50474497122167, 35.504338955714374], [139.50483134271212, 35.504330058252286], [139.50491689828053, 35.50432992376146], [139.50502683859577, 35.50431774437001], [139.50511835721585, 35.504325312847556], [139.50522044675654, 35.504335895160374], [139.50529157838827, 35.50432115965247], [139.5053934941476, 35.50433696577302], [139.50546589408304, 35.50434183983593], [139.50551731692093, 35.50438824300229], [139.50561684218493, 35.50439524923666], [139.5056527026618, 35.504357486404295], [139.50569048415386, 35.50429610171847], [139.50571377739726, 35.50424184758705], [139.50571767491053, 35.504187322056815], [139.50574561387896, 35.50412687761682], [139.50576748019824, 35.50406433082306], [139.5057751414424, 35.50398554136528], [139.50578971503703, 35.50390263410886], [139.50580586818592, 35.50382154162765], [139.50582295023437, 35.503732912953005], [139.50583307102744, 35.503645174291755], [139.50584762638422, 35.50355958881762], [139.50584398956633, 35.50346642885239], [139.50583144372868, 35.50337775275697], [139.50582981802052, 35.50331873518348], [139.50583139237122, 35.503269022736106], [139.50583031982174, 35.50321095198308], [139.50582204250884, 35.503164155582624], [139.50582096665084, 35.503062503763], [139.5058084551784, 35.50296656546475], [139.50579964689248, 35.502868362628114], [139.50578743059043, 35.50276755866791], [139.5057832103112, 35.50271323218779], [139.50577113114682, 35.50266401746365], [139.50576267459064, 35.502563667735146], [139.5057568065394, 35.502463108163475], [139.50574965437787, 35.50236525493677], [139.50573159468158, 35.50227264802763], [139.50570456986816, 35.50218563268781], [139.50568468692907, 35.50210211517926], [139.50565371533273, 35.50201942442663], [139.5056271183346, 35.5019429545615], [139.50560323177226, 35.5018819013989], [139.50557707930477, 35.50182585053573], [139.50556224004762, 35.50176632579436], [139.50555673818198, 35.501713286274175], [139.50555642883322, 35.501655782159084], [139.50555440878287, 35.50159799957932], [139.505550431467, 35.50154190387234], [139.50553573894624, 35.50148583105607], [139.5055242293883, 35.50145459144505], [139.50548115965316, 35.50140411767701], [139.50543662824822, 35.50135789467757], [139.5053382750197, 35.50130577894072], [139.50526342117314, 35.50126015812799], [139.50519313742106, 35.50121989630432], [139.5051189289546, 35.50118282389893], [139.50504201740236, 35.50114341559809], [139.5049597320672, 35.50110583167572], [139.50487717104582, 35.50107916154483], [139.50479193956346, 35.50106347408654], [139.5046963861437, 35.501059877299866], [139.5046096673632, 35.501053187784585], [139.50456151029795, 35.501052911723754], [139.50448559599607, 35.501049518591], [139.50437175663114, 35.501035848401486], [139.50431424851232, 35.50104543935643], [139.50423891477465, 35.501078853922195], [139.50419596331872, 35.501113628146435], [139.50414044027642, 35.50116636125258], [139.5041153205463, 35.501222242741804], [139.50408294380512, 35.50128289332959], [139.5040378287461, 35.50134089100326], [139.50400997528268, 35.50140190554005], [139.50396168710344, 35.50145361828456], [139.50391074143218, 35.501509262538974], [139.50387401783442, 35.501575887718744], [139.5038323945844, 35.50163197669545], [139.50378051243194, 35.501689472320514], [139.50372328444425, 35.501741160544206], [139.50365837278704, 35.50179635020405], [139.50359083204629, 35.50184538590786], [139.5035267180445, 35.50189210539418], [139.50346654719198, 35.501938463743535], [139.5034039199594, 35.501982311239075], [139.5033546995662, 35.502020246890034], [139.5033180710919, 35.502063554486924], [139.50328487102135, 35.50212933099832], [139.50328600438237, 35.502180536616585], [139.50330975364596, 35.50222412944229], [139.50335675994705, 35.502265649591585], [139.5034328251195, 35.50230776968648], [139.5034865538588, 35.502333260009195], [139.50353846501724, 35.502361553048374], [139.5035921621871, 35.50238888897442], [139.5036334767114, 35.502415395505736], [139.50366803003348, 35.502476766481585], [139.50365997670406, 35.502518993676425], [139.5036235633853, 35.50256035842861], [139.50361207063386, 35.502607276509664], [139.50365239254148, 35.50265290353753], [139.50366216299003, 35.502662750569634], [139.50372313379148, 35.50269860353806], [139.50378601505557, 35.502736454729025], [139.50385418155165, 35.50278017721874], [139.503926029781, 35.50283711514311], [139.5039647610259, 35.50286078297405], [139.50403200165067, 35.50291513669918], [139.50409102154785, 35.50297080743641], [139.50413597216695, 35.50302609187522], [139.50418169837317, 35.50308455803503], [139.5042332731208, 35.503129400792716], [139.50423685465893, 35.50314853537148], [139.50424052230238, 35.50314822896739], [139.50427689175064, 35.503195973344546], [139.50429516403173, 35.503243207630824], [139.50433838215574, 35.50330104628239], [139.5043694942021, 35.50336841492875], [139.5044023997686, 35.50343994564923], [139.50443032332575, 35.50351801214511], [139.50444456137492, 35.50360605842544], [139.50445548834344, 35.50369700253135], [139.50446000647176, 35.50378859167672], [139.50445895091386, 35.503828274374726], [139.50445909561518, 35.50391464028864], [139.5044497621329, 35.5039627031072], [139.5044297471423, 35.50405591562355], [139.5044114294207, 35.5041393627124], [139.50438987676475, 35.504228335380304], [139.50437108054342, 35.5042693522976], [139.50432109192963, 35.5043559761662], [139.50429322980804, 35.504406575375555], [139.50427258809069, 35.50444910074136], [139.5042437452202, 35.504495139575546], [139.50422080177373, 35.50453807899543], [139.504171687972, 35.50461918595589], [139.50412688589495, 35.50470464424261], [139.504082575065, 35.504786068781414], [139.50404687514705, 35.504866002299835], [139.50399897798468, 35.50492875467751], [139.50395433108784, 35.504999628212175], [139.50391348784143, 35.50506882756457], [139.50386727274102, 35.50514125089782], [139.5038235245255, 35.5052119154855], [139.5037780917133, 35.50529058882086], [139.50376386891892, 35.50531852811959], [139.50373146728663, 35.505388511405194], [139.50369497174228, 35.50545766262597], [139.50365677910784, 35.5055307497482], [139.5036005574815, 35.50560453238889], [139.5035565647892, 35.50568711398218], [139.50350555579337, 35.50576424386231], [139.50345409246393, 35.50583691604932], [139.50339928589324, 35.505921997201455], [139.50335363925345, 35.50601332405495], [139.50330070406937, 35.50610439869681], [139.5032491714588, 35.50619800580518], [139.5031982251992, 35.50629391750547], [139.50315424822497, 35.50639511302765], [139.50310412523265, 35.506490180050136], [139.50306390076872, 35.506587689709654], [139.50302593589004, 35.50669400282136], [139.50300545219974, 35.50680342828863], [139.50297797385318, 35.5069186724258], [139.5029629245675, 35.50702643435591], [139.50295486455974, 35.50713730713611], [139.50296070453624, 35.507265013498966], [139.5029522304319, 35.507321419784375], [139.50295933459952, 35.50738207517049], [139.50295669643074, 35.507436574810775], [139.50295155638332, 35.507542795750815], [139.5029546493744, 35.5076058761358], [139.50294915443203, 35.50765339100743], [139.50296281182068, 35.50775685774145], [139.50296186989272, 35.50785598255668], [139.50296611264653, 35.507953814305665], [139.5029753187503, 35.50804918448699], [139.50297286325494, 35.508131199480886], [139.50296992720297, 35.50821728630096], [139.50296934806784, 35.508298916283614], [139.5029670803046, 35.5083764999086], [139.50296869191692, 35.50844369419053], [139.50296830557642, 35.50850848362486], [139.50296611712005, 35.50857868096121], [139.50296665755036, 35.508641184859925], [139.5029679036928, 35.50870832840008], [139.50296974423037, 35.50877494984168], [139.5029718829036, 35.508817535766006], [139.50297707326058, 35.508892882189016], [139.50295787668048, 35.50894652149693], [139.5029045098785, 35.50897371226151], [139.50282825296728, 35.508985199067624], [139.50281092368306, 35.50898576542977], [139.50271965533355, 35.508991121054216], [139.50262839531464, 35.5089945364635], [139.5025355889062, 35.508989937500125], [139.50243371202353, 35.50899546601208], [139.5023236153517, 35.508995750013554], [139.5022204193516, 35.508996124867316], [139.50211293671856, 35.5089922715139], [139.50201132493572, 35.50899052994818], [139.50190676761858, 35.50899750243791], [139.50179433983078, 35.50899898770338], [139.50168647242876, 35.508989730764725], [139.5015799824257, 35.50898702613898], [139.50148357923612, 35.508987053162826], [139.50139580484844, 35.50897918745661], [139.50131595919308, 35.508972683355275], [139.50125005809815, 35.50898398040147], [139.5011578308874, 35.508998935569934], [139.5011235254739, 35.509019150934506], [139.50110041334432, 35.509075814803474], [139.50109937374157, 35.509141586547685], [139.50109960078782, 35.50918273765582], [139.50109874701198, 35.50922698400866], [139.50108558439607, 35.50926998240677], [139.5010614265683, 35.50931677998025], [139.50103001064141, 35.50937182873642], [139.50099960803618, 35.50942158750953], [139.50096734435937, 35.5094800563111], [139.50092711930137, 35.50953345812516], [139.5008956039599, 35.50960322340127], [139.50086477607186, 35.50966527168973], [139.500822177792, 35.50973255011926], [139.50078163521977, 35.50980291354659], [139.5007543888191, 35.50987550408827], [139.50072504433035, 35.50994545641233], [139.5006816648242, 35.5100128560069], [139.50064733758188, 35.51007865363577], [139.50061275056174, 35.51014132104293], [139.50058159403446, 35.51020779857219], [139.5005396859946, 35.51027089347826], [139.5004957022044, 35.51033645000788], [139.50045380368408, 35.510397212456276], [139.50041333467587, 35.51045907664229], [139.50037227388614, 35.51051781789701], [139.50034148028908, 35.51058008960248], [139.5003065932638, 35.510646594672416], [139.50026769494588, 35.51071155156531], [139.50022910847565, 35.51078014336006], [139.50019231819007, 35.510846806058694], [139.5001564945358, 35.51090914166559], [139.50012003882432, 35.51096545717841], [139.50008744289536, 35.51101926410891], [139.50006067220798, 35.51106751298675], [139.50003732159837, 35.511115295956905], [139.50001133562114, 35.51117036099008], [139.49995434051456, 35.511201175526956], [139.49989890423336, 35.511232234709546], [139.49994454453181, 35.51125860903023], [139.4999926044186, 35.511220839567024], [139.50000580523312, 35.511168796989296], [139.50002835288984, 35.51113011274563], [139.5000636875642, 35.51106339098284], [139.50008717323905, 35.5110250524546], [139.5001184585445, 35.510972953809734], [139.50014889862226, 35.510921192006265], [139.50017845085267, 35.51087460449321], [139.50021010331344, 35.51083214210458], [139.5002470719601, 35.51077547336612], [139.50025079578248, 35.51072966395056], [139.50020954476167, 35.51069116824447], [139.50016288292082, 35.5106698072141], [139.50010889655547, 35.51065178063029], [139.5000518920978, 35.51062995490891], [139.49997981858945, 35.51060629218495], [139.49991408980048, 35.51058313682294], [139.4998430597616, 35.51054457098601], [139.4998298864053, 35.51050606240811], [139.49984285572336, 35.51046232760942], [139.49986841082, 35.51040874593133], [139.49989932654242, 35.510357631769544], [139.4999387420492, 35.510293597520096], [139.49997429541486, 35.510225547383534], [139.49998952441953, 35.51019762296146], [139.5000424402616, 35.510129923146195], [139.50008106096692, 35.510062165919145], [139.50013018187258, 35.50999940274953], [139.50015454419886, 35.509946064509286], [139.5001793899116, 35.50986884894175], [139.5001513528862, 35.50983959065894], [139.50008799504437, 35.509807245766645], [139.50005524975307, 35.50978391770818], [139.50000460185134, 35.50975224712032], [139.49993550590403, 35.50972721617067], [139.49985718047546, 35.50969232447583], [139.49978743751822, 35.509668754162384], [139.49972234508675, 35.50963024463198], [139.4996602105162, 35.50961461196799], [139.49956816825357, 35.50957967563161], [139.4995250864742, 35.509563904012985], [139.49948557890136, 35.50953747457676], [139.49947971363395, 35.5094809796683], [139.49952070090353, 35.5094386486006], [139.49957780746985, 35.509419110238554], [139.49963332967883, 35.50941616462429], [139.49970074706715, 35.50941391355104], [139.49976823512236, 35.50942302664615], [139.49984937475446, 35.50942692164788], [139.4999393244692, 35.50942536932588], [139.50002616685458, 35.50942539909479], [139.50011065349648, 35.50942763039847], [139.5001527403993, 35.50942757751917], [139.5002558351798, 35.50943280411984], [139.50034738585322, 35.509430269442], [139.5004457921913, 35.509430168050905], [139.50052856898927, 35.50943195126713], [139.50060759737167, 35.50943214235162], [139.50068159378216, 35.509429656673746], [139.5007442469493, 35.50943259921635], [139.50081615801466, 35.50944245437812], [139.50087141134614, 35.50945064575763], [139.5009550668147, 35.509445554285655], [139.5010038934445, 35.5094167266809], [139.50103940750648, 35.50935991367188], [139.50104939348373, 35.50931434128832], [139.50106069151593, 35.50928365502001], [139.50108737743574, 35.509217486123376], [139.5010917059629, 35.50916906836471], [139.5010970539092, 35.50910917897037], [139.50110590457305, 35.50905280038403], [139.50109774194422, 35.50900555095256], [139.50106110740782, 35.50897809660831], [139.5009829015441, 35.508961200302146], [139.5008985473993, 35.508958110600474], [139.50088005312202, 35.508960581829946], [139.50080175117708, 35.508963074867324], [139.50071299312452, 35.50896609838286], [139.50062417871376, 35.50896927722002], [139.5005211713851, 35.50897166676202], [139.50042093028839, 35.50897591409664], [139.5003309133074, 35.50897745905917], [139.50023493559564, 35.50898391453622], [139.50013486899175, 35.508982098549346], [139.50003773697412, 35.50898467037907], [139.49994997132805, 35.508972087309175], [139.49986414506068, 35.50897485140594], [139.4997794337945, 35.50897834866002], [139.49969107781595, 35.50897516075187], [139.49963651232585, 35.508979338143405], [139.4995471431146, 35.5089859883126], [139.49949735960877, 35.508986039403986], [139.49943360585377, 35.509004631604874], [139.49936170317582, 35.50901005223624], [139.499287664731, 35.50900732358166], [139.4992200112915, 35.509014850938044], [139.49916820635852, 35.50906601195136], [139.49915340763593, 35.50911833125081], [139.49913901518326, 35.50917174722751], [139.4991405627635, 35.509183864690854], [139.49914736701118, 35.509271408797666], [139.49915098261445, 35.509341510901514], [139.4991445978544, 35.509399831499636], [139.4991298493567, 35.50946270551858], [139.49910229309833, 35.50952273885017], [139.49906463205284, 35.5095784798936], [139.49902756310755, 35.50963939783761], [139.49898922739666, 35.50970345158916], [139.49894195961048, 35.5097715024126], [139.49891614304795, 35.50981315150668], [139.49886370373835, 35.50988621844401], [139.4988197246314, 35.509955091672616], [139.49877248895774, 35.510021313658285], [139.4987309953717, 35.51009418132169], [139.49868247623982, 35.51017086106812], [139.49861895153828, 35.51025603668214], [139.49856926630972, 35.510330595163396], [139.49850656473146, 35.51041984316962], [139.49844527514597, 35.51051031590036], [139.4983905638092, 35.510587511039944], [139.49833303099504, 35.51066448115208], [139.49828483050692, 35.510742651083845], [139.4982315489712, 35.51082441278303], [139.49817992280867, 35.510911275068075], [139.49811676733643, 35.510994729916284], [139.49806640924487, 35.511080482314476], [139.49800499631274, 35.51116391619683], [139.49794302272255, 35.51124539264543], [139.4978884750827, 35.5113304404667], [139.4978277883946, 35.51140814972552], [139.49776734013193, 35.51147892507737], [139.49771384464162, 35.51155285320025], [139.49765541312607, 35.511630529488116], [139.49760635210046, 35.51170858208327], [139.497551986837, 35.51177567893815], [139.49749983333191, 35.511838450240845], [139.4974513699871, 35.51190534125159], [139.49739483222436, 35.5119730245615], [139.49734492715683, 35.512037172852736], [139.49729739840484, 35.51210006006613], [139.49725364780156, 35.512169153324706], [139.49721124106796, 35.51223507818228], [139.49716474184623, 35.51229905708387], [139.4971225971848, 35.51236096124825], [139.49708052118493, 35.51241395606539], [139.49705675322502, 35.51245674199052], [139.49702474850565, 35.512493437422236], [139.49698426439434, 35.51255015199722], [139.4969482432415, 35.512579257053375], [139.4969260617727, 35.512619650133836], [139.49687897201233, 35.512677621340686], [139.4968440187864, 35.512712621941795], [139.4968074996242, 35.51276274277992], [139.4968060212174, 35.51282589346217], [139.49687326437095, 35.51288633150052], [139.49691045645025, 35.512934406300545], [139.49695652420286, 35.512991243088194], [139.4970069785803, 35.51305296542874], [139.497062305241, 35.513115030039806], [139.4971136671321, 35.513168576837195], [139.4971632283963, 35.51321289574945], [139.49722492921487, 35.513273398231064], [139.497241751468, 35.51332206864352], [139.49721427099928, 35.51338173702211], [139.49719834134385, 35.51339423214382], [139.49714883297048, 35.51343256798116], [139.4970874316949, 35.513497081119425], [139.497063604159, 35.51353772514348], [139.4970275421233, 35.5135941956001], [139.4970097616171, 35.51365523316156], [139.4970005493831, 35.5137118550551], [139.49700514982086, 35.513767811622834], [139.49701855846138, 35.51381864035956], [139.49705041890218, 35.51387288870447], [139.49709332590933, 35.513927113556676], [139.49715559709736, 35.51398248000372], [139.49718024345253, 35.51400329125934], [139.49723163556786, 35.51405725481506], [139.49729461908336, 35.514111040750976], [139.49734801492093, 35.514158377739065], [139.49740673846478, 35.51421238912281], [139.497464731264, 35.514270387877055], [139.4975194641173, 35.514330458667715], [139.4975674498066, 35.51437997055527], [139.49761309585077, 35.5144250839685], [139.4976707233512, 35.514481410144846], [139.49770624752523, 35.51452169089532], [139.49774447618822, 35.51456902624169], [139.4977868904038, 35.51460510770291], [139.49784965813737, 35.51465210296933], [139.4979013403278, 35.514693524222515], [139.49795821971261, 35.51470583577712], [139.49800170644332, 35.51464668401073], [139.49804395359286, 35.5145815531713], [139.49808568694755, 35.51450992861537], [139.49810854003596, 35.51445523242756], [139.4981376608331, 35.5144109164741], [139.4981564418715, 35.5143671460614], [139.4981817273201, 35.51432229706728], [139.49823184535396, 35.51427680006966], [139.49828052297323, 35.514308092649124], [139.49832824525663, 35.51434986738058], [139.49837979315416, 35.51439389868471], [139.4984422270585, 35.514445903466466], [139.4984979500326, 35.51449988326327], [139.49857519385554, 35.51456616924645], [139.49864084347482, 35.5146169224341], [139.49870178528906, 35.51468520713542], [139.49877048001062, 35.51475459486722], [139.4988451577496, 35.51481991965491], [139.49890826685913, 35.51489267087685], [139.49896183765495, 35.51495670249628], [139.4990276664097, 35.515021886383366], [139.49907811898805, 35.515079012768176], [139.49912578009798, 35.51512919018428], [139.49918771501945, 35.51518188411392], [139.4992274450118, 35.51522951175086], [139.49928960072708, 35.51528571652752], [139.49932298617034, 35.51531774264486], [139.4993576032489, 35.51536932051218], [139.49939791587218, 35.51540285905608], [139.49942748590448, 35.51543829817891], [139.499465822943, 35.515474833212906], [139.4994979466086, 35.51551029493195], [139.49949300073962, 35.51556033933019], [139.4994566547185, 35.51563170249605], [139.49944756572813, 35.51564979589793], [139.49938201632207, 35.515706796588724], [139.49933462966686, 35.51576071879959], [139.49927138224467, 35.51582808161876], [139.49920385636148, 35.51588046142669], [139.4991364405265, 35.515954935617565], [139.49910354232307, 35.515988594797015], [139.49905862143106, 35.51603024588279], [139.4990261727008, 35.516071204785646], [139.49898209978787, 35.51611368784893], [139.49894861780018, 35.51614943706812], [139.4989025656003, 35.516191501794886], [139.49886620772264, 35.516228570255535], [139.49881979861172, 35.51626742529777], [139.49877989386795, 35.516303003426025], [139.4987364522212, 35.516341508488566], [139.4987041625397, 35.5163814190707], [139.4986615556591, 35.51641934358068], [139.4986232594895, 35.51645315536987], [139.49855034173333, 35.516522354534274], [139.4984789839726, 35.51658773950576], [139.49844032237297, 35.516620657628835], [139.49840371805024, 35.51665604331741], [139.49833243081858, 35.51671322145184], [139.49826180392924, 35.51678246821115], [139.49818778398893, 35.516851165349465], [139.49812061395582, 35.51691505388841], [139.49804921011378, 35.51697877224054], [139.49798221091538, 35.517042885666264], [139.49791093506073, 35.51710941042336], [139.4978372457601, 35.5171792090412], [139.49776451697102, 35.517246087557666], [139.49768517807178, 35.51731982538582], [139.4976065594511, 35.51739400718156], [139.49755739759334, 35.5174375118218], [139.49752053801464, 35.51747668953105], [139.49747232819453, 35.517518569725354], [139.49738638341094, 35.51759244987256], [139.49730097426968, 35.51767106034156], [139.49722259041525, 35.517748794488234], [139.49714622878935, 35.517831429883934], [139.49707326341553, 35.51791205937265], [139.49700827207803, 35.517981786017955], [139.4969601398395, 35.51804616482263], [139.49691363363732, 35.5181095829326], [139.49687986935862, 35.51815835899134], [139.49684929507342, 35.518207400800414], [139.49680869336385, 35.51827495387475], [139.49679073888916, 35.518305148400096], [139.49677183348612, 35.518358925829844], [139.49675867157788, 35.518404459171414], [139.49674881313072, 35.51844091855043], [139.4967966646925, 35.51847432403473], [139.496845598168, 35.51850044705889], [139.49691604509616, 35.5185243669061], [139.49699366185578, 35.51855027781049], [139.49708618390204, 35.51858001196851], [139.49718132486998, 35.518612072413354], [139.49727818910992, 35.51864790659081], [139.4973793566547, 35.5186875688293], [139.49749666176942, 35.51872420794947], [139.49760281256263, 35.51876138913414], [139.49771476188906, 35.51879807865998], [139.49778995626912, 35.51881407845731], [139.49783377511312, 35.51884268966705], [139.49790861348984, 35.51885841194654], [139.4979498165396, 35.51889033931807], [139.49802769770113, 35.51890619012031], [139.49806657907033, 35.518943798809644], [139.4981803221488, 35.518988089474504], [139.49829752066265, 35.51902981756583], [139.49841364160926, 35.51906871763679], [139.49851746999428, 35.51911837670078], [139.49863112070412, 35.51916531654767], [139.4986982887552, 35.51919306345434], [139.4988041654086, 35.5192463580087], [139.49890372722263, 35.51929965642805], [139.49899898184088, 35.51934845353451], [139.49904606860457, 35.519373805645586], [139.49914036962542, 35.519426171832336], [139.49923561843585, 35.51948064802044], [139.49932681901478, 35.51953745504424], [139.49940801322285, 35.5195929463307], [139.49948626519884, 35.51964431705402], [139.49954907449757, 35.519680147051965], [139.49961803144103, 35.519726723667596], [139.49967599335062, 35.51976849373072], [139.49972669703726, 35.51979562890234], [139.49977187971862, 35.5198283002765], [139.49982628281944, 35.51985257495076], [139.49987990894235, 35.51988836021791], [139.49994352506565, 35.5199323814181], [139.499965681825, 35.5199512921455], [139.5000249831441, 35.51999294125372], [139.50008224313402, 35.520038844205644], [139.50014936582673, 35.520087592634624], [139.50021994093922, 35.52014129708719], [139.5002596924334, 35.520169102115545], [139.50033715356952, 35.520224092381184], [139.50041189478938, 35.520273169387394], [139.5004846066936, 35.52032952306512], [139.50055682718175, 35.52038566352848], [139.50062858605844, 35.52044295574227], [139.50070359582284, 35.520493320369084], [139.50078416067953, 35.52055499995075], [139.50085353303768, 35.52062089382102], [139.50091986075063, 35.520684225075556], [139.50099654508958, 35.520742071702806], [139.5010691456356, 35.52080007958019], [139.5011448398647, 35.52085921384813], [139.50122481618484, 35.52092499920763], [139.50126940843288, 35.520966129780454], [139.5013518640906, 35.521036187023036], [139.50143071142648, 35.52109433972224], [139.50150463438484, 35.52115730376566], [139.50157208589664, 35.52121971541929], [139.50163166151611, 35.52127976131138], [139.50169009273372, 35.521327531014926], [139.50173725147093, 35.521370301366545], [139.50179848281456, 35.521410782957574], [139.50186223247374, 35.5214199211258], [139.50192621588437, 35.52139890378439], [139.50198431982372, 35.5213646021902], [139.5020351163263, 35.52132550589275], [139.50208992549128, 35.52128489292341], [139.50214628367542, 35.52123938036203], [139.50220907060407, 35.52119633585803], [139.50226773032463, 35.521135860248954], [139.50232368413293, 35.52108923202953], [139.50238545856058, 35.521042103498814], [139.50243631644426, 35.520995428916855], [139.5024908770232, 35.52095359141677], [139.5025452154883, 35.52091074796383], [139.50262357310322, 35.520849002934156], [139.50265416958194, 35.52082606671067], [139.50270332212452, 35.52077438378464], [139.5026830563408, 35.52073129426756], [139.5026403656998, 35.5206924365133], [139.5025973505266, 35.52065753279697], [139.50254312594075, 35.52060534169548], [139.50248132766927, 35.52055725915777], [139.50245535522888, 35.52053859998643], [139.50238272847128, 35.52047275311147], [139.50230946274334, 35.520405374936416], [139.5022640669267, 35.52036254586163], [139.50223609973835, 35.520320488744765], [139.5021902245246, 35.5202774383321], [139.5021560659167, 35.520239260997926], [139.50210585766942, 35.520198900683354], [139.5020697949807, 35.5201549494653], [139.50198165469536, 35.520086773878404], [139.50193298010493, 35.52005131436042], [139.50189689810028, 35.52001106654434], [139.50180533815137, 35.51995680800246], [139.50171516265473, 35.519884951349496], [139.5016628196296, 35.51984434608645], [139.50162218757606, 35.51980655463692], [139.50153166098696, 35.51973259666276], [139.50147973239893, 35.519693725634475], [139.5014440069078, 35.5196581007367], [139.50139165967238, 35.51961910238742], [139.50135118674964, 35.5195853592395], [139.50129978821258, 35.51954759522827], [139.501215122322, 35.51949018344504], [139.50113814251472, 35.519428544430106], [139.50105057698957, 35.5193657077318], [139.50098331965347, 35.519302213952784], [139.50089745356158, 35.51923961332804], [139.50080934803432, 35.51917949697488], [139.50072859082798, 35.51911634766811], [139.50062988936108, 35.51904732440471], [139.50055887859824, 35.51896299442926], [139.50046693211078, 35.51890314667211], [139.5003871952159, 35.51884310974242], [139.50029897857328, 35.518785087360875], [139.50021312361233, 35.51873185592298], [139.5001787303492, 35.518705090938035], [139.50013036809497, 35.51867472564825], [139.50009163276408, 35.51863523976994], [139.50004102689917, 35.51860432371239], [139.50000148704407, 35.51856986892956], [139.49991399536057, 35.518523963375586], [139.49986060405246, 35.518491776213914], [139.49982096285123, 35.51845712181954], [139.49976743984072, 35.51842532995273], [139.49972124738446, 35.5183999316217], [139.49962820968662, 35.51833808913862], [139.49957435885258, 35.51830393870614], [139.49952768500003, 35.51827582527671], [139.49947182169458, 35.518242991367416], [139.49941974047334, 35.518222042517564], [139.49936759389692, 35.51819039975141], [139.4992767888071, 35.51813265422478], [139.49920048180093, 35.518086861113574], [139.4991005088744, 35.51802536761056], [139.4990509026747, 35.517992092144304], [139.49900753502413, 35.517963577435836], [139.49895768275988, 35.517936954377475], [139.4988988030262, 35.51790589126305], [139.49882863174057, 35.517868934311664], [139.4987517027251, 35.51782774909829], [139.498668271558, 35.517782557662635], [139.4985860965292, 35.51773931977703], [139.49850394686484, 35.51769763493193], [139.49842582183743, 35.5176585409179], [139.49834676146216, 35.5176255255514], [139.49827439354632, 35.51759199527264], [139.49818819896947, 35.51756301048861], [139.49811378075614, 35.51753994580827], [139.4980562647402, 35.517496566089555], [139.49799361260492, 35.51747660517922], [139.4979220490279, 35.517430594993385], [139.49785653831276, 35.5174074476503], [139.49778564048466, 35.51738638540337], [139.49777312062062, 35.51733887116354], [139.4977908542147, 35.517302380605194], [139.49784152304247, 35.51726352749349], [139.49788635963617, 35.51721646152683], [139.49794420112656, 35.51716313286311], [139.4979952041725, 35.51710273743577], [139.49806242743054, 35.51705125604035], [139.4981290699686, 35.516988573117416], [139.49818756313246, 35.51692792955192], [139.4982552232699, 35.51686386760888], [139.49833028101364, 35.5168015953826], [139.49839824233877, 35.516741025318524], [139.4984622644106, 35.51668454068305], [139.49853797230858, 35.51662329734214], [139.4986087388865, 35.51656512072489], [139.49867135283046, 35.516501611348744], [139.49875343785087, 35.51642081724671], [139.49881245846575, 35.51636602970771], [139.49884509006534, 35.51633431773584], [139.49891339084618, 35.51626138957287], [139.49898256027524, 35.51621807927576], [139.49903508150908, 35.51617559238521], [139.49909599622882, 35.516130498266264], [139.49914120536445, 35.51608962618842], [139.49919155046223, 35.516042804062565], [139.49924107161132, 35.51600567627815], [139.49926937443672, 35.51598087163654], [139.4993267046365, 35.515925902341934], [139.49937008867383, 35.51588080807906], [139.49941198117858, 35.515834792773454], [139.49946882621447, 35.51578919583969], [139.49952123796027, 35.51574039260398], [139.4995671092407, 35.51570159137448], [139.4996189576291, 35.515682000371605], [139.49969925115224, 35.51567625006825], [139.49975409317133, 35.51570069759495], [139.49979695037038, 35.515740868589084], [139.49981804985669, 35.51575776876987], [139.49988088077137, 35.51580355062158], [139.49994159505684, 35.51585338209543], [139.50000651082786, 35.51590486155361], [139.50006796672704, 35.51598215449812], [139.500131109359, 35.51605736303695], [139.50020836540844, 35.51611759739077], [139.50029176881642, 35.51617391959744], [139.50038267616486, 35.516230759027096], [139.5004505606268, 35.516284346379194], [139.5005293684656, 35.516346226130175], [139.5006084861503, 35.51640129330895], [139.5006822578282, 35.51645712340351], [139.50076461490664, 35.51651411455227], [139.5008488954741, 35.51655214741787], [139.50091467433037, 35.51659290837005], [139.5009666266746, 35.51662628982733], [139.50100660967703, 35.51666021207824], [139.50106299869583, 35.516710782730335], [139.50112068325961, 35.51673690222879], [139.50116949985807, 35.51675675664991], [139.50121745485598, 35.516794783184395], [139.50125600365578, 35.51684319342633], [139.5012214157911, 35.51689689354692], [139.50118610342489, 35.5169345286731], [139.5011327774047, 35.51699086711512], [139.50110380572966, 35.5170452239955], [139.50110144535233, 35.517085216878705], [139.50112015488276, 35.517133880836234], [139.50114090923356, 35.517184167906024], [139.5011653530605, 35.5172325467567], [139.50118847616176, 35.51728897906226], [139.50120080507736, 35.51734780383934], [139.5012175376683, 35.51742653001757], [139.50122490606472, 35.517477326485626], [139.5012424077241, 35.51751387190506], [139.50128236926156, 35.517531018128736], [139.50136088645252, 35.51752204389261], [139.50142589476172, 35.5175092668789], [139.50149028983697, 35.517501542938795], [139.50155646870834, 35.51753766187438], [139.50158031565644, 35.51752655596313], [139.5016306563936, 35.517589095841714], [139.50168684233796, 35.51763061948729], [139.50174604299693, 35.517668497115416], [139.50181292570875, 35.51770662346657], [139.5018834728952, 35.517749813344466], [139.50195864009933, 35.51779417235749], [139.50202854337164, 35.51784079728642], [139.50209790734513, 35.517885121694775], [139.50216505541297, 35.51792618315273], [139.5022217692938, 35.517966377821004], [139.50228920459338, 35.51800397957396], [139.502353244272, 35.51804165420505], [139.50239881894433, 35.51807124894781], [139.5024441205811, 35.518105855208155], [139.50252450226455, 35.518149959404006], [139.50254765905785, 35.51816278011411], [139.50261564622608, 35.51819185063204], [139.50264494861503, 35.51820962656358], [139.50269540885594, 35.51825736699496], [139.50276407545306, 35.51830438292274], [139.5028152291178, 35.51831645008817], [139.50284023969544, 35.51827952953368], [139.50288150748736, 35.518230844975406], [139.5029280190357, 35.518173130117425], [139.50296867872134, 35.51811619451954], [139.50299875395055, 35.518075054731334], [139.50303819317818, 35.51801271597234], [139.50306265763504, 35.517976968306726], [139.50307743162068, 35.51794930029819], [139.5030849328236, 35.51787266840089], [139.50301348331948, 35.51782067059693], [139.5029869932033, 35.51780622835169], [139.50292653255778, 35.51775839710232], [139.5028599039186, 35.517710109203264], [139.50280204901077, 35.517664637628805], [139.50271742631355, 35.51761064966511], [139.50263180848884, 35.51756328941805], [139.50255155046128, 35.517506090431425], [139.50247460824926, 35.51745578921587], [139.5024003594869, 35.51740907240163], [139.50232634663635, 35.51736153106045], [139.50225365948722, 35.51730167788931], [139.5021817110339, 35.51724903268532], [139.5020991597862, 35.51719808335793], [139.50202056916496, 35.517150423862944], [139.50193800875647, 35.51710656127192], [139.50185616821818, 35.51705450930866], [139.50176576603752, 35.51700030142965], [139.50166755858135, 35.51694036964188], [139.5015760048559, 35.516874074834035], [139.5014756932241, 35.51681138504278], [139.5013747746722, 35.5167533861122], [139.50127197748185, 35.5166887510112], [139.50117645021825, 35.51662181343655], [139.5010653679595, 35.51655763049247], [139.50096108076147, 35.516486105170124], [139.5008591848472, 35.516421457688054], [139.5007630334727, 35.5163651089322], [139.5006694009104, 35.51629268679289], [139.50056876973102, 35.516220458193054], [139.50047811212423, 35.51615168482342], [139.50038352154127, 35.516084298614], [139.50029877905553, 35.51602202187896], [139.50020957123007, 35.51596256339014], [139.50011819696726, 35.515894454393454], [139.50004140127132, 35.51582964335181], [139.4999725662638, 35.51577473819127], [139.49991868535542, 35.51572989593968], [139.49986787055627, 35.51568386397342], [139.49979606260442, 35.51560444449809], [139.4997658120806, 35.515542629660274], [139.49979898817347, 35.51549055542072], [139.49984209264886, 35.515454536856794], [139.4999042776579, 35.515414388528036], [139.49995690567886, 35.51537417918102], [139.50001430288873, 35.51534604316635], [139.50008868186225, 35.515277613738], [139.5001344140351, 35.51526624896528], [139.50020687305627, 35.515285844592654], [139.50024960871988, 35.51531437102361], [139.50029306731236, 35.51535594935426], [139.50033855557632, 35.51539720332189], [139.50034988966163, 35.51540858578492], [139.5004072449891, 35.51545483665732], [139.5004690542732, 35.51550444071302], [139.5005245375683, 35.515549818327116], [139.50058216535837, 35.51558417085885], [139.50066385222308, 35.51565222315925], [139.500721233239, 35.515698677656225], [139.50077018048293, 35.51574478677187], [139.50081932340083, 35.51578905603368], [139.50086847828445, 35.51582116683333], [139.50092854236757, 35.51586724321816], [139.50098105467416, 35.515885442496455], [139.50104358867708, 35.51588756331149], [139.50109249346326, 35.51585147650491], [139.5011366888041, 35.51580838222343], [139.50118527648172, 35.515757699829095], [139.50122130554462, 35.51570973452902], [139.50125970699688, 35.515666653992966], [139.50129400483496, 35.51561722154025], [139.5013189661403, 35.51556219686814], [139.5013454005877, 35.51551105815322], [139.50136089401775, 35.515456125802615], [139.50138373950924, 35.51540514043221], [139.5014033311781, 35.51534445333352], [139.5014263443574, 35.5152847985713], [139.50144930377155, 35.51522990483881], [139.50147168950124, 35.51518011089568], [139.5014936965229, 35.515117445797735], [139.50150884893176, 35.51507263721782], [139.501553420593, 35.515047535905346], [139.50161546141496, 35.5150443049493], [139.50166819322416, 35.51506326304888], [139.50171930368467, 35.51508164981529], [139.50177445827975, 35.51509921167615], [139.50184901270273, 35.51512747811863], [139.50191463390945, 35.51514193862037], [139.50198694392864, 35.515153368624794], [139.50203375258303, 35.515129616719], [139.5020649714783, 35.515084988429614], [139.50208206646712, 35.51504448780256], [139.50209184555885, 35.51499180149474], [139.50210577923144, 35.514946569339806], [139.50214395108765, 35.51486520751751], [139.50214544964206, 35.51482701894008], [139.50212411566338, 35.514768100663126], [139.50207960358773, 35.51474602134388], [139.50202322908592, 35.51473455054412], [139.5019610131528, 35.51472816298525], [139.50188432678652, 35.51471192889415], [139.50180498036485, 35.51469484274501], [139.50171476471374, 35.514678953740194], [139.50162410467618, 35.51466108085333], [139.50158724732884, 35.51465349042076], [139.50149747037545, 35.514633784938994], [139.50141047331684, 35.51461233255526], [139.50132313096492, 35.51459479350054], [139.5012367402853, 35.51458107906695], [139.50115233366137, 35.514568759004675], [139.50110176799072, 35.51456065618651], [139.50102648813893, 35.514531374621114], [139.50095731932112, 35.51452818530691], [139.50086984578834, 35.51450994370458], [139.5008106462464, 35.514472575437935], [139.50074559539044, 35.51446056770466], [139.5006829371567, 35.51444026666308], [139.50063261019568, 35.51440607901111], [139.50060909421092, 35.51437412574269], [139.5005916451985, 35.514331022854115], [139.500614664382, 35.51424967859668], [139.50062452216494, 35.514209071860066], [139.50061067111167, 35.51414965656904], [139.50060953483896, 35.51414274608566], [139.50059827177645, 35.51404505495344], [139.50060180328438, 35.513974549700805], [139.5006033000905, 35.513899105823484], [139.50060070770627, 35.51381612407755], [139.50060237526796, 35.513724950385075], [139.50060149102208, 35.51363403164031], [139.50059597695872, 35.51353783268612], [139.50059561194996, 35.51344251190642], [139.5005938893005, 35.51334557690663], [139.50059467097316, 35.51325032376678], [139.50059892368267, 35.513151773831716], [139.50060554638378, 35.51305237993183], [139.50060490327942, 35.51299963646961], [139.5006202917104, 35.51295557183382], [139.50062815340212, 35.51290371325347], [139.50064568919504, 35.512857757200095], [139.50065430516395, 35.5128096878656], [139.50067611820046, 35.51276246624913], [139.50068016572195, 35.51271679209729], [139.50070359224347, 35.51266972455036], [139.5007440874198, 35.5126309252055], [139.500792499919, 35.51253874371871], [139.50082738736316, 35.512489787871424], [139.500843181991, 35.51244557685924], [139.50089870065028, 35.5123579604252], [139.5009519668001, 35.51226887543934], [139.50100249138197, 35.51217899750001], [139.50105136567666, 35.51209018320669], [139.50110218850392, 35.51200232050309], [139.5011529061373, 35.51192089390727], [139.50118050908856, 35.511872558073016], [139.50122976622637, 35.51179238277961], [139.50127292553918, 35.51170825760638], [139.5013312609996, 35.51163094581578], [139.50139344854847, 35.51155793855391], [139.50142692599954, 35.51152479476844], [139.50151208673117, 35.51145894641646], [139.50156014352171, 35.51142408748556], [139.5016942405803, 35.511351324923545], [139.50178812892437, 35.51129963018438], [139.50184494161536, 35.51127566489147], [139.50190024259663, 35.511249689065195], [139.5019931934317, 35.511224281267175], [139.50208602922584, 35.51120502114183], [139.50217815218392, 35.51119223832728], [139.5022611219083, 35.51117937511555], [139.50235080334417, 35.51117682773199], [139.50242885588497, 35.51116599106497], [139.5025123327855, 35.51117446069075], [139.50259040125218, 35.51116426537535], [139.50265417387445, 35.511165774374014], [139.50271718421067, 35.51117849991775], [139.50276711221323, 35.51119347963163], [139.50281879290546, 35.51119153579158], [139.5028805209402, 35.511181746561476], [139.50299295795142, 35.511170584005235], [139.50305361219617, 35.5111604057806], [139.50312139910704, 35.51115339112644], [139.50319066524693, 35.511155805361845], [139.50321505268587, 35.5111561874145], [139.50329658561188, 35.511148288370705], [139.50338500118826, 35.51115107241475], [139.50347034588466, 35.51114675594595], [139.50355334487986, 35.51115225436764], [139.503641501971, 35.51115843058888], [139.50372991652955, 35.51115718370867], [139.50381029331183, 35.51115084452001], [139.50389775322026, 35.51114589240897], [139.50397692240378, 35.511146350886115], [139.50405960836554, 35.511152383760894], [139.5041281946266, 35.51116011624454], [139.50419401897835, 35.51116146106935], [139.5042681498427, 35.51117313659351], [139.50434684838476, 35.511181244767286], [139.50440246857994, 35.511186316053724], [139.50444257534605, 35.51123353511088], [139.50444609361344, 35.511290673007586], [139.50444463819113, 35.51134563248922], [139.50444889246813, 35.51142002210848], [139.5044497743482, 35.511473443906084], [139.5044505760393, 35.51153701401702], [139.50444687401117, 35.511591207758684], [139.50444405233313, 35.51161436271472], [139.50445083947284, 35.51167468620958], [139.50446318718292, 35.511734193510655], [139.5044784959036, 35.51178849133144], [139.50450777246257, 35.5118366564334], [139.50453972744256, 35.51188286258929], [139.5045914572836, 35.51193148733489], [139.50465426598743, 35.511956265137584], [139.5047186657417, 35.51193800920389], [139.50475031942594, 35.51190273775431], [139.50478728873117, 35.51185341750036], [139.50482612991064, 35.51180373462969], [139.5048731984965, 35.511740862438906], [139.50491033045336, 35.51168807699946], [139.5049363989507, 35.51164780151672], [139.5049689629963, 35.51157542367597], [139.5049627124341, 35.51152997604048], [139.5049593064509, 35.51148125177885], [139.50495447687007, 35.511432082910524], [139.50495366645674, 35.511384028737034], [139.50495134246196, 35.51133532586854], [139.50495512796525, 35.51128492262455], [139.5049882611293, 35.51123129530165], [139.50502507217888, 35.511201730042956], [139.50509414405425, 35.51117220069233], [139.50514972224977, 35.5111795401693], [139.50518375340332, 35.511197055670245], [139.50522841596245, 35.511224282683045], [139.50530758803663, 35.51127678367991], [139.50532943253566, 35.511289234350855], [139.50538938544628, 35.51132045757567], [139.5054428619044, 35.511352579721006], [139.50550601662323, 35.51138368706815], [139.50556256550308, 35.51141572291892], [139.50563999479854, 35.51146260520364], [139.5056861084651, 35.511513238574615], [139.5056897371672, 35.51157149905189], [139.50567050917905, 35.51162809152989], [139.50565254028007, 35.51167377662449], [139.50562562209709, 35.511726824574104], [139.50560338117415, 35.51179210444861], [139.50557319176923, 35.51185509185343], [139.50553926555034, 35.511921739722396], [139.50550717087512, 35.5119918789648], [139.5054679834217, 35.51206317909416], [139.50543348305416, 35.51213068384657], [139.50539663573758, 35.51220513822167], [139.5053694770563, 35.512277472633095], [139.50533444179416, 35.51234891203161], [139.5053030488117, 35.51242322796138], [139.5052711268299, 35.51249745550946], [139.50523997950623, 35.51256849428019], [139.50521255991794, 35.51263869690201], [139.505184721224, 35.51270639359766], [139.5051561549697, 35.51277152541139], [139.50512934502802, 35.5128321774366], [139.5051059805281, 35.51289469177528], [139.50507738818726, 35.51296266412658], [139.50504942684506, 35.513023314696454], [139.50502008268313, 35.51307809715927], [139.50499464264306, 35.51312937508889], [139.50496948659207, 35.513177770069085], [139.5049514772249, 35.51321917178769], [139.5049254583718, 35.51327666764534], [139.50489873636658, 35.51332822346556], [139.50488613870434, 35.513358013975115], [139.50487271196337, 35.51339426246757], [139.5048340908639, 35.513465099557145], [139.5048258740879, 35.51349540070907], [139.5047997022895, 35.513555642160966], [139.50476440183078, 35.513626433008135], [139.504729249249, 35.513695437738534], [139.50469169238505, 35.513773209498844], [139.50465615738966, 35.51384624796785], [139.50464748509592, 35.51388114777602], [139.50463372319444, 35.51392856009332], [139.5045958863619, 35.51399287671252], [139.50455642146594, 35.51406731234475], [139.5045250212044, 35.51414183273358], [139.5044914574003, 35.51421952060891], [139.50445849127183, 35.514297014061576], [139.50442235362988, 35.51437509420124], [139.504383822781, 35.5144527298866], [139.50434755363503, 35.51453643265433], [139.50431507799553, 35.51462149925688], [139.5042730298724, 35.5147044863221], [139.50423214518875, 35.51479211168254], [139.50418919184344, 35.51488135460731], [139.50415492876093, 35.514969809512515], [139.50412493652755, 35.51505715823133], [139.50409925339156, 35.51513728520839], [139.50407992920648, 35.515210570688], [139.5040694079174, 35.51527924651253], [139.5040627405843, 35.515336191945174], [139.5040566010954, 35.51541545255181], [139.50404410241725, 35.51547190518106], [139.50399807494028, 35.51550061320063], [139.5039196854429, 35.515489974715685], [139.50384972172526, 35.515480964820945], [139.50381339011358, 35.51547754370431], [139.50371703581376, 35.515471848465864], [139.50362190168423, 35.515457863855396], [139.50352106582062, 35.5154502959479], [139.5034144591523, 35.51543497664649], [139.50331415581226, 35.515415541931894], [139.50322535410083, 35.51539615672453], [139.50313436628247, 35.51536697097869], [139.50305478039536, 35.51534759889664], [139.50296896992037, 35.51533092666487], [139.50290126859082, 35.515304800197384], [139.50282873035692, 35.515294902769206], [139.50276118270676, 35.515281464533025], [139.50268124752046, 35.51525509431214], [139.5026245045253, 35.515245117171226], [139.50255559598148, 35.51523155342222], [139.50251854177034, 35.51526590321641], [139.50248334703267, 35.51532213494155], [139.50247733843358, 35.51534168852982], [139.502455624663, 35.51539593826853], [139.50243680302304, 35.515457946318854], [139.50241257522356, 35.51552331414134], [139.50238373155463, 35.515583764828946], [139.5023550749226, 35.515649397535505], [139.50233104910018, 35.51571866234803], [139.50230377327455, 35.5157818454278], [139.50228445294465, 35.51584599494407], [139.50226450680535, 35.51590794198926], [139.5022481783722, 35.51596434082711], [139.50223003160787, 35.51601416472476], [139.50219818413305, 35.51609737769198], [139.5021969565814, 35.5161533202731], [139.50225554553967, 35.5162055379796], [139.50229993169916, 35.516234106571865], [139.50234801825337, 35.51626479711893], [139.50243840788664, 35.51630809245698], [139.50249469873955, 35.516344417022445], [139.5025635082976, 35.516370924173174], [139.50262363043745, 35.516368186374656], [139.50263948010254, 35.51632964429557], [139.50265376332555, 35.516289066859535], [139.5026678175486, 35.516247784771195], [139.50269052446723, 35.51619713624883], [139.5027124279539, 35.51613925739261], [139.50274282541213, 35.51608467875991], [139.50276040602708, 35.51602845132395], [139.50277965061287, 35.51598209137773], [139.50280575349245, 35.515932273746245], [139.5028244984553, 35.51588712981257], [139.50285842737625, 35.51581699837778], [139.50286035204985, 35.51576431935113], [139.50283665677455, 35.515728021670945], [139.50278880537516, 35.51571775883185], [139.50273125457372, 35.51570891561926], [139.5026415810842, 35.51569105731384], [139.5025790954151, 35.51567845069444], [139.50250544098185, 35.5156649063942], [139.5024554271689, 35.51565243096954], [139.5024293363471, 35.515606423671485], [139.50244579536624, 35.515552302509704], [139.50246628388297, 35.515506681184696], [139.5024732954496, 35.51548508080196], [139.50249644779507, 35.51539047338132], [139.50251544998184, 35.51532516079301], [139.50253949240067, 35.51525699898806], [139.50255196075847, 35.51522855922595], [139.50258209764823, 35.51515581306689], [139.50261521805797, 35.51508476043951], [139.50263929706048, 35.51501273023409], [139.5026740265266, 35.51493687743853], [139.50269266845484, 35.514873286581015], [139.50272633995837, 35.514812501771615], [139.5027603985532, 35.51474408522573], [139.50278119280924, 35.51468040367908], [139.5028108169595, 35.514605800912925], [139.50284888598227, 35.51453422766675], [139.50287977625425, 35.5144715937986], [139.5029163851615, 35.514401550724514], [139.50295046992548, 35.51432634912102], [139.50297408967086, 35.51426035345192], [139.50301734191396, 35.514190549929296], [139.50305104080837, 35.51412269129775], [139.50308384005118, 35.51405892014395], [139.5031216677444, 35.51400277519647], [139.50314894418986, 35.51394709760145], [139.5031742782743, 35.51390218975773], [139.50322957048004, 35.51383533342487], [139.50332554389314, 35.513835099928016], [139.5033456464637, 35.51384386998876], [139.50341078242676, 35.51385515166491], [139.5034793788021, 35.5138819619296], [139.50355535856454, 35.513907100077205], [139.50363607548363, 35.513932520863], [139.50372176129682, 35.51396184958016], [139.5038067336474, 35.513989974612095], [139.50389492789404, 35.51401916826491], [139.50398047612285, 35.51404776183535], [139.50406137522043, 35.51407552798006], [139.5041394803857, 35.51410099839673], [139.50420956674603, 35.514124395309466], [139.5042701634434, 35.51414606849557], [139.5043654685311, 35.51419098721261], [139.50441419319344, 35.5141958408987], [139.50447935341856, 35.514190837835734], [139.5045415171627, 35.51416618008187], [139.50457395598724, 35.514132589564305], [139.50459732218042, 35.51408954301153], [139.5046166761485, 35.51404500105947], [139.50464254847336, 35.513988225753266], [139.5046684622834, 35.51392344811703], [139.50468976272956, 35.51386072361324], [139.50471293965091, 35.51379902027209], [139.50471981671265, 35.51375603059148], [139.50474998219678, 35.51369524223602], [139.5047699671298, 35.51364252330363], [139.5047657410755, 35.513597043791165], [139.50481844817105, 35.51355581490587], [139.50483170051342, 35.513517611071066], [139.50482707264305, 35.513445991855], [139.5047451986009, 35.51339776567965], [139.50468550634682, 35.51337569429561], [139.50461711913437, 35.513353715994135], [139.50453131473682, 35.513331094074054], [139.50444648835654, 35.51330241640286], [139.50435866825424, 35.51327211669967], [139.50426012102366, 35.51323884610403], [139.5041634597418, 35.51319799695064], [139.50406955600786, 35.5131557021456], [139.5040283669042, 35.51312845763885], [139.50397797933556, 35.513101203360975], [139.50388136804813, 35.51305178379536], [139.50379669409193, 35.512991444154274], [139.50371081836948, 35.51293212629242], [139.5036312803336, 35.512864691667765], [139.50359392401955, 35.51282968784106], [139.50355105401047, 35.5127905946738], [139.50347873875998, 35.51271760214106], [139.5034151168339, 35.51264159874846], [139.5033546063199, 35.51256522951578], [139.50330020449925, 35.51248441849391], [139.5032475990662, 35.5124061500078], [139.50319546839586, 35.51232201237799], [139.50315679272646, 35.51224150699547], [139.5031198037276, 35.51214939958156], [139.5030842196287, 35.51205139781285], [139.5030582688499, 35.511964781669754], [139.50303810329783, 35.51187080085845], [139.50301664733564, 35.51177275348988], [139.5030112910665, 35.51167508933542], [139.50301149795354, 35.511591583514814], [139.50301677029088, 35.51150517136014], [139.50301453572803, 35.51141793155486], [139.50300834944755, 35.51132259516922], [139.50299490822798, 35.51123687543593], [139.50299823708318, 35.51115610518717], [139.503001618507, 35.51106764762293], [139.5029927832317, 35.510982098076326], [139.50300201369024, 35.51089914025543], [139.50300968502208, 35.51084288576824], [139.5030066335695, 35.51078820764964], [139.50300757962975, 35.51070336858411], [139.5029987290369, 35.510656698305034], [139.50299740643322, 35.51057573836729], [139.50299743441383, 35.51052859997822], [139.50299390109106, 35.510481286979115], [139.50299402582488, 35.51042222675581], [139.50299589061123, 35.510358342784265], [139.5029953814608, 35.51028932459046], [139.50299676644977, 35.51021663464561], [139.5030023278916, 35.51012956661586], [139.5030073642493, 35.510052952430286], [139.50300760119254, 35.50997532688745], [139.5030081089991, 35.50989934560547], [139.50300522599994, 35.50982181404561], [139.50300014541983, 35.50974855886635], [139.50299772930555, 35.50967508358539], [139.50300112225355, 35.509605681841364], [139.50299659385823, 35.50954117112087], [139.50300030322492, 35.509489348652174], [139.50300087827887, 35.509440507405955], [139.50302699035257, 35.50937483773615], [139.50302752180215, 35.50934165145083], [139.50302358660272, 35.509294855887894], [139.50302750351426, 35.50920477727626], [139.50302192076313, 35.50917709113553], [139.50302011970808, 35.50911122879829], [139.50301772479918, 35.509040690499305], [139.5030248021392, 35.50895776228871], [139.50301914292208, 35.50888182810192], [139.50301238671068, 35.508791860333254], [139.50301016301722, 35.50871053316582], [139.5030100084911, 35.50862257319408], [139.50300706319217, 35.50853641072766], [139.50299808823038, 35.50844989009989], [139.5030005682244, 35.50841457594934], [139.50299760116863, 35.508358005338785], [139.5030088432121, 35.50825762136362], [139.50301760241763, 35.50821211615508], [139.5030132557523, 35.50815671353181], [139.50301704072356, 35.50806338219855], [139.50302304395922, 35.508017027783815], [139.50302017040343, 35.507959960670185], [139.50301438291032, 35.50786521486292], [139.50301342916066, 35.507763890806494], [139.50302317774853, 35.50771834540117], [139.50301879683929, 35.50765922039353], [139.5030212351037, 35.50761406382316], [139.5030164549202, 35.50755555218841], [139.50302319329654, 35.507509629331295], [139.50301946311095, 35.507451427963495], [139.5030273583513, 35.50740354811978], [139.50302339970813, 35.50734639658313], [139.50301726759096, 35.5072481095383], [139.50301793450058, 35.50714848681724], [139.50301158356714, 35.50705162056505], [139.50301335771783, 35.506951931421824], [139.50302308741976, 35.50685333309875], [139.5030345932066, 35.50680707954528], [139.50304615137227, 35.50675007354682], [139.5030752007151, 35.506649985135084], [139.503093396331, 35.506603116414645], [139.50311456630683, 35.506545764150644], [139.50313065535383, 35.50650110702552], [139.50315727604692, 35.5064433029394], [139.50317599578312, 35.5064009015972], [139.50320673293737, 35.50634232039242], [139.50326121346944, 35.50624326509683], [139.50331744181688, 35.50614457467323], [139.50337616600928, 35.50604510973239], [139.5034044381454, 35.50600298312607], [139.50343905078202, 35.50594120251081], [139.50346020487012, 35.50589382985291], [139.50349577611107, 35.50583472647358], [139.50351769391995, 35.5057895600121], [139.5035530515806, 35.505732989581325], [139.50357798321863, 35.505686558459175], [139.50361125249475, 35.50563226729804], [139.50366605869775, 35.50553413629517], [139.50372108231858, 35.50543695542755], [139.5037437257226, 35.505392744403444], [139.50377740648278, 35.50534118016587], [139.50379927035382, 35.50529793986597], [139.50383428472745, 35.505243168191754], [139.50385685728781, 35.50520138579822], [139.50389303755063, 35.50514663759213], [139.50394364946456, 35.505048320816655], [139.50396114997062, 35.50500260832613], [139.504000007202, 35.50494704215184], [139.50405791580675, 35.504848481295745], [139.50411355148756, 35.50474965327587], [139.50413051514036, 35.504701472062465], [139.50417061152598, 35.5046469176485], [139.5041893517251, 35.50460108759068], [139.50422794413862, 35.504548274061406], [139.50425155549542, 35.50450340546477], [139.50430605451842, 35.50440998309467], [139.50435585281616, 35.5043166229223], [139.5043851991405, 35.50426815838075], [139.504422742971, 35.50417592161925], [139.5044421007603, 35.50408045081462], [139.50447640937887, 35.50394266840957], [139.504482956404, 35.50388832268093], [139.50448321134226, 35.5037957382679], [139.5044777994633, 35.503699458601034], [139.50446846572882, 35.5036127104413], [139.50445407615504, 35.50356505765911], [139.5044414563649, 35.5035145739864], [139.5044167756965, 35.50342526728859], [139.5043934268611, 35.503346938374335], [139.50435439599863, 35.503262639947096], [139.50430955353184, 35.503190624169974], [139.50429373820825, 35.50316369028473], [139.5042579281185, 35.503119627985434], [139.50421353473064, 35.50304295493336], [139.50413749160208, 35.50297343446361], [139.50406798177215, 35.50290163461468], [139.50403044871788, 35.50286833416593], [139.5039802309187, 35.502830329290255], [139.50388640141588, 35.50276553709873], [139.50378759769518, 35.50270458789848], [139.50368197505549, 35.50264352536978], [139.50363367635887, 35.50261542735781], [139.50356972458275, 35.50258255592637], [139.50352008862848, 35.50255515770821], [139.50345370375368, 35.50252161524609], [139.50340623540717, 35.50249684386239], [139.50333980298873, 35.502463103619725], [139.50323107413294, 35.502406244575674], [139.50311817082044, 35.50234946213439], [139.50301163029218, 35.502294756819985], [139.50289857013408, 35.50223815821737], [139.5027939365839, 35.5021640997251], [139.50268565443062, 35.50210793839091], [139.50257619531595, 35.502055664342286], [139.50247457802294, 35.50199483677925], [139.5023669297603, 35.501938489733966], [139.50226043998447, 35.50188579375438], [139.50216445723342, 35.5018274675991], [139.50208028087366, 35.50177696669403], [139.502005123029, 35.501737146285635], [139.50195145287032, 35.5017112851628], [139.50189286895875, 35.50166513516176], [139.50186169589978, 35.50162214959324], [139.50182031886737, 35.50156848526669], [139.50177388284933, 35.50152474226167], [139.5017002925037, 35.501505509692684], [139.50164439758748, 35.50152778278867], [139.50163434825387, 35.50149883560497], [139.5016313666719, 35.50144570242953], [139.50162779391218, 35.50144535478912], [139.50162810309376, 35.50144851797628], [139.50162809465516, 35.50144852795794], [139.50161240174884, 35.50149432344285], [139.50162810148217, 35.501448640115605], [139.50159879722705, 35.50148625991718]]}}]}